customer_location,customer_count,transaction_count,total_transaction_amount_inr,average_transaction_amount_inr
MUMBAI,101730,103596,179689116.82,1734.5179043592416
NEW DELHI,83564,84928,160705852.89,1892.2599483091558
BANGALORE,80347,81555,118424843.07,1452.0856240573844
GURGAON,72856,73818,112094694.43,1518.527925844645
DELHI,70067,71019,106224939.75,1495.7256473619736
KOLKATA,19874,19974,60600310.18,3033.9596565535194
CHENNAI,29823,30009,44637821.43,1487.4811366590022
NOIDA,32570,32784,44463433.11,1356.2540602122986
PUNE,25710,25851,39590348.75,1531.4822927546322
HYDERABAD,22929,23049,36177394.43,1569.5862913792355
THANE,21404,21505,27158100.63,1262.8737795861427
GHAZIABAD,15769,15834,26092928.93,1647.9050732600733
AHMEDABAD,12229,12264,20992875.04,1711.7478016960208
NAVI MUMBAI,13036,13080,20949549.56,1601.6475198776757
FARIDABAD,11280,11318,14986075.02,1324.0921558579255
CHANDIGARH,9503,9526,14918924.57,1566.126870669746
JAIPUR,9890,9921,14066858.56,1417.8871646003427
LUCKNOW,7743,7763,11903215.41,1533.326730645369
ALLAHABAD,1968,1972,11729379.42,5947.9611663286005
MOHALI,6720,6741,10576318.4,1568.9539237501856
VISAKHAPATNAM,4440,4452,9603918.79,2157.2144631626234
LUDHIANA,4923,4928,8456647.46,1716.0404748376625
SURAT,5755,5770,7424737.23,1286.7828821490468
COIMBATORE,3560,3564,7029299.23,1972.3061812570147
DHANBAD,1103,1105,7002394.53,6337.008624434389
VADODARA,3879,3890,6894205.04,1772.2892133676094
INDORE,3883,3891,6888931.11,1770.4783114880495
MEERUT,3367,3395,6157819.37,1813.7906833578793
NASHIK,4962,4970,6072649.43,1221.8610523138832
AGRA,3635,3636,5954770.56,1637.7256765676566
AMRITSAR,3821,3823,5686350.88,1487.4054093643736
JALANDHAR,2835,2837,5493121.13,1936.24290800141
DEHRADUN,4291,4301,5486460.8,1275.62445942804
PANCHKULA,3304,3311,5293086.65,1598.636861975234
KANPUR,3533,3542,5082421.76,1434.901682665161
NAGPUR,3582,3586,5080899.81,1416.8711126603457
GUWAHATI,2864,2867,5024800.16,1752.633470526683
GUNTUR,2855,2859,4653156.18,1627.546757607555
ERNAKULAM,2249,2251,4650843.47,2066.1232652154595
AURANGABAD,3303,3310,4499431.84,1359.3449667673715
PATIALA,2168,2172,4410138.52,2030.450515653775
PATNA,2600,2603,4379556.23,1682.5033538225127
GREATER NOIDA,3254,3264,4113099.36,1260.1407352941176
UDAIPUR,2663,2670,3961250.25,1483.6143258426966
BHOPAL,2750,2752,3908069.66,1420.0834520348837
SECUNDERABAD,2116,2119,3797860.39,1792.2889995280793
RANCHI,2258,2260,3624683.26,1603.8421504424778
KARNAL,1541,1548,3618455.59,2337.5036111111112
RAIPUR,1780,1781,3357982.6,1885.4478382930938
JODHPUR,1417,1420,3287281.61,2314.9870492957743
PANIPAT,2062,2065,3287036.05,1591.7850121065374
JAMMU,1253,1253,2968312.92,2368.9648204309656
RANGA REDDY,2780,2787,2930786.15,1051.5917294581986
RAJKOT,1835,1842,2870339.9899999998,1558.2736102062975
SONIPAT,1927,1927,2823093.03,1465.0197353399064
HOWRAH,2067,2070,2802968.09,1354.0908647342994
MANGALORE,1587,1588,2784968.29,1753.7583690176323
BENGALURU,2187,2192,2659227.96,1213.1514416058394
ZIRAKPUR,1886,1886,2577033.36,1366.4015694591728
DUBAI,492,492,2518733.37,5119.376768292683
BHUBANESHWAR,1263,1263,2447068.57,1937.5048060174188
KOTA,1252,1253,2428156.96,1937.8746687948922
BAREILLY,1586,1588,2416891.9,1521.9722292191436
KOCHI,1123,1126,2270163.84,2016.131296625222
REWARI,2214,2217,2266917.37,1022.5157284618855
THANE WEST,763,764,2247123.26,2941.2608115183243
THRISSUR,960,961,2209553.0,2299.222684703434
VIJAYAWADA,1185,1188,2208802.73,1859.2615572390573
TRIVANDRUM,1067,1075,2089121.65,1943.368976744186
NORTH 24 PARGANAS,1906,1907,2013949.24,1056.0824541164131
KOTTAYAM,1358,1359,1982426.28,1458.7389845474613
HOSUR,1485,1486,1976828.96,1330.302126514132
VARANASI,1247,1248,1967542.74,1576.5566826923077
JAMSHEDPUR,1577,1582,1937709.0,1224.847661188369
WARANGAL,1402,1406,1937434.61,1377.976251778094
DURGAPUR,894,895,1932972.8800000001,2159.7462346368716
ANAND,485,485,1927860.06,3974.9691958762887
YAMUNANAGAR,968,971,1884528.05,1940.811585993821
KOLHAPUR,1706,1709,1871436.44,1095.0476535985956
SAHARANPUR,1428,1429,1860773.3599999999,1302.1507067879636
TRICHY,931,936,1846617.49,1972.8819337606838
MORADABAD,1389,1390,1839942.77,1323.699834532374
ALWAR,1993,1995,1826629.76,915.6038897243108
KHARAR,1378,1381,1800099.18,1303.4751484431572
ROHTAK,1009,1011,1760761.02,1741.6033827893175
SALEM,1233,1234,1731736.01,1403.3517098865477
ALIGARH,1566,1570,1681851.47,1071.242974522293
AGARTALA,630,630,1677338.58,2662.4421904761907
SAS NAGAR,1248,1249,1664023.43,1332.2845716573258
SRINAGAR,759,759,1645007.85,2167.335770750988
MOGA,442,443,1639859.82,3701.715169300226
GWALIOR,948,948,1628841.89,1718.1876476793248
MYSORE,945,946,1612211.59,1704.240581395349
BURDWAN,1177,1179,1611868.75,1367.1490670059372
SILIGURI,1590,1593,1601919.2,1005.5989956057753
AMBALA,1350,1357,1583341.94,1166.7958290346353
SHIMLA,1193,1196,1577439.03,1318.9289548494983
BAMBOLIM,1706,1713,1558065.05,909.5534442498541
BILASPUR,1038,1039,1478742.79,1423.23656400385
BHILWARA,736,736,1471390.47,1999.1718342391305
BHIWADI,1259,1260,1447949.45,1149.16623015873
MADURAI,900,902,1445209.89,1602.2282594235032
HOOGHLY,969,970,1422901.08,1466.9083298969074
JAMNAGAR,533,533,1405109.98,2636.228855534709
BHIWANDI,789,790,1361975.8,1724.02
AMBALA CANTT,791,791,1343768.66,1698.8225790139063
NELLORE,1116,1117,1319663.05,1181.435138764548
VAPI,1284,1284,1316965.05,1025.673714953271
KANNUR,687,691,1310730.46,1896.8602894356006
BHUJ,544,545,1293784.8800000001,2373.9172110091745
BATHINDA,1094,1095,1289615.92,1177.7314337899543
DHURI,185,185,1285620.03,6949.29745945946
PONDICHERRY,600,601,1266737.15,2107.715723793677
FEROZEPUR,483,483,1245244.65,2578.1462732919254
CUTTACK,606,608,1240021.6,2039.5092105263159
TIRUPUR,518,518,1231036.78,2376.5188803088804
KAPURTHALA,895,896,1229357.57,1372.050859375
JHAJJAR,862,862,1188160.17,1378.3760672853828
SONEPAT,790,791,1185247.52,1498.4165865992416
FIROZABAD,768,768,1155007.71,1503.9162890625
BHUBANESWAR,688,689,1153935.89,1674.798098693759
GORAKHPUR,1080,1081,1142102.95,1056.5244680851063
GANDHINAGAR,1139,1143,1128894.54,987.6592650918635
GATE NO 4 MUMBAI,22,22,1112854.47,50584.29409090909
THANE (W),328,328,1111965.86,3390.139817073171
KANGRA,1473,1476,1101768.42,746.455569105691
JHANSI,883,884,1092973.17,1236.3949886877826
TRICHUR,101,101,1086573.7,10758.155445544555
BELGAUM,862,865,1082354.62,1251.2770173410406
VELLORE,1058,1061,1081548.28,1019.3668991517436
VIZIANAGARAM,641,641,1081354.57,1686.980608424337
BAHADURGARH,785,786,1078328.02,1371.918600508906
MUKTSAR,625,626,1067046.66,1704.5473801916933
ROURKELA,821,821,1054826.28,1284.8066747868454
GANGTOK,792,793,1040764.97,1312.4400630517023
ERODE,607,607,1031003.49,1698.5230477759474
BOISAR,656,656,1030103.85,1570.2802591463415
KANCHEEPURAM,1008,1008,1009463.04,1001.4514285714287
TIRUPATI,493,494,1003915.77,2032.2181578947368
KHANNA,385,385,988651.0599999999,2567.924831168831
JABALPUR,921,922,977821.86,1060.54431670282
KASHIPUR,684,684,973295.14,1422.9461111111111
SOLAN,771,772,969476.89,1255.7990803108808
SILCHAR,471,475,949525.9,1999.0018947368421
KALYAN,635,636,939663.98,1477.4590880503144
KAITHAL,658,659,938386.61,1423.955402124431
RUDRAPUR,1081,1084,911039.03,840.4419095940959
MANDI GOBINDGARH,133,133,903095.51,6790.191804511278
K V RANGAREDDY,690,691,895188.84,1295.497597684515
KOLLAM,613,614,892460.85,1453.5192996742671
MATHURA,850,851,891697.49,1047.8231374853115
PANAJI,397,398,886305.2,2226.8974874371856
ROORKEE,231,231,879019.86,3805.280779220779
THIRUVANANTHAPURAM,417,417,878489.77,2106.6900959232617
KARIMNAGAR,882,882,875905.07,993.089648526077
THANE W,496,497,869620.0,1749.738430583501
RAJAHMUNDRY,400,403,864543.64,2145.2695781637717
SHAHJAHANPUR,344,346,850938.73,2459.36049132948
BHILAI,655,656,848818.45,1293.9305640243902
SINGAPORE,184,184,848197.9400000001,4609.771413043479
KOZHIKODE,576,576,844286.9,1465.7758680555555
PALAKKAD,630,632,840507.33,1329.916661392405
PALI,521,521,839154.53,1610.6612859884838
BHARUCH,496,497,822608.58,1655.1480482897384
AJMER,651,651,809161.29,1242.9512903225807
UJJAIN,513,513,804859.86,1568.9276023391812
SOUTH 24 PARGANAS,936,936,803375.96,858.3076495726496
MANALI,425,426,799723.03,1877.2841079812208
MUNCHEN,7,7,788150.0,112592.85714285714
SHARJAH,161,161,785268.86,4877.446335403727
ASANSOL,410,410,783213.39,1910.2765609756098
SRIPERUMBUDUR,910,911,779249.33,855.3779692645444
KANPUR NAGAR,512,513,765272.9,1491.7600389863549
AHMEDNAGAR,594,595,764531.11,1284.9262352941175
RAIGARH,620,621,759723.52,1223.38731078905
BANGALURU,325,325,749368.66,2305.749723076923
NAKODAR,341,341,743828.48,2181.315190615836
PURI,392,392,742803.39,1894.9066071428572
GAUTAM BUDH NAGAR,255,255,742710.4400000001,2912.589960784314
JORHAT,255,255,741057.02,2906.105960784314
THANE (WEST),429,430,727238.31,1691.2518837209304
BHAVNAGAR,875,892,717772.04,804.6771748878924
KHARAGPUR,297,297,712562.41,2399.200033670034
ABU DHABI,144,145,711837.61,4909.224896551724
HARIDWAR,805,807,686163.92,850.2650805452294
PUDUCHERRY,292,293,685744.87,2340.4261774744027
KATRA,68,68,683939.23,10057.929852941175
HUBLI,521,521,681148.2,1307.3861804222647
CHHINDWARA,566,567,679608.91,1198.6047795414463
PATHANKOT,431,432,672203.3,1556.0261574074075
HOSHIARPUR,712,712,653397.84,917.693595505618
RISHIKESH,265,266,649917.17,2443.2976315789474
RIYADH,100,100,642829.74,6428.2973999999995
GAUTAM BUDDHA NAGAR,833,835,635807.36,761.4459401197605
RAMAPURAM CHENNAI,14,14,631770.0,45126.42857142857
ORLANDO,34,34,621733.5800000001,18286.281764705884
PRATAPGARH,372,372,613977.97,1650.4784139784945
ULHASNAGAR,398,398,596633.59,1499.0793718592963
GANDHIDHAM,496,497,595102.48,1197.389295774648
TIRUPPUR,294,295,592391.11,2008.1054576271185
RANGAREDDI,188,189,590364.53,3123.621851851852
BIKANER,393,393,588594.94,1497.697048346056
REWARI (HARYANA),429,430,587927.13,1367.272395348837
KURNOOL,480,481,585255.08,1216.746528066528
ALAPPUZHA,440,440,577854.99,1313.3067954545454
SHILLLONG,455,455,574443.84,1262.5139340659339
UDUPI,491,491,570937.26,1162.8050101832994
JIND,666,666,569930.29,855.7511861861863
PANVEL,486,486,568812.95,1170.3970164609052
PALAKKARAI TRICHY,5,5,566457.73,113291.546
RAJSAMAND,279,279,566152.83,2029.2216129032256
BOKARO,547,549,562268.57,1024.168615664845
VISAKHAPATNAM URBAN,86,86,560918.86,6522.312325581395
MEDAK,670,671,556725.02,829.6945156482861
TIRUVALLUR,739,740,549248.18,742.2272702702703
RAJPURA,431,431,548091.84,1271.6748027842227
RAIGAD,487,488,547950.83,1122.8500614754098
CHITTO0R,824,824,543380.64,659.4425242718447
WEST HARTFORD,10,10,541075.0,54107.5
TEZPUR,374,376,540231.6,1436.786170212766
RUPNAGAR,415,415,536826.03,1293.5566987951809
BARIATU ROAD RANCHI RANCHI,400,400,532225.3,1330.5632500000002
NAHARLAGUN,20,20,527255.5,26362.775
UNA,562,563,525974.43,934.2352220248669
BARMER,319,319,523832.45,1642.1079937304075
EAST GODAVARI,743,744,522538.01,702.3360349462366
NEWDELHI,244,244,519204.27999999997,2127.8863934426226
JALGAON,634,636,518207.62,814.7918553459119
EAST MUMBAI,542,544,512682.01,942.4301654411765
NAWANSHAHR,235,235,509531.64,2168.219744680851
BARODA,393,393,505113.23,1285.2753944020355
HAMIRPUR,625,626,494636.51,790.1541693290735
WEST MUMBAI,353,353,493194.57,1397.1517563739376
KRISHNA,719,720,491734.38,682.9644166666667
MARGAO,289,289,491023.38,1699.0428373702423
DOHA,182,182,482670.42,2652.0352747252746
GAYA,374,374,482600.76,1290.3763636363637
PAONTA SAHIB,351,355,482478.41,1359.0941126760563
DURG,311,312,480845.56,1541.1716666666666
BHIWANI,553,553,474965.51,858.8888065099458
GOHANA,251,251,474088.21,1888.7976494023906
NANGAL,183,183,471969.69,2579.069344262295
MALAPPURAM,341,341,471647.01,1383.1290615835778
TUMKUR,220,221,464648.03,2102.4797737556564
ROPAR,317,317,464400.12,1464.9846056782335
THIRUVALLUR,341,341,460791.32,1351.294193548387
JIZAN,26,26,459453.6,17671.292307692307
DARJEELING,537,538,456742.11,848.963029739777
MAHADEVAPURA VILLAGE BANGALORE,71,71,452258.72000000003,6369.841126760563
SION (E) MUMBAI,325,325,447587.72000000003,1377.1929846153846
PILANI,293,293,440778.76,1504.3643686006826
IMPHAL,394,395,440360.3,1114.8362025316455
PARGANAS,264,265,434520.79,1639.7010943396226
BARDEZ,181,181,432969.33,2392.0957458563535
GARDEN NAVI MUMBAI THANE,11,11,430502.66,39136.60545454545
GURDASPUR,579,579,429810.29,742.3321070811744
SHILLONG,168,168,428855.66000000003,2552.7122619047623
SRIKAKULAM,516,516,427655.06,828.7888759689922
MARG LOWER PAREL MUMBAI,358,358,425906.59,1189.6832122905028
EAST SIKKIM GANGTOK,8,8,423875.45999999996,52984.432499999995
ITANAGAR,209,209,420527.82,2012.0948325358852
CHOOLAIMEDU,11,11,418539.84,38049.07636363636
BADDI,393,393,418507.84,1064.905445292621
CHITTORGARH,264,264,418112.26,1583.7585606060607
VASCO,76,76,417667.58,5495.626052631579
ANDHERI EAST MUMBAI,193,193,417267.09,2162.005647668394
JEDDAH,49,49,416450.5,8498.989795918367
WEST GODAVARI,494,495,414357.96,837.086787878788
NAVIMUMBAI,417,418,414166.8,990.8296650717703
CALANGUTE,151,151,411290.42,2723.7776158940396
PATHANAMTHITTA,516,518,406546.27999999997,784.8383783783784
ANANTAPUR,442,442,406242.23,919.1000678733031
MARKET HYDERABAD,12,12,405145.0,33762.083333333336
NAINITAL,562,563,403893.14,717.3945648312612
FATEHABAD,436,436,400577.17,918.7549770642202
HOSPITAL MUMBAI,223,224,394847.96,1762.7141071428573
DERABASSI,349,350,393369.45,1123.9127142857144
BARAMATI,217,217,393368.14,1812.756405529954
ANDHERI (W) MUMBAI,286,286,389851.0,1363.1153846153845
JAIPUR DURGAPURA,19,19,389435.86000000004,20496.62421052632
CALCUTTA,99,99,389212.51,3931.439494949495
DHARAMSHALA,256,256,386564.81,1510.0187890625
MOSQUE COCHIN,5,5,384099.0,76819.8
PAREL MUMBAI,386,386,381354.12,987.9640414507772
POWAI,44,44,381025.21,8659.663863636364
MODI NAGAR,313,313,377677.82,1206.6384025559105
BULANDSHAHR,639,641,374166.49,583.7230733229329
MAHALAXMI MUMBAI,242,242,373863.02,1544.8885123966943
NARNAUL,165,165,371692.39,2252.6811515151517
NAVSARI,185,185,371682.66,2009.0954594594593
VATSALYA GUEST HOUSE HYDERABAD,14,14,370503.79,26464.556428571428
BIJNOR,449,449,367536.06,818.5658351893096
BAHADURGARH (HARYANA),223,223,367250.47000000003,1646.8630941704037
NADIAD,172,172,362360.3,2106.7459302325583
DHAR,116,116,361548.77,3116.7997413793105
NIZAMABAD,441,441,357309.67,810.2260090702947
TOKYO,22,22,356095.0,16186.136363636364
AIZAWL,268,268,354193.4,1321.6171641791045
BHUJ KUTCH,31,31,353765.67,11411.795806451611
NAPERVILLE,4,4,350635.0,87658.75
MUZAFFARNAGAR,355,356,349752.65,982.4512640449439
STATION BANGALORE,106,106,347984.26,3282.8703773584907
NASIRABAD,67,67,346535.45,5172.1708955223885
PALGHAR,316,316,345080.46,1092.0267721518987
NASIK,232,232,342939.45,1478.1872844827587
VALSAD,353,353,342588.04,970.5043626062322
TIRUNELVELI,438,438,339617.02,775.3813242009132
SAHNEWAL,95,95,339562.13,3574.338210526316
PALWAL,268,269,337463.34,1254.510557620818
DAMAN,348,348,335059.89,962.815775862069
KALYAN W,61,61,335041.74,5492.487540983607
DIMAPUR,249,249,333993.57,1341.339638554217
VILLUPURAM,493,493,330778.13,670.9495537525355
SIYANA,145,146,326393.9,2235.574657534247
HALOL,237,237,323923.54,1366.7659915611814
SAFAT,16,16,323617.0,20226.0625
KARAULI,134,134,322546.13,2407.060671641791
UDHAMPUR,310,310,322477.02,1040.2484516129032
MIRA ROAD E,70,70,321605.75,4594.367857142857
BORIVALI EAST MUMBAI,98,98,320173.54,3267.07693877551
TALUK BANGALORE,12,12,318401.0,26533.416666666668
SHIMOGA,114,114,317026.51,2780.934298245614
BAGHPAT,256,256,314003.45,1226.5759765625
MILTON KEYNES,3,3,310737.0,103579.0
BARABANKI,200,200,310230.26,1551.1513
.,86,86,309959.06,3604.1751162790697
MAPUSA,145,145,307182.7,2118.501379310345
BHINMAL,185,185,304521.36,1646.0614054054054
N M JOSHI MARG LOWER PAREL MUMBAI,49,49,303398.65,6191.80918367347
DEWAS,256,257,303143.48,1179.5466147859922
KANDIVALI WEST MUMBAI,83,83,300663.25,3622.4487951807228
KALYANI,190,192,300533.91,1565.2807812499998
PONDA,205,205,298208.33,1454.674780487805
NEVILLE HOUSE MUMBAI,272,272,297757.6,1094.6970588235292
FIRE BRIGDE MALAD WEST MUMBAI,48,48,293906.43,6123.050625
DASUYA,244,244,293585.83,1203.2206147540985
THANJAVUR,337,337,293539.12,871.0359643916914
MUZAFFARPUR,602,603,292725.77,485.4490381426203
ANNAPOORNESHWARI TEMPLE BANGALORE,7,7,292340.0,41762.857142857145
RD BANGALORE,7,7,290306.15,41472.30714285715
KANCHEEPURAM DT,24,24,286197.62,11924.900833333333
ANDHERI W MUMBAI,212,212,285993.09,1349.0240094339624
GURGOAN,114,114,282916.33999999997,2481.7222807017542
BANTWAL,26,26,278455.2,10709.815384615385
DHARUHERA,322,322,278356.57,864.461397515528
PS ABERDEEN PORT BLAIR,10,10,278203.91,27820.390999999996
RAMNAGAR,126,126,278049.44,2206.7415873015875
JHUNJHUNU,218,218,278017.67,1275.3104128440366
MEHSANA,265,265,277883.97,1048.6187547169811
CUDDALORE,437,437,276810.26,633.4330892448513
MAHIM (W) MUMBAI,15,15,275433.0,18362.2
SIGNAL SION E MUMBAI,70,70,274831.1,3926.158571428571
RESTAURENT BANGALORE,40,40,274523.47000000003,6863.08675
MAHENDRAGARH,213,213,271418.21,1274.2638967136152
KORAMANGALA 1ST BLOCK BANGALORE,95,95,267143.83,2812.040315789474
TOHANA,134,134,267135.4,1993.54776119403
PORVORIM,172,172,267060.87,1552.679476744186
SANGRUR,353,353,266731.32,755.6128045325779
VIJAYWADA,9,9,266439.72,29604.41333333333
BENGALOORU,68,68,265814.07,3909.0304411764705
PEN,230,230,263700.7,1146.5247826086957
NAMAKKAL,212,212,261671.66,1234.300283018868
ANDHERI E MUMBAI,189,189,261121.93,1381.5975132275132
VIRUDHUNAGAR,311,311,260318.6,837.0372990353698
PARK PHASE 1 HINJEWADI PUNE,215,216,259999.36000000002,1203.700740740741
ANDHERI (E) MUMBAI,195,195,259203.26,1329.2474871794873
GOREGAON (W) MUMBAI,150,150,257966.94,1719.7796
HOSPITAL POWAI MUMBAI,13,13,256078.41,19698.33923076923
THIROVANANTHA PURAM,35,35,255348.29,7295.6654285714285
NALGONDA,472,472,254378.47,538.937436440678
BARNALA,322,324,252911.22,780.5901851851852
BHANDARA,226,228,251695.26,1103.9265789473684
MANIMAJRA,19,19,250627.7,13190.93157894737
COCHIN,167,168,250105.22,1488.7215476190477
SURYAPET,176,176,250081.6,1420.918181818182
KANCHIPURAM,195,195,249001.83,1276.9324615384614
NASHIK NASHIK NASHIK NASHIK,8,8,248837.71,31104.71375
HOSPITAL THANE,15,15,247956.18,16530.412
LOWER PAREL MUMBAI,237,238,246832.59,1037.1117226890756
ADILABAD,426,427,244817.97,573.3441920374707
UNKNOWN,151,151,242524.41,1606.1219205298014
PINJORE,269,270,242423.94,897.8664444444445
AJNALA,63,64,240058.23,3750.90984375
BHARATPUR,271,272,239802.02,881.6250735294117
SAHIB MANDI GOBINDGARH,13,13,238154.0,18319.53846153846
KURUKSHETRA,295,295,237759.43,805.9641694915254
KANNIYAKUMARI,250,250,237395.3,949.5812
OPP HERITAGE BANGALORE,34,34,237370.82,6981.494705882353
MALLESWARAM WEST BANGALORE,42,42,236593.82,5633.186190476191
KALYAN WEST,94,94,236201.62,2512.783191489362
PORTBLAIR,50,50,234449.64,4688.9928
FATEHGARH SAHIB,197,198,234312.11,1183.3944949494949
MANDI,444,444,233266.13,525.3741666666667
IMPHAL WEST,131,131,231866.03,1769.9696946564886
VIDISHA,185,185,231014.64,1248.727783783784
KRISHNAGIRI,307,307,229842.78,748.6735504885993
ROHA,46,46,228625.69,4970.123695652174
SATARA,155,155,228282.91,1472.7929677419354
DAR ES SALAAM,34,34,226756.3,6669.30294117647
NAROLI,6,6,225000.0,37500.0
AZAMGARH,361,361,222054.34,615.1089750692521
CHESTER,41,41,220547.16,5379.199024390244
KHAMMAM,452,453,219271.88,484.04388520971304
MURSHIDABAD,187,187,219030.0,1171.283422459893
SIVASAGAR,171,171,219023.66999999998,1280.8401754385964
FUNCTION HYDERABAD,45,46,218882.3,4758.310869565217
DHARWAD,82,82,216034.64,2634.5687804878053
INDIRAPURAM,68,68,214214.5,3150.2132352941176
BAWAL,228,228,212598.5,932.4495614035088
SHAHABAD,7,7,211104.0,30157.714285714286
SIRHIND,105,105,210841.22,2008.011619047619
PURAM SAROORNAGAR RANGAREDDY,33,33,209553.23,6350.097878787879
BANDRA E MUMBAI,118,119,209304.74,1758.8633613445377
DAUSA,159,159,209262.63,1316.1171698113208
SANGVI PUNE,5,5,208676.0,41735.2
HISAR,370,371,208597.82,562.2582749326145
RESTAURANT JAIPUR,136,136,208177.91,1530.7199264705882
NEW MUMBAI,146,146,208069.08,1425.1306849315067
PATPARGANJ,15,15,205916.0,13727.733333333334
URAN,65,65,205701.91,3164.6447692307693
KALYANI NAGAR PUNE,301,303,205419.23,677.9512541254126
JUNAGADH,170,170,203684.65,1198.145
ANDHERI ROAD ANDHERI EAST MUMBAI,38,38,203537.49,5356.249736842105
KUWAIT,77,77,202433.53,2629.0068831168833
MALLESHWARAM W BANGALORE,46,46,202423.59,4400.512826086956
SILVASSA,147,147,202379.44999999998,1376.7309523809522
MUSCAT,119,119,201373.13,1692.2111764705883
ROAD BANGALORE,238,238,201187.53,845.325756302521
KIGALI,12,12,198140.75,16511.729166666668
G B NAGAR,163,163,197937.62,1214.341226993865
MOMBASA,38,38,197879.25,5207.348684210527
AMRAVATI,299,299,197677.23,661.1278595317726
BARDDHAMAN,121,122,197508.16,1618.919344262295
BANGA,137,137,195866.7,1429.6839416058394
TELEPHONE EXCHANGE MUMBAI,30,30,195367.72,6512.257333333333
AXIS BANK HYDERABAD,11,11,195006.62,17727.874545454546
KUWAIT CITY,73,73,194913.22,2670.044109589041
KAMALCHHOD,39,39,194290.23,4981.800769230769
RUWI,71,71,193830.88,2730.0123943661974
KANYAKUMARI,237,237,192862.05,813.7639240506329
PASCHIM MEDINIPUR,261,261,191290.5,732.9137931034483
AMBALA CITY,147,147,188768.41,1284.138843537415
SOUTH DELHI,165,165,187573.88,1136.811393939394
SECTORE 50 GURGAON,34,34,187151.8,5504.464705882353
TIRUPATHI,85,85,187140.77,2201.6561176470586
SUNDARGARH,147,147,186901.07,1271.435850340136
GOPALGANJ,227,227,185863.55,818.7821585903083
FLORIDA,35,35,184481.84,5270.9097142857145
ROAD SAKET NEW DELHI,158,158,184450.14,1167.4059493670886
NADIA,210,210,184388.4,878.04
PALYA BANGALORE,22,22,183345.46,8333.884545454544
PARK MAHAPE NAVI MUMBAI,212,212,183302.51,864.6344811320755
BADLAPUR,217,217,182609.32,841.517603686636
AKOLA,148,148,182497.15,1233.0888513513514
CARANZALEM,118,119,182159.67,1530.7535294117647
BANSWARA,195,195,181879.62,932.716
MUSSOORIE,166,167,181749.98,1088.3232335329342
KULLU,173,173,181506.24,1049.1690173410404
VISHALI OPP DABUR GHAZIABAD,7,7,181160.0,25880.0
YAMUNA NAGAR,97,98,180885.66,1845.7720408163266
PARK PHASE 01 HINJEWADI PUNE,27,27,180498.21,6685.118888888888
PHASE I PHINJEWADI PUNE,15,15,179935.0,11995.666666666666
GOREGAON (E) MUMBAI,204,205,179827.6,877.2078048780488
GANJAM,238,238,178654.28,750.6482352941176
GONDA,216,216,177662.27,822.5105092592593
ANKLESHWAR,140,140,177610.27,1268.6447857142857
NO 26/1 MALLESHWARAM,20,20,177050.03,8852.5015
STORE HYDERABAD,30,30,176855.44,5895.181333333333
TULIJ SOPARA RD VASAI THANE,7,7,176303.0,25186.14285714286
ADIPUR,71,71,175697.09,2474.6069014084505
WHITEFIELD BANGALORE,156,156,172248.97,1104.160064102564
QUEPEM SOUTH,26,26,171927.0,6612.576923076923
KURLA (W) MUMBAI,98,99,171855.16999999998,1735.910808080808
JALPAIGURI,251,251,171687.98,684.0158565737053
CANDOLIM,71,71,171557.29,2416.29985915493
FATEHPUR,152,152,171080.66,1125.5306578947368
SURREY,10,10,170831.09,17083.109
ANDHERI-E MUMBAI,55,55,170221.33,3094.9332727272727
DEORIA,285,285,170081.72,596.7779649122807
RAIGARH (CHHATTISGARH),131,131,170016.57,1297.8364122137405
SBS NAGAR,17,17,168825.29,9930.899411764707
VASAI,99,99,168702.83000000002,1704.0689898989901
SHAMSHABAD,211,211,168418.25,798.1907582938388
THOOTHUKUDI,73,73,167695.27000000002,2297.195479452055
AMBALA CANTONMENT,57,57,167431.09,2937.387543859649
BEHROR,105,105,167286.29,1593.202761904762
KOPPAL,40,40,167175.09,4179.37725
ROAD PUNE,253,254,166966.56,657.3486614173228
MAYURBHANJ,59,59,166240.01,2817.6272881355935
IDUKKI,218,218,165874.1,760.8903669724771
CHEMBUR MUMBAI,134,135,165016.09,1222.3414074074074
KUNDALAHALLI BENGALURU,12,12,164783.0,13731.916666666666
CMPL SURAT,13,13,164745.12,12672.701538461539
CHAMARAJANAGAR,44,44,162877.14,3701.753181818182
SAKINAKA MUMBAI,84,84,162435.83,1933.7598809523809
VERNA,218,218,162310.72,744.5445871559633
HISSAR,239,239,162177.23,678.5658158995816
FREMONT,16,16,161473.43,10092.089375
EAST DELHI,124,124,159474.92,1286.0880645161292
FAIZABAD,184,184,158247.49,860.040706521739
PRAKASAM,327,328,157946.18,481.54323170731703
LAGOS,59,59,157003.93,2661.0835593220336
SARAN,241,241,155538.59,645.3883402489627
GHAZIPUR,253,254,155510.74,612.2470078740157
HERITAGE HYDERABAD,42,42,155096.84,3692.7819047619046
IMPHAL EAST,76,76,154993.89,2039.3932894736845
SYDNEY,68,68,154786.16999999998,2276.2672058823528
JAUNPUR,271,271,154433.73,569.8661623616237
GORAYA,113,113,154090.58,1363.6334513274335
KUTTOOR PANCHAYATH,8,8,153805.0,19225.625
PHASE BANGALORE,21,21,153720.0,7320.0
BANDRA EAST MUMBAI,182,182,153202.49,841.771923076923
SANPADA,36,36,152929.6,4248.044444444445
PATHANKOT [PB],173,173,152808.7,883.2872832369943
POWAI MUMBAI,99,99,152757.18,1543.0018181818182
SUNNYVALE,41,41,152707.82,3724.5809756097565
LUTON,21,21,152637.11,7268.433809523809
DINDIGUL,183,183,152509.08,833.382950819672
SOUTHALL,3,3,152310.0,50770.0
VERNA SALCETE GOA,8,8,152158.0,19019.75
DHAHRAN,35,35,151897.45,4339.927142857143
GULBARGA,166,166,151883.6,914.9614457831326
BHAGALPUR,209,209,151648.78,725.5922488038277
TIRUCHIRAPPALLI,134,134,150525.19,1123.322313432836
LAKSHMI MEDICALS HOSUR,3,3,150350.84,50116.94666666666
PANCHWATI APPT ASANSOL,2,2,150000.0,75000.0
RANGAREDDY,134,134,149811.73,1117.997985074627
TIRUVANNAMALAI,302,302,149756.46,495.8823178807947
N T PUNE,85,87,149328.29,1716.4171264367817
KADAPA,146,146,148843.44,1019.4756164383562
KANDIVALI EAST MUMBAI,31,31,148308.23,4784.136451612903
SANAND,150,151,147297.38,975.4793377483444
KHAR WEST MUMBAI,44,44,147253.94,3346.6804545454547
DISTT REWARI,36,36,147153.43,4087.5952777777775
SOLAPUR,210,210,147143.37,700.6827142857143
YERPEDU,8,8,146991.95,18373.99375
SULTANPUR,316,316,146506.59,463.6284493670886
KURALI,131,131,145344.69,1109.5014503816794
NAGAR MUMBAI,160,161,144061.93,894.7945962732919
THANE EAST,106,106,143973.86000000002,1358.2439622641512
SANGLI,234,234,143786.02,614.4701709401709
KURLA W MUMBAI,117,117,142853.98,1220.974188034188
NAVRANGPURA AHMEDABAD,40,40,142058.94,3551.4735
CARDIAC RING ROAD SURAT,32,32,141449.5,4420.296875
AZAD NGR SANDOZ BAUGH THANE,4,4,141349.0,35337.25
PRAKASAM DIST (AP),254,254,141188.67,555.8609055118111
MUKERIAN,117,117,140633.97,1201.9997435897435
MUMBAI MUMBAI,112,112,139754.38999999998,1247.8070535714285
MANDI DABWALI,29,29,139137.75,4797.853448275862
BAPAT MARG ELEPHISTONE RD W MUMBAI,45,45,138474.75,3077.2166666666667
"JORHAT, ASSAM",106,106,138022.87,1302.1025471698113
M GOBINDGARH,43,43,137851.8,3205.855813953488
NR NIMH SECUNDERABAD,11,11,137812.63999999998,12528.421818181816
RAJAMUNDRY,137,137,137528.75,1003.8594890510949
HADAPSAR PUNE,95,95,137473.78,1447.0924210526316
JASPUR,88,88,137308.44,1560.3231818181819
PORT BLAIR,63,63,137156.56,2177.088253968254
KRISHNA DISTRICT,295,296,136605.95,461.50658783783786
NORTH WEST DELHI,38,38,136559.96,3593.6831578947367
KALKA,206,206,135710.03,658.7865533980582
BASINGSTOKE,7,7,135628.83,19375.54714285714
RATNAGIRI,245,245,135585.5,553.4102040816326
HAJI ALI WORLI MUMBAI,152,152,135475.47,891.2859868421052
TEHRI GARHWAL,182,182,135242.13999999998,743.0886813186812
SATNA,184,184,135126.75,734.3845108695652
PHOENIX HOSPITAL MUMBAI,4,4,135000.0,33750.0
SENAPATI,113,114,134434.58,1179.2507017543858
PANJIM,70,70,134087.55,1915.5364285714284
BANKURA,238,239,134061.32,560.9260251046026
URBAN VISAKHAPATNAM,19,19,133591.84,7031.1494736842105
MAHESANA,120,121,132797.32,1097.4985123966942
RAMGARH,148,149,132530.13,889.4639597315437
DERA BASSI,78,78,132174.91,1694.5501282051282
DELHI NEW DELHI,53,53,131799.66,2486.7860377358493
MHAPE NAVI MUMBAI,26,26,131626.7,5062.5653846153855
HARDWAR,60,60,131598.82,2193.313666666667
KOLAR,154,154,131015.45999999999,850.7497402597402
MESAIEED,16,16,130889.72,8180.6075
DONA PAULA,45,45,130835.84,2907.463111111111
AMBARNATH THANE,26,26,130797.47,5030.671923076923
KARPEWADI KALYAN E,9,9,130009.0,14445.444444444445
AMBERNATH,38,38,129699.18,3413.1363157894734
FARIDKOT,200,201,129169.02,642.6319402985075
KATGHORA,4,4,128766.0,32191.5
ANDHERI (EAST) MUMBAI,54,54,128717.62,2383.6596296296298
NARWANA,211,211,128355.08,608.3179146919431
DHULE,205,205,128220.59,625.4662926829268
PAPUM PARE,32,32,128007.12999999999,4000.2228124999997
BALLIA,195,195,127820.97,655.4921538461539
ANANTNAG,71,71,127035.05,1789.2260563380282
ISLAMABAD,19,19,126995.45999999999,6683.971578947368
CHHINDWA,11,11,126770.0,11524.545454545454
SAMASTIPUR,162,162,126224.53,779.1637654320988
KALOL,22,22,126025.73999999999,5728.442727272727
KALYAN (WEST),61,61,125605.95,2059.1139344262297
HUGLI,32,32,125397.05,3918.6578125
ILFORD,18,18,125312.83,6961.823888888889
GOA,91,91,125214.98,1375.988791208791
PALACE SILCHAR,9,9,124710.98999999999,13856.776666666665
DHARMAPURI,182,183,124246.52,678.9427322404372
MUMBAI BB NAKASHE RD,14,14,123586.8,8827.628571428571
BUXAR,147,147,123105.81,837.4544897959183
KASARAGOD,76,76,122452.47,1611.2167105263159
CITY PHASE III HARYANA GURGAON,14,14,121996.98999999999,8714.070714285714
SABARKANTHA,74,74,121837.54,1646.4532432432432
JALORE,126,126,120859.13,959.1994444444445
VASHI NAVI MUMBAI,67,67,120451.24,1797.7797014925375
EAST SINGHBHUM,134,134,120171.69,896.8036567164179
KALYAN THANE,88,88,120133.99,1365.1589772727273
PHASE-01 HINJEWADI PUNE,2,2,120000.0,60000.0
BLOCK KORAMANGALA BANGALORE,98,98,119957.03,1224.0513265306122
CHANDAULI,164,165,119851.22,726.3710303030304
AMMIS BIRIYANI BANGALORE,7,7,119663.0,17094.714285714286
DADAR EAST MUMBAI,19,19,119617.0,6295.631578947368
CHURACHANDPUR,130,131,119473.86,912.0141984732825
NO 223 GATE MUMBAI,92,93,119396.65,1283.834946236559
BANGALORE KT,2,2,119369.0,59684.5
KORAMANGALA BANGALORE,118,119,119177.62,1001.4926050420167
BAGALKOT,126,126,119083.41,945.1064285714286
RPC LAYOUT HAMPINAGAR BANGALORE,34,34,118959.23999999999,3498.801176470588
PITHORAGARH,136,136,118862.06,873.9857352941176
BALAGHAT,65,65,118302.63,1820.0404615384616
HAPUR,222,222,117705.47,530.2048198198198
BIRBHUM,162,163,117671.08,721.9084662576687
ROOMFORD,1,1,117621.0,117621.0
SCHOOL HYDERABAD,54,54,117367.76,2173.477037037037
RAEBARELI,87,87,117172.9,1346.8149425287356
BANUR,70,70,116946.51,1670.6644285714285
NSW,26,26,116629.55,4485.751923076923
BANNERGATTA ROAD BANGALORE,8,8,116269.6,14533.7
CHIPLUN,76,76,116231.24,1529.3584210526317
KURLA ANDHERI RD MUMBAI,64,64,116179.62,1815.3065625
ROAD VARTHUR HOBLI BANGALORE,117,117,116060.01,991.9658974358974
CUDDAPAH,206,206,115712.75,561.7123786407767
KARUR,126,126,114650.68,909.9260317460316
NAGAR PUNE,127,127,114566.7,902.1
BOMMASANDRA INDL AREA BANGALORE,9,9,114295.0,12699.444444444445
MANJALPUR VADODARA,22,22,114084.57,5185.662272727273
TEMPLE CHENNAI,69,69,114052.05,1652.9282608695653
HASSAN,176,176,113994.11,647.6938068181818
GZB,17,17,113950.66,6702.9800000000005
BANGLORE,135,135,113871.31999999999,843.4912592592592
SHIKARPUR,42,42,113532.8,2703.1619047619047
CHANDRAPUR,80,80,113518.04,1418.9755
HATHRAS,201,201,113485.7,564.6054726368159
ASF INSIGNIA GWAL PAHARI GURGAON,6,6,113460.0,18910.0
THANE THANE,107,107,113068.28,1056.7128971962616
HAORA,109,109,112632.39,1033.3246788990825
MARATHALLI OUTER RING RD BANGALORE,110,111,112420.99,1012.8017117117117
MUMABI,32,32,112162.45999999999,3505.0768749999997
WEST DELHI,44,44,112058.12,2546.7754545454545
DWARKA,81,81,111823.48,1380.5367901234567
SISA STORE BANGALORE,34,34,111763.0,3287.1470588235293
BANGALORE BANGALORE,52,52,111372.9,2141.7865384615384
UNNAO,209,209,111326.58,532.6630622009569
VILLAGE VARTHUR HOBLI BANGALORE,41,41,111248.79,2713.3851219512194
SARJAPUR MN RD BANGALORE,19,19,111224.06,5853.897894736842
VASAI WEST THANE,18,18,110897.0,6160.944444444444
STAGE BANGALORE,66,66,110664.67,1676.7374242424241
E THANE,53,53,110510.78,2085.1090566037738
DELHI DELHI,90,90,110209.6,1224.5511111111111
NORTH TWENTY FOUR PARGANAS,72,72,110189.16,1530.405
PAREL (W) MUMBAI,92,92,110019.69,1195.866195652174
KHAMMAM (ANDHRA PRADESH),175,175,110005.97,628.6055428571428
RANGAREDDY HYDERABAD,54,54,109633.15,2030.2435185185184
DOIMUKH,16,16,109565.25,6847.828125
PANTNAGAR,160,160,109021.77,681.3860625
SANPADA THANE NAVI MUMBAI,7,7,108371.85,15481.692857142858
PURBA MEDINIPUR,122,122,108220.23,887.0510655737704
BARDHAMAN,155,155,108215.81,698.1665161290323
BELLARY,136,136,108013.87,794.2196323529412
VAISHALI,229,229,107731.17,470.4417903930131
SARJAPUR HOBLI ANEKAR TAL BANGALORE,18,18,107610.06,5978.336666666666
RAMPUR,224,224,107364.33,479.3050446428571
CALICUT,57,58,107051.67,1845.718448275862
BHOJPUR,224,224,106990.06,477.63419642857144
KANDIVALI (W) MUMBAI,57,57,106695.49,1871.8507017543861
NALANDA,129,129,106459.70999999999,825.2690697674418
JHALAWAR,64,64,106171.81,1658.93453125
AJMAN,12,12,106140.0,8845.0
BALOTRA,90,90,105928.31,1176.9812222222222
NAWANSHAR,15,15,105826.0,7055.066666666667
NIRJULI,13,13,105237.86,8095.22
DHARWARD,176,176,105171.31999999999,597.5643181818182
MIRAMAR,11,11,104948.68,9540.789090909091
NANDED,129,129,104777.11,812.2256589147287
POST BANGALORE,80,80,104653.93,1308.174125
JOGESHWARI WEST MUMBAI,61,61,104650.5,1715.5819672131147
PURBO MEDINIPUR,159,159,104622.89,658.0055974842767
SIWAN,205,205,104436.18,509.44478048780485
SIEMENS SHOWROOM BANGALORE,7,7,103925.0,14846.42857142857
CHITTOOR,146,146,103897.4,711.6260273972603
SAS NAGAR MOHALI,124,124,103801.07,837.1054032258065
CYBER CITY GURGAON,11,11,103725.56,9429.596363636363
DARIBA,8,8,103716.72,12964.59
AL QUOZ IND 3,3,3,103650.0,34550.0
DWARKA NASHIK,11,11,103266.0,9387.818181818182
MANDYA,156,157,102797.1,654.7585987261147
SIRKALI,13,13,102724.0,7901.846153846154
GURUJI SCHOOL KALEWADI PUNE PUNE,4,4,102620.0,25655.0
SIRSA,156,157,102579.5,653.3726114649681
GAUTAMBUDH NAGAR,80,80,102314.47,1278.930875
LAKHIMPUR,71,71,102301.25,1440.862676056338
W MUMBAI,94,94,102200.24,1087.236595744681
GURGAON ROAD GURGAON,27,27,102179.02,3784.4081481481485
ADAMPUR,26,26,102059.79,3925.376538461538
BENGALORE,51,52,101784.40000000001,1957.392307692308
VASHI,25,25,101701.28,4068.0512
TRICHY URBAN,43,43,101547.92,2361.579534883721
SINGTAM,8,8,101405.2,12675.65
THENI,87,87,101169.17,1162.8640229885057
BOLPUR,22,22,101057.26,4593.511818181818
EAST DELHI DELHI,28,28,100708.5,3596.7321428571427
2 THAKUR VILLAGE KANDIVALI  MUMBAI,15,16,100626.01,6289.125625
NEW BOMBAY,39,39,100248.26,2570.4682051282048
SCHOOL MUMBAI,58,58,100034.98999999999,1724.7412068965516
TEMPLE RAJAMUNDRY,1,1,100000.0,100000.0
EMBASSY BANGALORE,24,24,99043.98999999999,4126.832916666666
INDOORE,9,9,99028.34,11003.148888888889
SOLIHULL,9,9,98981.6,10997.955555555556
"DIMAPUR, NAGALAND",106,106,98790.05,931.9816037735849
KADI,17,17,98615.0,5800.882352941177
KALYAN EAST,72,72,98379.71,1366.3848611111111
NR LOTUS POND HYDERABAD,35,35,98377.74,2810.7925714285716
KOCHI ERNAKULAM,55,55,98283.02,1786.9640000000002
MORMUGAO,13,13,98208.26,7554.481538461538
THANE NR RATNAKAR BANK THANE,12,12,97812.0,8151.0
KENDRAPARA,178,178,97772.2,549.2820224719101
PERAMBALUR,86,86,97701.6,1136.0651162790698
MORINDA,107,107,97509.70999999999,911.3057009345794
GHODBUNDER ROAD THANE (W) THANE,7,7,97105.0,13872.142857142857
GAZIABAD,94,94,97057.88,1032.5306382978724
ZONE WHITEFIELD BANGALORE,40,41,96773.57,2360.3309756097565
DARBHANGA,210,210,95928.23,456.80109523809523
MULUND WEST,19,19,95709.69,5037.352105263158
TEMPLE SURAT,9,9,95075.0,10563.888888888889
MAPUSA (GOA),80,80,94927.13,1186.589125
KR PURAM BANGALORE,66,66,94638.77,1433.9207575757575
WEST THANE,69,69,94626.85,1371.4036231884058
AUSTIN,15,15,94546.09,6303.072666666666
MEDINIPUR,140,141,94514.49,670.3155319148937
ANDHERI WEST MUMBAI,72,72,93966.53,1305.0906944444444
ALMORA,280,280,93643.75,334.4419642857143
NILGIRIS,98,98,93366.76999999999,952.7221428571428
HOSHANGABAD,75,75,93049.79,1240.6638666666665
BAGESHWAR,111,111,93008.65,837.9157657657657
CENTER CUMBALLA HILL MUMBAI,80,80,92827.46,1160.3432500000001
SANTACRUZ EAST MUMBAI,88,89,92755.9,1042.2011235955056
PETROLBUNK BANGALORE,17,17,92697.0,5452.764705882353
OLD AIRPORT MUMBAI,20,21,92503.47,4404.927142857143
EXCHANGE SONIPAT,10,10,92458.0,9245.8
DOMBIVALI EAST,45,45,92332.12,2051.824888888889
TINSUKIA,72,72,92257.51,1281.3543055555556
(EAST) MUMBAI,52,52,91547.06,1760.5203846153845
JAGATSINGHPUR,66,67,91369.49,1363.7237313432836
BANDRA WEST MUMBAI,38,38,91312.08,2402.9494736842107
UNION BANK OF INDIA NAGPUR,7,7,91172.0,13024.57142857143
BASTI,195,195,91080.65,467.08025641025637
DUNGARPUR,100,100,90934.64,909.3464
PAURI GARHWAL,175,175,90922.94,519.5596571428572
ROAD ANDHERI WEST MUMBAI,75,75,90857.39,1211.4318666666666
MULUND EAST,56,56,90810.17,1621.6101785714286
ALUVA,48,48,90289.58,1881.0329166666668
COCKEYSVILLE,6,6,90220.04000000001,15036.673333333334
DAVANGERE,146,146,89829.05,615.2674657534246
NEEMRANA,107,107,89422.17,835.721214953271
DENA BANK RADHANPUR ROAD MEHSANA,13,13,89349.0,6873.0
MIRZAPUR,138,138,89242.5,646.6847826086956
N DELHI,71,72,89221.73999999999,1239.190833333333
SIRMAUR,177,177,89030.95,502.99971751412426
MANAMA,31,31,88752.97,2862.9990322580647
BUS DEPOT MUMBAI,49,49,88727.45999999999,1810.7644897959183
GUNJAN GIDC VAPI,2,2,88622.8,44311.4
OTTAPALAM,22,22,88622.0,4028.2727272727275
HAZARIBAGH,122,122,88612.43,726.3313934426229
CANDOLIM BARDEZ,152,152,88542.97,582.5195394736842
DEOLI,108,108,88260.65,817.2282407407407
CURCHOREM,44,44,88164.37,2003.7356818181818
BAINSI,8,8,88001.02,11000.1275
FORT MUMBAI,53,53,87930.01,1659.05679245283
TARN TARAN,102,102,87705.84,859.8611764705882
DIBRUGARH,197,197,87620.72,444.7752284263959
DURG - DISTRICT,94,94,87548.02,931.361914893617
NAGERCOIL,48,48,87293.5,1818.6145833333333
KODAGU,82,82,86873.82,1059.4368292682927
PATAUDI,28,28,86686.92,3095.9614285714283
ROHTAS,152,152,86545.98,569.381447368421
ELPHINSTONE ROAD (W) MUMBAI,51,51,86211.91,1690.4296078431373
GANDHI NAGAR,115,115,85845.79,746.4851304347826
REWA,114,114,85796.74,752.6029824561404
BUSINESS PARK BANGALORE,47,47,85339.78,1815.74
BACK SIDE BANGALORE,2,2,85195.6,42597.8
HOSPITAL BANGALORE,114,114,84959.96,745.2628070175439
SUPAUL,15,15,84874.95,5658.33
COONOOR,49,49,84860.65,1731.85
FARRUKHABAD,90,90,84773.57,941.9285555555556
COMMERCIAL COMPLEX MUMBAI,22,23,84594.11,3678.0047826086957
DOMBIVALI,68,68,84356.56,1240.5376470588235
NR METRO STATION BANGALORE,7,7,84256.0,12036.57142857143
CHINCHWAD PUNE,62,62,83924.35,1353.6185483870968
CUNCOLIM,31,31,83689.67,2699.6667741935485
CHEEKA,18,18,83681.1,4648.950000000001
KHURDA,79,79,83641.15,1058.748734177215
DEVANAHALLI BANGALORE,176,176,83521.0,474.5511363636364
DIST THANE,71,71,83492.93,1175.9567605633802
MIRA ROAD,45,45,83450.28,1854.4506666666666
BAIE,9,9,83433.0,9270.333333333334
SANTACRUZ E MUMBAI,37,37,83149.52,2247.2843243243246
THIRUVANNAMALAI (DT),8,8,82963.9,10370.4875
MAINPURI,134,134,82892.69,618.6021641791045
SUBURB BANGALORE,63,63,82769.22,1313.797142857143
SHAHEED BHAGAT SINGH NGR NAWANSHAHR,7,9,82459.0,9162.111111111111
SEONI MALWA,66,66,82404.4,1248.551515151515
PHASE 1 HINJEWADI  PUNE,55,56,82349.76,1470.5314285714285
BLDG KOLKATA,22,22,82172.0,3735.090909090909
DIST REWARI,7,7,81730.0,11675.714285714286
FLYOVER KOLKATTA,20,20,81701.29,4085.0644999999995
SANGHOL,14,14,81546.45,5824.746428571429
MALAD WEST MUMBAI,115,115,81435.56,708.135304347826
SIVAGANGA,86,86,81373.34,946.2016279069767
SCHOOL KALYAN W,15,15,81324.35,5421.623333333334
PALMS HOTEL MUMBAI,7,7,81122.01000000001,11588.858571428573
FAZILKA,228,228,80973.92,355.14877192982453
JUICE CENTER ANDHERI W MUMBAI,31,31,80951.85,2611.3500000000004
NANI DAMAN,133,133,80890.96,608.2027067669173
BILEKHALE BANGALORE,25,25,80759.46,3230.3784
OPP GOVT SCHOOL BANGALORE RURAL,6,6,80644.93,13440.821666666665
TALEIGAO,34,34,80389.05,2364.383823529412
DEPARTMENTAL STORES CHENNAI,15,15,80280.58,5352.038666666666
KAMRUP,115,115,80258.04,697.896
YESHWANTHPURA BANGALORE,15,15,80188.0,5345.866666666667
WAYANAD,71,71,80183.89,1129.3505633802818
RICHARDS TOWN BANGLORE,32,32,80170.96,2505.3425
RAMSIN,4,4,80091.0,20022.75
MYSORE RD BANGALORE,2,2,80000.0,40000.0
(W) MUMBAI,64,64,79994.63,1249.91609375
RAICHUR,88,88,79981.59,908.8817045454545
JEWELLERS DELHI,4,4,79617.1,19904.275
TIRUCHIRAPALLY (TRICHY),85,85,79610.21,936.5907058823531
NOKHA,112,112,79567.02,710.4198214285715
HOSPITAL PUNE,148,148,79485.6,537.064864864865
PETROL PUMP THANE,25,25,79315.08,3172.6032
HAMPTON PARK,3,3,79172.38,26390.793333333335
MIRA RD THANE,26,26,79124.23,3043.2396153846153
SAMALKHA,88,89,78935.67,886.9176404494382
DENTAL COLLEGE BENGALURU,14,14,78615.0,5615.357142857143
MADHUBANI,133,133,78574.44,590.7852631578947
MOOSAPET HYDERABAD,117,117,78562.58,671.4750427350427
SINDHUDURG,123,123,78536.92,638.5115447154471
SEHORE,73,73,78391.05,1073.8500000000001
RAISEN,29,29,78390.8,2703.131034482759
NORTH GOA,75,75,78379.76,1045.0634666666665
BORIVALI W MUMBAI,31,31,78351.73,2527.4751612903224
JOGESHWARI W MUMBAI,11,11,78197.02,7108.820000000001
CHIDAMBARANAR,16,16,78028.5,4876.78125
UDHAM SINGH NAGAR,172,172,77824.23,452.46645348837205
AREA PHASE 1 NEW DELHI,18,18,77656.75,4314.263888888889
NR ANY TIME WATER COMPANY BANGALORE,13,13,77604.35,5969.5653846153855
CHIKMAGALUR,48,48,77511.01,1614.8127083333331
NEAR ARKERA GATE BANGALORE,88,88,77502.02,880.7047727272728
CUDDALORE DT,75,75,77372.08,1031.6277333333333
MELBOURNE,34,34,77321.17,2274.1520588235294
THIRUVALLA,88,88,76984.23,874.8207954545454
MAHALINGAPURAM CHENNAI,45,45,76742.36,1705.3857777777778
NALAGARH,47,47,76631.54000000001,1630.4582978723406
NAGAPATTINAM,148,148,76588.6,517.4905405405406
JAMUI,82,82,76547.16,933.5019512195122
SURYAPET NALGONDA,17,17,76279.6,4487.035294117647
CHHATTISGARH,5,5,76277.70999999999,15255.541999999998
MOIRA NORTH GOA,6,6,76242.0,12707.0
KURLA ROAD ANDHERI EAST MUMBAI,16,16,76224.0,4764.0
VASAI WEST,38,38,75705.70999999999,1992.2555263157892
SIGNAL SION (E) MUMBAI,71,71,75691.21,1066.0733802816903
VEERA DESAI ROAD MUMBAI,4,4,75656.0,18914.0
SAGAR,71,71,75645.71,1065.4325352112678
BODEKDEV,13,13,75625.98,5817.383076923076
(E) MUMBAI,44,44,75587.77,1717.9038636363637
SAHIBABAD,116,116,74943.67,646.0661206896551
PO BOX 28483 DUBAI,12,12,74800.0,6233.333333333333
BALASORE,106,106,74728.19,704.982924528302
GR NOIDA,58,58,74602.44,1286.2489655172415
LATUR,140,140,74539.79,532.4270714285714
TIRUCHENDUR,15,15,74532.3,4968.820000000001
BUDAUN,139,141,74521.78,528.5232624113476
GARDEN POWAI MUMBAI,9,9,74438.34,8270.926666666666
HODEL,25,25,74413.0,2976.52
SADARMANGALA BANGALORE,22,22,74017.52,3364.4327272727273
GOA VELHA,8,8,73905.69,9238.21125
PORT ELIZABETH,5,5,73653.51,14730.702
SAMBA,36,36,73641.21,2045.5891666666669
YAVATMAL,128,128,73608.72,575.068125
THANE -WEST,78,78,73540.36,942.8251282051282
AGRA ROAD NASHIK,6,6,73453.81,12242.301666666666
BETUL,89,89,73452.48,825.3087640449438
THALASSERY,64,64,73066.33,1141.66140625
TEH GURGAON DISTT GURGAON GURGAON,10,10,72665.1,7266.51
(WEST) MUMBAI,58,58,72645.84,1252.5144827586207
VASCO DA GAMA,60,60,72446.97,1207.4495
THANE MUMBAI,100,100,71939.49,719.3949
KATIHAR,83,83,71763.68,864.6226506024095
SECTOR-21A FARIDABAD,26,26,71695.0,2757.5
TEMPLE VISAKHAPATNAM,26,26,71623.81,2754.761923076923
JAJPUR,122,122,71373.64,585.0298360655738
BARDOLI,79,79,71091.34,899.8903797468354
BELAPUR NAVI MUMBAI,4,4,71087.0,17771.75
FUJAIRAH,13,14,71026.62,5073.33
PO NONGTHYMAI,10,10,70921.7,7092.17
SECT-24 AND 25A GURGAON,95,95,70807.72,745.3444210526316
KHURD PUNE,27,27,70707.25,2618.787037037037
MARATHALLI RING RD BANGALORE,77,77,70705.73,918.2562337662337
TRIVANDRUM TRIVANDRUM,3,3,70649.0,23549.666666666668
SITAMARHI,78,79,70633.9,894.0999999999999
NEWAI,92,92,70625.0,767.6630434782609
PARAMAKUDI,9,9,70515.0,7835.0
ETAWAH,117,117,70464.78,602.2630769230769
MUNGER,125,125,70304.91,562.43928
ST THOMAS TOWN POST BANGALORE,44,44,70286.0,1597.409090909091
LAB TRICHY,1,1,70270.0,70270.0
MARG KURLA W MUMBAI,121,121,70048.96,578.9170247933885
CRAWFORD MARKET MUMBAI,43,43,69962.52,1627.0353488372093
KOLLAM DISTRICT,30,30,69914.0,2330.4666666666667
PUDUKOTTAI,136,136,69898.07,513.9563970588235
WALTHAM,14,14,69678.2,4977.0142857142855
STORE BANGALORE,61,61,69465.6,1138.7803278688525
ARWAL,47,47,69425.61,1477.1406382978723
SCHOOL CHENNAI,87,87,69424.26,797.9799999999999
SEAWOOD NERUL NAVI MUMBAI,27,27,69355.73,2568.7307407407407
GATE DARIYAPUR AHMEDABAD,7,7,69259.0,9894.142857142857
SCHOOL THANE,23,23,69121.62,3005.287826086956
APT BANGALORE,18,18,68894.4,3827.4666666666662
NAGAUR,101,101,68768.01,680.8713861386138
INTERIOR FARIDABAD,1,1,68680.3,68680.3
V V NAGAR,23,23,68360.02,2972.1747826086958
SANGOLDA,42,42,68294.43,1626.057857142857
B S CITY,25,25,68199.0,2727.96
TEMPLE BANGALORE,31,31,68020.93,2194.2235483870963
PURULIYA,62,62,67997.6,1096.7354838709678
NAGAR BANGALORE,60,60,67926.18,1132.1029999999998
JACOB CIRCLE MUMBAI,24,24,67896.04,2829.0016666666666
KHANDWA,58,58,67822.28,1169.3496551724138
MUMBAI G P O MUMBAI,10,10,67680.0,6768.0
BANGALROE,45,45,67551.0,1501.1333333333334
BENGLURU,19,19,67547.51,3555.1321052631574
RESIDENCY SECUNDERABAD,15,15,67423.64,4494.909333333333
PATPARGANJ DELHI,56,56,67348.63,1202.6541071428571
WHARF RESTAURNT BANGALORE,33,33,67348.0,2040.8484848484848
SOUTH WEST DELHI,49,49,67220.06,1371.8379591836733
SUBANSIRI,17,17,67125.26000000001,3948.5447058823534
JAGADHRI DIST-YAMUNANAGAR,23,23,67100.0,2917.391304347826
DWARKA NEW DELHI,30,30,67028.89,2234.296333333333
KARN KARNAL,61,61,66970.43,1097.8759016393442
COLLEGE KOLKATA,21,21,66832.96,3182.5219047619053
PURI DISTRICT,58,58,66777.27,1151.3322413793105
HOSPITAL VIKHROLI E MUMBAI,42,42,66547.94,1584.4747619047619
CHITRAKOOT,41,41,66533.63,1622.7714634146344
MIDNAPUR,4,4,66400.0,16600.0
MAHABUBNAGAR,89,89,66393.49,745.9942696629214
DEOGHAR,56,56,66376.36,1185.2921428571428
UTTAR DINAJPUR,62,62,66006.35,1064.6185483870968
TEYNAMPET CHENNAI,8,8,65829.19,8228.64875
BACK SIDE HYDERABAD,2,2,65700.0,32850.0
KHURDA-ORISSA,118,118,65413.76,554.3538983050847
MANDIR DHANBAD,7,7,65350.0,9335.714285714286
KHORDHA,62,62,65180.73,1051.3020967741936
FIROZPUR,40,40,65159.630000000005,1628.9907500000002
STAND OJHAR (MIG),9,9,65072.0,7230.222222222223
NAGAWARA BANGALORE,42,42,64975.2,1547.0285714285715
SCHOOL KOLKATA,35,35,64888.62,1853.9605714285715
BANAGALORE,17,17,64876.96,3816.291764705882
THIRUVARUR,99,99,64736.37,653.9027272727272
VARANAVASI,113,113,64669.22,572.293982300885
AMBEDKAR NAGAR,76,77,64572.19,838.5998701298702
ENCLAVE HYDERABAD,6,6,64382.34,10730.39
MANDVI,12,12,64284.32,5357.026666666667
NEW SIDDHAPUDUR COIMBATORE,16,16,64267.24,4016.7025
AHMADNAGAR,142,142,64224.31,452.2838732394366
ROAD NASHIK,22,22,64146.8,2915.7636363636366
NR HERITAGE FRESH HYDERABAD,1,1,64090.0,64090.0
JAGADHARI,67,68,64029.52,941.610588235294
TRICHIRAPALLI,9,9,63945.14,7105.015555555556
BANK NAGPUR,7,7,63905.0,9129.285714285714
KORMANGALA BANGALORE,93,94,63808.520000000004,678.8140425531915
VASANT KUNJ NEW DELHI,5,5,63780.56,12756.112
GOREGAON EAST MUMBAI,31,31,63630.09,2052.5835483870965
VILUPPURAM,45,45,63606.65,1413.4811111111112
KARJAT RAIGAD,6,6,63436.7,10572.783333333333
EAST THANE,64,64,63358.43,989.97546875
YES BANK  BOISAR,5,5,63319.0,12663.8
KAKINADA,35,35,63250.5,1807.1571428571428
GARHSHANKAR,34,34,62859.229999999996,1848.800882352941
HSG SOC PUNE,29,29,62750.72,2163.8179310344826
THE NILGIRIS,76,76,62747.17,825.6206578947368
GRAM PANCHAYTH HYDERABAD,17,17,62720.53,3689.4429411764704
VASCO-DA-GAMA,65,65,62675.35,964.2361538461538
SAMBHAL,148,148,62598.5,422.9628378378378
ERANAKULAM,29,29,62542.06,2156.6227586206896
AGARA,26,26,62535.0,2405.1923076923076
USHAGRAM BARDHAMAN ASANSOL,5,5,62487.0,12497.4
PARRAMATTA,24,24,62297.0,2595.7083333333335
NR TULSI BUNGLOWS AHMEDABAD,9,9,62224.5,6913.833333333333
THANE (EAST),53,53,62179.96,1173.20679245283
RD NASHIK,85,86,61942.87,720.2659302325582
DEOLALI NASHIK,8,8,61934.0,7741.75
SIKAR,104,104,61911.520000000004,595.303076923077
5TH BLOCK KORAMANGALA BANGALORE,7,7,61893.72,8841.960000000001
DISTRICT TAMILNADU HOSUR,3,3,61866.0,20622.0
CYPRESS,6,6,61771.45,10295.241666666667
ARIYALUR,87,87,61749.979999999996,709.7698850574712
MAROL MUMBAI,7,7,61738.0,8819.714285714286
KOHIMA,119,120,61631.62,513.5968333333334
ITARSI,82,82,61523.72,750.2892682926829
SANTACRUZ MUMBAI,28,28,61383.380000000005,2192.2635714285716
KHEDA,70,70,61182.78,874.0397142857142
SONBHADRA,89,89,61026.91,685.6956179775282
VISHAKHAPATNAM,74,74,61002.26,824.3548648648649
CHAMBA,132,132,60976.82,461.94560606060605
JUNCTION BANGALORE,25,25,60860.18,2434.4072
PARWANOO,36,36,60758.5,1687.736111111111
LAXMINAGAR,110,110,60753.64,552.3058181818182
MEWAT,96,96,60711.590000000004,632.4123958333333
PERUNGUDI CHENNAI,33,33,60659.880000000005,1838.1781818181819
MORINDA MORINDA,89,89,60651.58,681.4784269662922
GANESH TEMPLE PUNE,27,27,60470.71,2239.655925925926
JALPAIGURI SILIGURI,2,2,60461.17,30230.585
KORAPUT,104,104,60299.08,579.7988461538462
ASHISH HOTEL PANCHVATI AHMEDABAD,9,9,60155.020000000004,6683.891111111112
PARK PHASE-I HINJEWADI PUNE,50,50,60152.94,1203.0588
AYODHYA NGR NAGPURAYODHYANGR NAGPUR,5,5,60126.0,12025.2
HARDOI,41,41,59856.72,1459.92
DIST PUNE PUNE,13,13,59791.0,4599.307692307692
CENTRE MUMBAI,47,47,59384.11,1263.4917021276597
MB ROAD NEW DELHI,15,15,59382.75,3958.85
SONITPUR,71,71,59350.96,835.929014084507
KUALA LUMPUR,34,34,59324.82,1744.8476470588234
CITY BANGALORE,48,48,59096.99,1231.1872916666666
NASHIK ROAD NASHIK,32,32,59095.44,1846.7325
KOIL SALEM,8,8,59027.0,7378.375
PETLAD,2,2,58793.0,29396.5
HOBBLI BANGALORE,26,26,58746.29,2259.4726923076923
GUNA,41,41,58735.770000000004,1432.5797560975611
MIRA ROAD E THANE,50,50,58653.43,1173.0686
DUMKA,30,30,58547.57,1951.5856666666666
KURLA WEST MUMBAI,40,40,58440.32,1461.008
HSR LAYOUT BENGALURU,19,19,58438.0,3075.684210526316
YEOLA,70,70,58278.12,832.5445714285714
PUMP VASHI NAKA CHEMBUR MUMBAI,4,4,58131.0,14532.75
ANAND VIHAR MEDICAL SHOP MUMBAI,24,24,58109.0,2421.2083333333335
SAMRU BAUG BHIWANDI,5,5,58100.0,11620.0
KAYAMKULAM,5,5,58092.0,11618.4
OFFICE BANGALORE,11,11,58041.5,5276.5
PHASE-1 SOUTH DELHI,38,39,58026.270000000004,1487.853076923077
DAKSHINA KANNADA,90,90,58016.82,644.6313333333334
BANGLAORE,32,32,57984.78,1812.024375
DHOLPUR,82,82,57917.69,706.3132926829269
KOLAR - DISTRICT,163,163,57784.37,354.5053374233129
SARAIDHELA DHANBAD,4,4,57772.02,14443.005
PAREL BHOIWADA MUMBAI,15,15,57655.72,3843.7146666666667
DHENKANAL,92,92,57618.23,626.2851086956522
DISTT SAS NAGAR,43,43,57389.59,1334.6416279069767
THIRUVALLA PO,5,5,57324.0,11464.8
JUBAIL,10,10,57062.0,5706.2
SANTACRUZ (W) MUMBAI,54,54,56995.17,1055.466111111111
BANDRA (EAST) MUMBAI,31,31,56857.34,1834.1077419354838
AIZWAL,6,6,56697.0,9449.5
BACHPALLE K V RANGAREDDY,7,7,56646.51,8092.358571428572
PATNA PATNA,15,15,56638.51,3775.900666666667
ANTWERPEN,3,3,56619.0,18873.0
RENIGUNTA,16,16,56577.61,3536.100625
GANGANAGAR,83,83,56432.33,679.9075903614458
NEAR MASJID GHATKOPAR EAST MUMBAI,7,7,56370.0,8052.857142857143
HIRA BAZAR SURAT,31,31,56330.32,1817.1070967741935
LONDON,15,15,56325.0,3755.0
NEW PANVEL,67,67,56306.0,840.3880597014926
TIRUPATI URBAN,25,25,56236.73,2249.4692
ELURU,51,51,56212.1,1102.1980392156863
OXFORD SCHOOL MUMBAI,13,14,56188.48,4013.4628571428575
BANJARA HILLS HYDERABAD,18,18,55990.64,3110.591111111111
THOUBAL,111,111,55647.99,501.3332432432432
KAMSHET PUNE,9,9,55637.54,6181.948888888889
OF INDIA ABIDS BRANCH HYDERABAD,22,22,55633.03,2528.774090909091
DIPPOO NEW DELHI,22,22,55591.83,2526.901363636364
BISHNUPUR,63,63,55507.45,881.0706349206349
CHURU,93,93,55497.18,596.7438709677419
CHIKKABALLAPUR,81,82,55432.68,676.0082926829268
COFFEE DAY PUNE,7,7,55302.5,7900.357142857143
NARASARAOPET GUNTUR,43,43,55275.15,1285.4686046511629
2ND RABODI THANE,14,14,55222.45,3944.460714285714
BEED,98,98,55184.43,563.1064285714285
SION E MUMBAI,64,64,55182.61,862.22828125
SCHOOL CRESCENT HOUSE PUNE,6,6,55152.5,9192.083333333334
KANCHIPURAM DT,28,28,55137.0,1969.1785714285713
WARDHA,70,70,55054.770000000004,786.4967142857143
SCHOOL BANGALORE,53,54,55023.02,1018.9448148148148
UKHRUL,69,69,54905.119999999995,795.7263768115942
NURMAHAL,75,75,54675.9,729.0120000000001
VIJAYA BANK BANGALORE,46,46,54471.48,1184.1626086956524
GOVANDI MUMBAI,14,14,54465.99,3890.427857142857
VILLAGE MUMBAI,17,17,54440.01,3202.3535294117646
UTTAM NAGAR,58,58,54307.91,936.343275862069
RAE BARELI,108,108,54248.18,502.29796296296297
DOMBIVLI,61,61,54068.93,886.3759016393443
CBD BELAPUR NAVI MUMBAI,13,13,54047.84,4157.526153846154
ASHFIELD,12,12,54027.0,4502.25
WEST DELHI DELHI,9,9,54027.0,6003.0
RIASI,13,13,53860.35,4143.1038461538465
BAZAR THANE,31,31,53836.0,1736.6451612903227
BIJAPUR,176,176,53824.39,305.82039772727273
KATNI,75,75,53821.8,717.624
VIRAMGAM,3,3,53799.0,17933.0
RESTAURANT PUNE,4,4,53786.0,13446.5
AL JUBAIL INSUDTRIAL,2,2,53759.0,26879.5
SHAHDARA,18,18,53737.5,2985.4166666666665
BADARPUR (SOUTH DELHI) NEW DELHI,5,5,53676.0,10735.2
KARUNAGAPPALLY,4,4,53643.0,13410.75
NO 3 KALYANI NAGAR PUNE,140,140,53491.04,382.07885714285715
CACHAR,148,148,53415.69,360.91682432432435
DONALD JAWAHAR NAGAR NEW DELHI,4,4,53292.0,13323.0
HANUMANGARH,131,132,53181.090000000004,402.8870454545455
FEROZEPUR CANTT,36,36,53065.2,1474.0333333333333
SALBONI MIDNAPORE W,24,24,52992.88,2208.0366666666664
SAS NAGAR (MOHALI),61,61,52958.97,868.1798360655738
BANKA,32,32,52922.06,1653.814375
DHAMPUR,33,33,52907.28,1603.250909090909
OPP CALIFORNIA PIZZA BANGALORE,24,24,52895.0,2203.9583333333335
AMRELI,72,72,52726.28,732.3094444444445
CHROMPET KPM,2,2,52700.0,26350.0
WEST CHAMPARAN,68,68,52668.05,774.5301470588236
TOWER HYDERABAD,9,9,52635.0,5848.333333333333
SOUTH WINDSOR,20,20,52570.17,2628.5085
KHARGHAR,59,59,52552.71,890.7238983050847
WEST BENGAL,26,26,52536.42,2020.6315384615384
NAGAR ADUGODI POST BANGALORE,7,7,52473.86,7496.265714285714
FONTENAY AUX ROSES,15,15,52453.89,3496.926
GURAGAON,27,27,52265.24,1935.7496296296295
JALNA,105,105,52222.08,497.35314285714287
BEGUSARAI,120,120,52070.8,433.92333333333335
UMM AL QUWAIN,16,16,52031.0,3251.9375
PORT HARTCOURT,1,1,51586.5,51586.5
GIURGAON,17,17,51553.65,3032.5676470588237
BONGAIGAON,15,15,51550.94,3436.7293333333337
BHARAT PETROLEUM CHENNAI,5,5,51520.0,10304.0
S A S NAGAR,40,40,51461.0,1286.525
KANYAKUMARI DIST,43,43,51446.78,1196.4367441860466
KICHHA,52,52,51435.86,989.1511538461539
BALLABGARH,85,85,51428.0,605.035294117647
BHUJ KACHCHH,100,101,51389.89,508.81079207920794
BAZAAR BANGALORE,17,17,51297.0,3017.470588235294
SECTOR 21 KHARGHAR NAVI MUMBAI,18,18,51221.950000000004,2845.6638888888892
MANKUVA BHUJ,118,119,51174.8,430.0403361344538
TAORU,72,72,51163.0,710.5972222222222
MAU,114,116,51096.12,440.4837931034483
CIRCE PAPUMPARE NAHARLAGUN,9,9,51069.0,5674.333333333333
OLDHAM,10,10,50975.95,5097.594999999999
LOWER DIBANG VALLEY,9,9,50952.04,5661.337777777778
FANGANI,17,17,50788.0,2987.529411764706
URBAN) MUMBAI,15,15,50767.8,3384.52
MANDIR THERGAON PUNE CITY PUNE,2,2,50710.0,25355.0
FARIDABAD NIT,23,23,50697.05,2204.2195652173914
SULUR,27,27,50508.72,1870.6933333333334
KANCHRAPARA,24,24,50502.0,2104.25
NAYA NANGAL,56,56,50489.78,901.6032142857142
KURLA W,19,19,50465.86,2656.097894736842
BARDHAMAN DURGAPUR,5,5,50390.0,10078.0
ALLEPPEY,49,49,50191.26,1024.3114285714287
NEW DLEHI,48,48,50182.72,1045.4733333333334
HALDWANI,45,45,50075.22,1112.7826666666667
OUTERRING ROAD BANGLORE,1,1,50000.0,50000.0
RAGHOBHA TALIM JAVALIL KOLHAPUR,9,9,49968.0,5552.0
CHAKALA ANDHERI EAST MUMBAI,13,13,49941.9,3841.6846153846154
MAHIM MUMBAI,22,22,49920.0,2269.090909090909
DAPORIJO,4,4,49887.0,12471.75
MCKINNEY,11,11,49842.0,4531.090909090909
ROAD ANDHERI (W) MUMBAI,55,56,49742.57,888.2601785714286
COLONY MUMBAI,34,34,49600.369999999995,1458.8344117647057
SIVAGANGAI,67,67,49523.35,739.1544776119403
FLYOVER ANDHERI (E) MUMBAI,26,26,49366.15,1898.698076923077
JEWELLERS HYDERABAD,9,9,49273.229999999996,5474.803333333333
PETER ENGLAND SHOWROOM BANGALORE,10,10,49257.12,4925.712
SURENDRANAGAR,33,33,49248.85,1492.3893939393938
MERCES,20,20,49225.31,2461.2655
ANDHERI (W) OSHIWARA MUMBAI,14,14,49212.0,3515.1428571428573
LALITPUR,41,41,49197.93,1199.949512195122
ROYAPETTAH,19,19,49171.619999999995,2587.9799999999996
STYLE BANGALORE,6,6,49171.22,8195.203333333333
WEST MEDENIPUR,4,4,49160.0,12290.0
AIROLI NAVI MUMBAI,66,66,48956.33,741.7625757575757
PANVEL DIST RAIGAD,26,26,48876.41,1879.8619230769232
GODHRA,20,20,48800.39,2440.0195
KALEEN,12,12,48791.68,4065.9733333333334
E MUMBAI,25,25,48788.78,1951.5511999999999
SHAMLI,162,164,48767.54,297.3630487804878
NARIMAN POINT  MUMBAI,14,14,48687.1,3477.65
RAIA,37,37,48664.95,1315.2689189189189
PALAMU,138,138,48663.95,352.63731884057967
PUNDARI,9,9,48640.0,5404.444444444444
SRIGANGANAGAR,41,41,48616.270000000004,1185.7626829268293
POOJA BLDG MALAD WEST MUMBAI,15,15,48615.07,3241.0046666666667
PURULIA,71,71,48541.37,683.6812676056338
EAST SIKKIM,66,66,48454.05,734.1522727272728
BORIVILI E MUMBAI,8,8,48437.84,6054.73
SAHIBJADA AJIT SINGH NAGAR,53,53,48405.729999999996,913.3156603773584
RANIGANJ,27,27,48375.0,1791.6666666666667
CHENNAI SALIGRAMAM,44,44,48281.19,1097.2997727272727
TIRUVALLA,8,8,48165.0,6020.625
POST VASNA-IYAVA TA SANAND SANAND,6,6,48150.0,8025.0
HINDUSTAN NAKA KANDIVALI (W) MUMBAI,9,9,48093.1,5343.677777777778
AURAIYA,90,90,48076.89,534.1876666666667
BEAWAR,34,34,47962.12,1410.6505882352942
SRIVILLIPUTHUR,22,22,47927.2,2178.509090909091
KUALA BELAIT,2,2,47905.0,23952.5
THANE DOMBIVALI I A,21,21,47880.41,2280.019523809524
BANGALORE SOUTH,87,87,47801.97,549.4479310344827
COLONY RANGAREDDI,26,26,47742.03,1836.231923076923
HATFIELD,10,10,47691.65,4769.165
SOUTH DELHI DELHI,24,24,47688.3,1987.0125
QUEPEM SOUTH GOA,31,31,47656.64,1537.3109677419354
CHANDRAGIRI,30,31,47653.0,1537.1935483870968
PORUR CHENNAI,22,22,47640.0,2165.4545454545455
VASAI EAST,50,50,47623.55,952.471
STAFFORD,2,2,47538.0,23769.0
MIRAMAR PANAJI,1,1,47500.0,47500.0
CHIKKMAGALUR,70,70,47426.5,677.5214285714286
ANDHERI MUMBAI,26,26,47382.54,1822.4053846153847
SIVAGANGAI DT,18,18,47381.58,2632.31
GUNTUR DIST,32,32,47377.94,1480.560625
TOWERS BANGALORE,8,8,47323.22,5915.4025
MUMBAI THANE,70,70,47233.17,674.7595714285713
THIRUVANNAMALAI,89,89,47231.520000000004,530.6912359550562
BYPASS HADAPSAR PUNE,35,35,47231.020000000004,1349.4577142857145
THOOTHUKKUDI,77,77,47106.95,611.7785714285714
BG ROAD BANGALORE,57,57,46924.55,823.2377192982457
BANASKANTHA,47,47,46647.39,992.4976595744681
MANGALURU,25,25,46635.01,1865.4004
HOSPITAL KALANAGAR BANDRA E MUMBAI,11,11,46633.64,4239.421818181818
HAJIPUR,47,47,46622.0,991.9574468085107
ST THOMAS TOWN BANGALORE,22,22,46521.0,2114.590909090909
RAIPUR C G,5,5,46459.35,9291.869999999999
BILLIMORA,24,24,46448.25,1935.34375
PALLY HYDERABAD,13,13,46427.229999999996,3571.3253846153843
HAZARI BAG,5,5,46347.0,9269.4
ANNA FLYOVER CHENNAI,27,27,46337.97,1716.2211111111112
MASTEK BLDG NAVI MUMBAI,20,20,46315.83,2315.7915000000003
ALWAL HYDERABAD,18,18,46308.05,2572.6694444444447
GARDEN CHOWK PIMPLE SAUDAGAR PUNE,92,92,46293.8,503.1934782608696
DMUMBAI,16,16,46249.659999999996,2890.6037499999998
RESTAURANT BANGALORE,8,8,46186.0,5773.25
DIST-THANE,4,4,46135.3,11533.825
BANGALORE NORTH,94,94,46055.97,489.9571276595745
ANDROTH,13,13,46049.75,3542.2884615384614
MANINAGAR,19,19,46049.0,2423.6315789473683
VELLORE DIST,52,52,46005.44,884.72
VIRAR,66,66,45985.64,696.7521212121212
THEATRE BENGALURU,17,17,45979.79,2704.6935294117648
ALTOTORDA BARDEZ,54,54,45794.21,848.0409259259259
SHAHBAD,6,6,45747.35,7624.558333333333
FIRE TEMPLE MUMBAI,3,3,45733.0,15244.333333333334
RAMANATHAPURAM,106,106,45658.69,430.74235849056606
MANTAR RD DELHI,13,13,45647.68,3511.36
BHAWANI SHANKAR MUMBAI,13,13,45638.13,3510.6253846153845
COLLAGE THANE,12,12,45609.0,3800.75
SITAPUR,92,92,45585.18,495.49108695652177
HIGHWAY SION E MUMBAI,32,32,45501.659999999996,1421.9268749999999
COURT HYDERABAD,17,17,45142.47,2655.439411764706
AGAR,8,8,45112.6,5639.075
OSMANABAD,64,64,45080.39,704.38109375
MUPPALLA GUNTUR,73,74,44959.94,607.5667567567568
OFFICE HYDERABAD,30,30,44952.48,1498.4160000000002
KAVESAR THANE,7,7,44937.23,6419.604285714287
BEHIND NOORI MASJID MUMBAI,1,1,44830.02,44830.02
VASAI THANE,59,59,44813.18,759.5454237288136
CINEMA HALL BANGALORE,33,33,44788.0,1357.2121212121212
KARWAR,111,111,44745.01,403.10819819819824
MALDA,72,72,44741.15,621.4048611111111
GANGAPUR RD NASHIK,13,13,44691.79,3437.83
KALYANANAGAR BANGALORE,17,17,44659.74,2627.0435294117647
GATE PUNE,5,5,44617.0,8923.4
DABHADE TALUKA MAVAL,8,8,44574.0,5571.75
MUSLMAN SONIPAT,5,5,44532.0,8906.4
MARGAO SOUTH GOA,3,3,44444.0,14814.666666666666
NATHDWARA,102,102,44377.2,435.0705882352941
PALLAVARAM SUB POST OFFICE CHENNAI,12,12,44250.0,3687.5
CHROMPET CHENNAI,38,38,44224.909999999996,1163.8134210526314
SURYAPET NALGONDA(DIST),29,29,44176.75,1523.3362068965516
RAJGURUNAGAR PUNE,17,17,44138.76,2596.3976470588236
PUNE CITY,11,11,44076.03,4006.911818181818
KARSOG,31,31,44059.52,1421.2748387096774
NAGAR ANDHERI EAST MUMBAI,37,37,44031.95,1190.0527027027026
CALICUT PUTHIYARA,3,3,43977.0,14659.0
NEAR TSIC OFFICE AGARTALA,3,3,43975.0,14658.333333333334
PERNAMBUT,8,8,43961.57,5495.19625
MUMBAI PAREL,20,20,43771.44,2188.572
CHAMPAWAT,80,80,43700.59,546.2573749999999
SWAMI SAMARTH NGR ANDHERI W MUMBAI,9,9,43592.13,4843.57
GAUTAM BUDDHANAGAR,51,51,43556.65,854.0519607843138
HOTEL MUMBAI,17,17,43542.29,2561.311176470588
SILVER SPRING,2,2,43474.84,21737.42
BADLAPUR EAST,22,22,43421.44,1973.7018181818182
NOWGONG,25,25,43407.4,1736.296
VIJAYAWADA KRISHNA,29,29,43400.86,1496.5813793103448
VAN UDYAN MUMBAI,25,25,43297.47,1731.8988
MEDAK DIST,65,65,43208.229999999996,664.742
MARKS SCHOOL NEW DELHI,31,31,43100.54,1390.34
SIMDEGA,26,26,43073.67,1656.6796153846153
ASSONORA NORTH GOA,6,6,43052.1,7175.349999999999
PHAGWARA,27,27,42972.95,1591.5907407407406
GOVT SCHOOL BHILAKHEDI,4,4,42874.01,10718.5025
MARATHALLI RING ROAD BANGALORE,62,62,42816.56,690.5896774193548
NODIA,22,22,42720.2,1941.8272727272727
MIDNAPORE,45,45,42689.26,948.6502222222223
BEGUMPET HYDERABAD,31,31,42681.82,1376.8329032258064
STOP BANGALORE,50,50,42604.3,852.086
THANA,17,17,42533.36,2501.9623529411765
KANDIVALI E MUMBAI,24,24,42514.15,1771.4229166666667
BULDHANA,89,90,42440.44,471.56044444444444
MULUND MUMBAI,24,24,42426.8,1767.7833333333335
OKHLA INDUSTRIAL ESTATE NEW DELHI,51,52,42374.7,814.8980769230768
JAGADHRI,54,54,42283.86,783.0344444444445
OMKAR JEWELLERS THANE,4,4,42270.29,10567.5725
MADHEPURA,35,35,42241.9,1206.9114285714286
MAIN ROAD BANGALORE,11,11,42182.009999999995,3834.7281818181814
PETHE GHOKHALE ROAD THANE (W),8,8,41977.0,5247.125
CENTER HYDERABAD,13,13,41899.81,3223.0623076923075
KOTAK MAHINDRA BANK BANGALORE,38,38,41879.81,1102.1002631578947
TARAPUR,50,50,41813.84,836.2768
KISHANGARH,37,37,41758.25,1128.6013513513512
SIROHI,54,54,41636.61,771.0483333333333
JALAUN,130,130,41625.78,320.1983076923077
KALYAN WEST THANE,25,25,41616.95,1664.6779999999999
POINT PANCHKULA,4,4,41548.0,10387.0
ANDHERI KURLA ROAD ANDHERI E MUMBAI,17,17,41496.06,2440.944705882353
RAJOURI,3,3,41446.0,13815.333333333334
MAPUSA BARDEZ,27,27,41419.92,1534.0711111111111
BRIDGE PUNE,7,7,41399.0,5914.142857142857
COOCHBEHAR,57,57,41394.72,726.2231578947369
ROAD BKC BANDRA (E) MUMBAI,25,25,41374.53,1654.9812
CENTRE BANGALORE,3,3,41348.0,13782.666666666666
BUNGLOW ANDHERI W MUMBAI,4,4,41321.42,10330.355
SERVICE CENTER HYDERABAD,29,29,41316.71,1424.7141379310344
HARDA,34,34,41310.65,1215.019117647059
SOUTH BANGALORE,37,37,41257.47,1115.0667567567568
MIRA ROAD EAST,41,41,41239.24,1005.8351219512194
KHARGHAR NAVI MUMBAI,24,24,41223.82,1717.6591666666666
ROAD MANGALORE,9,9,41056.0,4561.777777777777
PADHAR,8,8,40933.94,5116.7425
WEST TRIPURA,73,73,40855.77,559.6680821917807
VARACHHA UTRAN ROAD SURAT SURAT,17,17,40839.0,2402.294117647059
TUTICORIN,43,43,40792.66,948.6665116279071
KHEKRA,16,16,40731.0,2545.6875
KUNDLI SONEPAT,33,33,40717.0,1233.8484848484848
CHOWK GURGAON,5,5,40714.0,8142.8
DAHISAR EAST MUMBAI,25,25,40707.38,1628.2951999999998
GATE BANGALORE,37,37,40686.0,1099.6216216216217
RAJGARH,50,50,40640.14,812.8027999999999
SIBSAGAR,49,49,40629.41,829.1716326530614
KRISHNARAJAPURAM HOBLI BANGALORE,40,40,40612.96,1015.324
ROAD SAKINAKA MUMBAI,23,23,40396.52,1756.3704347826085
TALUK KANCHEEPURAM DIST,168,168,40340.56,240.12238095238095
MADDUR,5,5,40333.0,8066.6
KOTHIKODE,9,9,40108.91,4456.545555555556
NARASARAOPET,54,54,40077.85,742.1824074074074
BAHRAICH,70,71,40043.78,563.9969014084506
DOMBIVLI WEST,17,17,40009.95,2353.526470588235
GAIGHATA,1,1,40000.0,40000.0
NORTH 24 PGS,39,39,39955.97,1024.5120512820513
THORAIPAKKAM CHENNAI,57,57,39848.61,699.0984210526316
CHAKALA ANDHERI (E) MUMBAI,23,23,39829.6,1731.7217391304348
BUDRUK PUNE,17,17,39771.09,2339.475882352941
BIDAR,97,98,39759.42,405.70836734693876
CENTRAL DELHI NEW DELHI,24,24,39686.4,1653.6000000000001
THANE E,21,21,39610.729999999996,1886.225238095238
NEAR PASSPORT OFFICE PATNA,6,6,39574.0,6595.666666666667
ASHOK NAGAR MUMBAI,15,15,39469.67,2631.311333333333
SHAHDOL,55,55,39453.23,717.3314545454546
ANDHERI EAST MUMBAI MUMBAI,4,4,39430.509999999995,9857.627499999999
NEAR HONDAI SHOW ROOM MUMBAI,2,2,39397.0,19698.5
SHANKARWALI DELHI,1,1,39356.0,39356.0
PALGHAR DIST THANE BOISAR,9,9,39327.24,4369.693333333333
ANDHERI EAST UMBAI,6,6,39318.52,6553.086666666666
KALYAN D C THANE,30,30,39303.020000000004,1310.1006666666667
SUMERPUR,9,9,39302.9,4366.988888888889
SARJAPURA RD BENGALURU,23,23,39226.88,1705.5165217391302
CONGRESS GROUNDS CHENNAI,10,10,39220.93,3922.093
DIST JAMNAGAR JAMNAGAR,2,2,39200.0,19600.0
MALAPPURAM DT,7,7,39130.0,5590.0
KUSHINAGAR,138,138,39119.23,283.4726811594203
JATNI,8,8,39062.17,4882.77125
MAHBUBNAGAR,71,71,38967.95,548.844366197183
ELPHINSTONE ROAD MUMBAI,26,26,38893.24,1495.893846153846
ANDHERI(E) MUMBAI,47,47,38883.13,827.3006382978723
APPARTMENTS BANGALORE,4,4,38828.0,9707.0
MARGAO SALCETE,30,30,38784.21,1292.807
KURLA WEST - MUMBAI,3,3,38739.33,12913.11
SOCIETY BANGALORE,8,8,38696.78,4837.0975
HSP,20,20,38674.34,1933.7169999999999
21A FARIDABAD,67,67,38630.83,576.579552238806
PONDA NORTH,77,77,38576.99,500.9998701298701
PHASE 1 HINJEWADI PUNE,23,23,38524.55,1674.9804347826089
SINGHBHUM,47,47,38515.18,819.471914893617
LBS MARG THANE W THANE,12,13,38472.67,2959.4361538461535
KANCHIPURAM (DT),5,5,38421.0,7684.2
BOKARO STEEL CITY,20,20,38303.0,1915.15
LAKHISARAI,27,27,38283.9,1417.9222222222222
VIRAR W,22,22,38270.24,1739.5563636363636
AZAD NAGAR THANE,17,17,38203.69,2247.275882352941
KORAMANGALA IST BLOCK BANGALORE,28,28,38198.0,1364.2142857142858
SECTOR-9 MIRA ROAD E THANE,26,26,38175.39,1468.2842307692308
HUBLI DHARWAD,57,57,38079.03,668.0531578947368
PASCHIM CHAMPARAN,15,15,38061.82,2537.4546666666665
PORBANDAR,29,29,38060.549999999996,1312.4327586206896
SENDHWA,26,26,38045.2,1463.276923076923
KHUNTI,37,37,38014.54,1027.42
SAUDAGAR PUNE,14,14,38008.06,2714.8614285714284
PITAMPURA NEAR MAX HOSPITAL DELHI,12,12,38002.31,3166.8591666666666
ETAH,70,70,37910.93,541.5847142857143
BICHOLIM,31,31,37898.25,1222.524193548387
NEW DELH,36,36,37865.25,1051.8125
SOUTH WEST DELHI DELHI,23,23,37788.23,1642.9665217391305
ANGUL,44,44,37781.76,858.6763636363637
UPPERPALLY HYDERABAD,44,44,37756.32,858.0981818181818
MASUDI COIMBATORE,1,1,37735.0,37735.0
MANDIR PUNE,4,4,37732.0,9433.0
VARCA,20,20,37722.0,1886.1
TOWER NO 6 MUMBAI,11,11,37521.0,3411.0
QUEPEM,21,21,37483.69,1784.9376190476191
SURGUJA,24,24,37459.229999999996,1560.8012499999998
FUNCTION HALL HYDERABAD,15,15,37403.17,2493.5446666666667
SCHOOL AHMEDABAD,6,6,37275.16,6212.526666666668
SHANI KALI MANDIR KOLKATA,9,9,37266.28,4140.697777777777
BANK PUNE,42,42,37251.6,886.9428571428571
RAIGARH CG RAIGARH,129,129,37238.3,288.668992248062
GADAG,76,76,37206.46,489.5586842105263
KAVARATTI,19,19,37134.59,1954.4521052631578
BANDA,48,48,37115.88,773.2475
BAKROL,24,24,37075.51,1544.8129166666668
SAFIDON,53,53,37026.87,698.6201886792453
SOUTH BOPAL AHMEDABAD,24,24,36919.72,1538.3216666666667
BAZAR PRINCESS STREET MUMBAI,15,15,36898.2,2459.8799999999997
AIRPORT RD BANGALORE,8,8,36790.62,4598.8275
DEOPUR DHULE,29,29,36714.0,1266.0
TELANGANA,13,13,36691.75,2822.4423076923076
RAS TANURA,3,3,36621.0,12207.0
THANJAVUR DT,47,47,36586.97,778.446170212766
DISTT GURGAON,19,19,36557.55,1924.0815789473686
EAST SINGBHUM,24,24,36514.83,1521.45125
DOMBIVILI,9,9,36479.0,4053.222222222222
EXPRESSWAY NOIDA,46,46,36469.67,792.8189130434782
GANAUR,30,30,36461.56,1215.3853333333332
AL SALMIYA,16,16,36458.2,2278.6375
SULTANPUR LODHI,59,59,36455.159999999996,617.8840677966101
ON KALYAN ROAD NAVI MUMBAI,19,19,36420.8,1916.8842105263159
SRIPERUMPUDUR,3,3,36339.0,12113.0
COLABA MUMBAI,14,14,36271.87,2590.8478571428573
WARANGAL WARANGAL,7,7,36233.0,5176.142857142857
MALLESHWARAM BANGALORE,24,24,36123.33,1505.13875
RANGA REDDY SERILINGAMPALLY,31,31,36062.47,1163.3054838709677
IRVING,4,4,36003.2,9000.8
EVARARD NAGAR SION(E) MUMBAI,3,3,36000.0,12000.0
VISHNUNAGAR KALYAN THANE,14,14,35929.14,2566.367142857143
URMAR TANDA,16,16,35848.15,2240.509375
ERNAKULAM DISTRICT,29,29,35803.24,1234.5944827586206
CHEMBUR,36,36,35750.55,993.0708333333334
WAYS PANCHKUVA AHMEDABAD,57,57,35728.0,626.8070175438596
MIRA ROAD THANE,40,40,35714.57,892.86425
TONK,36,36,35690.57,991.4047222222222
DEVONSHIRE,17,17,35682.979999999996,2098.9988235294113
D MART BANGALORE,16,16,35676.26,2229.76625
KADUBEESANAHALLI BELLANDUR POST,21,21,35649.14,1697.578095238095
SAI TEMPLE ROAD BANGALORE,24,24,35641.58,1485.0658333333333
PANCHKULA PINJORE,16,16,35626.520000000004,2226.6575000000003
KALYAN (W),36,36,35574.53,988.1813888888888
HINJEWADI PUNE,47,47,35538.17,756.1312765957447
SHIVAJINAGAR PUNE,9,9,35517.16,3946.3511111111115
PILIBHIT,79,79,35508.4,449.473417721519
KARTARPUR,37,37,35469.43,958.6332432432432
THOOTHUKUDI DT,26,26,35444.42,1363.246923076923
RANGAREDDY DIST,32,32,35426.44,1107.07625
MADHAPAR,3,3,35316.0,11772.0
BHOSALE NAGAR PUNE,38,38,35255.6,927.778947368421
CHAKAN PUNE,40,40,35249.3,881.2325000000001
24 PARGANAS NEW RAIPUR,8,8,35232.479999999996,4404.0599999999995
RING ROAD SURAT,6,6,35161.75,5860.291666666667
BUILDING MADHAPUR HYDERABAD,13,13,35074.47,2698.036153846154
GURGAON RD DUNDHERA GURGAON,15,15,35049.2,2336.6133333333332
HALISAHAR,22,22,35046.75,1593.034090909091
MOSCOW,2,2,35000.0,17500.0
TILAKPUR,2,2,35000.0,17500.0
SOCORRO,34,34,34935.13,1027.5038235294116
CITY PUNE,31,31,34912.23,1126.2009677419355
KALIMPONG,37,37,34879.68,942.694054054054
DIST PUNE,26,26,34866.61,1341.0234615384616
VIRGONAGAR POST BANGALORE,23,23,34830.14,1514.3539130434783
RD SOS POST BANGALORE,35,35,34813.1,994.66
WOKHA,48,48,34773.9,724.4562500000001
SINDHUDURG - DISTRICT,64,64,34764.23,543.19109375
DIST-RAE BARELI,17,17,34684.2,2040.2470588235292
ABUDHABI,17,17,34666.0,2039.1764705882354
GAUTAM BUDHA NAGAR,12,12,34567.57,2880.630833333333
INDIRANAGAR BANGALORE,39,39,34499.43,884.6007692307693
PO BOX 250310 RIYADH,17,17,34395.0,2023.235294117647
AMETHI,56,56,34342.14,613.2524999999999
VITTHAL UDYOG NAGAR,4,4,34327.47,8581.8675
MANDIR CLUB KOLKATA,18,18,34306.0,1905.888888888889
KOPARKHAIRANE THANE,1,1,34288.0,34288.0
VRINDAVAN LANE TRIVANDRUM,17,17,34232.79,2013.6935294117648
BARAMULLA,74,74,34232.65,462.6033783783784
VASAI W THANE,22,22,34173.13,1553.3240909090907
MARKET YARD PUNE,24,24,34110.22,1421.2591666666667
NAGAR ROAD PUNE,43,43,33998.62,790.6655813953489
RING RD VARTHUR HOBLI BANGALORE,53,53,33993.340000000004,641.3837735849057
ROAD ANDHERI (E) MUMBAI,33,33,33991.72,1030.0521212121212
MALAD (W) MUMBAI,29,29,33954.07,1170.83
NARAYANA TEMPLE BANGALORE,9,9,33905.0,3767.222222222222
WEST TRIPURA WEST TRIPURA TRIPURA,33,33,33880.43,1026.679696969697
HOSPITAL PAREL MUMBAI,30,30,33710.92,1123.6973333333333
ROHINI,14,14,33707.67,2407.690714285714
BADLAPUR E,10,10,33673.0,3367.3
DEESA,51,51,33672.41,660.2433333333335
ABU DHABI 303,1,1,33654.0,33654.0
CENTRAL DELHI DELHI,9,9,33558.0,3728.6666666666665
TAL DIST PALGHAR BOISAR,67,69,33529.94,485.94115942028986
TIPTUR,10,10,33504.979999999996,3350.4979999999996
MAIN ROAD P N PALAYAM COIMBATORE,37,37,33477.85,904.8067567567567
AMBARNATH,60,60,33472.75,557.8791666666667
KURLA RD ANDHERI EAST MUMBAI,9,9,33424.5,3713.8333333333335
STAINES,12,12,33389.11,2782.4258333333332
AHMED NAGAR,41,41,33355.37,813.5456097560976
CHITTARANJAN,16,16,33337.0,2083.5625
MANAPALYA BOMMNAHALLI BANGALORE,27,27,33296.93,1233.2196296296297
TEH GURGAON GURGAON,6,6,33169.0,5528.166666666667
ASSAGAO,9,9,33168.54,3685.3933333333334
AMROHA,87,87,33161.21,381.1633333333333
BANDRA W MUMBAI,37,37,33154.130000000005,896.0575675675677
WEST BADLAPUR,4,4,33114.0,8278.5
ELPHINSTONE ROAD W MUMBAI,20,20,33085.45,1654.2724999999998
HEADQUARTER NAVI MUMBAI,9,9,33071.0,3674.5555555555557
ROAD GURGAON,37,37,33057.35,893.4418918918918
THODUPUZHA,22,22,32957.52,1498.0690909090908
PUZHITHIVALKAM CHENNAI,23,23,32895.0,1430.2173913043478
24 PGNS NORTH,74,75,32880.22,438.40293333333335
GAS AGENCY BANGALORE,1,1,32867.12,32867.12
YERWADA ABOVE IDEA SHOWROOM PUNE,17,17,32861.0,1933.0
SOUTH GOA,37,37,32785.02,886.0816216216215
SERAMPORE,22,22,32757.34,1488.97
MODINAGAR,73,73,32745.64,448.5704109589041
CHIRALA,26,26,32709.55,1258.0596153846154
373078374 PO BOX 48865 DUBAI,12,12,32705.0,2725.4166666666665
KARIM NAGAR,94,94,32679.22,347.6512765957447
FAHAHEL,23,23,32609.5,1417.804347826087
PUMP AHMEDABAD,23,23,32589.38,1416.9295652173914
TOTAL SUPERSTORE BANGALORE,8,8,32492.0,4061.5
PALAMPUR,67,67,32486.25,484.8694029850746
MAHABUB NAGAR,89,89,32380.350000000002,363.82415730337084
ANJAR,33,33,32378.81,981.1760606060607
NALLASOPARA E,6,6,32348.0,5391.333333333333
SANPADA NAVI MUMBAI,28,28,32324.66,1154.452142857143
NAKA MUMBAI,13,13,32300.0,2484.6153846153848
TRISSUR,11,11,32279.25,2934.4772727272725
KGF,5,5,32265.0,6453.0
NEVILLE HOUE MUMBAI,17,17,32259.83,1897.6370588235295
CHARLOTTE,11,11,32244.09,2931.280909090909
BARIATU ROAD RANCHI,91,91,32219.63,354.06186813186815
ABOHAR (FEROZEPUR),10,10,32170.48,3217.048
JACOB CIRCLE MUMBAI MUMBAI,13,13,32148.0,2472.923076923077
BIDHANNAGAR,7,7,32115.190000000002,4587.884285714286
POST KOCHI,39,39,32095.09,822.9510256410257
ROAD NUNGAMBAKKAM CHENNAI,16,16,32083.85,2005.240625
THANE VIDYASHRAM THANE,18,18,32062.559999999998,1781.253333333333
CHAMRAJNAGAR,32,32,32046.49,1001.4528125
VELLORE DT,93,93,32044.74,344.56709677419354
VISHNUNAGAR THANE,26,26,32035.25,1232.125
VELLORE DISTRICT,36,36,31938.0,887.1666666666666
JOGESHWARI (W) MUMBAI,15,15,31771.260000000002,2118.0840000000003
BAUG PANT NGR GHATKOPAR E MUMBAI,20,20,31763.95,1588.1975
KOIL BACK SIDE CHENNAI,4,4,31700.0,7925.0
STEELHOUSE HYDERABAD,2,2,31688.0,15844.0
GOLAGHAT,49,49,31676.2,646.4530612244898
PITAMPURA NEW DELHI,4,4,31594.0,7898.5
KHAR  MUMBAI,23,23,31550.96,1371.7808695652172
ITANGAR,4,4,31539.239999999998,7884.8099999999995
SAMRUDHDHI BHAVAN RAJKOT,6,6,31521.47,5253.578333333334
MUMABAI,15,15,31455.69,2097.046
CHAKAN ROAD PUNE,16,16,31423.4,1963.9625
HOSPITAL NEW DELHI,29,29,31421.79,1083.51
ALWARDAS GROUND VISAKHAPATNAM,7,7,31411.82,4487.402857142857
VASAI ROAD WEST,14,14,31396.45,2242.6035714285713
GURAON,22,22,31382.52,1426.4781818181818
HYDERABAD AP,13,13,31380.89,2413.9146153846154
NAGPUR NAGPUR,37,37,31369.53,847.8251351351352
MORENA,107,108,31336.57,290.15342592592594
VILLAGE UTTARAHALLI BANGALORE,42,42,31296.489999999998,745.1545238095238
HAWRAH,22,22,31288.76,1422.2163636363637
SHOWROOM THANE,22,22,31282.0,1421.909090909091
HIGH SCHOOL MUMBAI,21,21,31262.13,1488.672857142857
LEIDEN,17,17,31183.06,1834.2976470588237
EAST CHAMPARAN,39,39,31177.8,799.4307692307692
EAST KHASI HILLS,61,62,31177.09,502.85629032258066
HIGH SCHOOL KOLKATA,19,19,31138.73,1638.8805263157894
MARKET SANJAY GRAM RD GURGAON,6,6,31125.0,5187.5
UTTARA KANNADA,90,90,31093.2,345.48
COMPA COLA MUMBAI,9,9,31082.95,3453.661111111111
SANCY LAUNDRY BANGALORE,1,1,31000.0,31000.0
ARARIA,65,65,30965.3,476.3892307692308
MOUNTAIN VIEW,8,8,30950.09,3868.76125
PURVA FAIRMONT APARMENTS BANGALORE,25,25,30941.98,1237.6792
ROAD DADAR WEST MUMBAI,25,25,30904.0,1236.16
CITY PO BANGALORE,46,47,30893.01,657.2980851063829
NABHA,39,39,30878.8,791.7641025641026
MUMBAI M CORP THANE VASHI,4,4,30866.41,7716.6025
GODAVARI,17,17,30840.58,1814.1517647058824
NIIMB POST BANGALORE,16,16,30779.09,1923.693125
VARNASI,32,32,30734.75,960.4609375
BISHAP HOUSE RAJKOT,5,5,30682.0,6136.4
HALIYAL,7,7,30636.739999999998,4376.677142857143
ARLEM,64,65,30627.55,471.1930769230769
AMBASAMUDRAM,48,48,30623.2,637.9833333333333
AMRAI,24,24,30601.66,1275.0691666666667
BERHAMPUR,60,60,30563.65,509.3941666666667
BEGUSARA,27,27,30548.0,1131.4074074074074
APARTMENTS PATPARGANJ DELHI,12,12,30547.36,2545.6133333333332
ROAD AIROLI NAVI MUMBAI,23,23,30518.68,1326.8991304347826
HONGKONG,7,7,30505.95,4357.992857142857
MATA ROAD KALYAN WEST KALYAN,12,12,30477.7,2539.8083333333334
L N PURAM BANGALORE,32,32,30387.53,949.6103125
TILAK BHAVAN MUMBAI,12,12,30382.16,2531.846666666667
AL KHOBAR,7,7,30355.41,4336.487142857143
NR SAI MANDIR MUMBAI,17,17,30322.5,1783.6764705882354
AMESTERDAM,6,6,30294.0,5049.0
SCHOOL MADHAPUR HYDERABAD,40,40,30268.33,756.70825
S O MUMBAI,9,9,30267.92,3363.102222222222
BACHUPALLY RANGAREDDI,15,15,30181.64,2012.1093333333333
VISAKHAPATANAM,28,28,30092.41,1074.7289285714285
RAJGURUNAGAR,35,35,30091.129999999997,859.7465714285713
NEAR HUSKUR GATE BANGALORE,17,17,30070.28,1768.84
DIST RAIGARH NAVI MUMBAI,1,1,30000.0,30000.0
CHANDANNAGAR HAVELI PUNE,3,3,30000.0,10000.0
CITY  GURGAON,28,28,29987.78,1070.9921428571429
SANAPADA,17,17,29980.0,1763.5294117647059
NEEM KA THANA,47,47,29960.77,637.4631914893617
BAPAT MARG LOWER PAREL MUMBAI,8,8,29940.0,3742.5
SANGUEM SOUTH GOA,49,49,29914.91,610.5083673469388
ANDHERI EAST,32,32,29910.43,934.7009375
DISTT SOLAN BADDI,20,20,29876.49,1493.8245000000002
HUDA,6,6,29866.0,4977.666666666667
NAMAKKAL DT,74,74,29838.87,403.22797297297296
TIHIDI,7,7,29830.129999999997,4261.447142857142
AMBERNATH E,26,26,29682.23,1141.6242307692307
SONAMURA,11,11,29640.0,2694.5454545454545
ESTATE WORLI NAKA MUMBAI MUMBAI,15,15,29618.6,1974.5733333333333
HIRANANDANI GARDEN POWAI MUMBAI,24,24,29597.24,1233.2183333333335
JAMIA NAGAR,6,6,29555.510000000002,4925.918333333334
TALEGAON DABHADE,17,17,29552.48,1738.3811764705881
GONDIA,44,44,29495.7,670.3568181818182
HOSPITAL HYDERABAD,4,4,29468.0,7367.0
TALEIGAD,11,11,29441.0,2676.4545454545455
PALGHAR THANE,40,40,29434.87,735.87175
PALANPUR,21,21,29414.14,1400.6733333333334
AGRIPADA MUMBAI,12,12,29401.379999999997,2450.115
COMPOUND TARDEO MUMBAI,20,20,29367.45,1468.3725
CHANDRAPUR DIST,45,45,29365.38,652.5640000000001
BAKERY BANGALORE,13,13,29361.8,2258.6
KOTTAYAM DIST,12,12,29343.03,2445.2525
BPCL OFFICE KOLKATA,8,8,29338.97,3667.37125
TO MOTHERHOOD HOSPITAL BANGALORE,46,46,29332.13,637.655
MAHILPUR,13,13,29323.95,2255.6884615384615
LAYOUT BANGALORE,33,33,29308.91,888.1487878787879
ANDHERI-W MUMBAI,18,18,29308.14,1628.23
SHIVAMOGGA,36,36,29277.14,813.2538888888889
KUTCH,41,41,29270.31,713.9100000000001
MAHARASHTRA MUMBAI,24,24,29259.59,1219.1495833333333
GHATKOPAR (W) MUMBAI,34,34,29243.95,860.1161764705882
MUDURAI,19,19,29243.84,1539.1494736842105
ANEKAL TALUK BANGALORE,7,7,29231.62,4175.9457142857145
SURYAPET NALGONDA DIST,27,27,29201.56,1081.5392592592593
SANT RAVIDAS NAGAR,80,80,29195.68,364.946
BHARTIVIDYAPEETH POLICE STN PUNE,21,21,29154.0,1388.2857142857142
NOIDA SEC 77,23,23,29101.05,1265.263043478261
BARAN,91,92,29100.49,316.30967391304347
ANOOPSHAHR,22,23,29097.79,1265.121304347826
KHARGONE,23,23,29095.06,1265.0026086956523
PHASE-1 GURGAON,10,10,29071.3,2907.13
VILLIVAKKAM CHENNAI,5,5,29053.5,5810.7
BILEKAHALLI BANGALORE,31,31,29038.14,936.7141935483871
SHOWROOM BANGALORE,38,38,29005.13,763.2928947368422
SHIVSENA BHAWAN MUMBAI,17,17,28974.0,1704.3529411764705
TALKIES BHIWANDI,6,6,28898.6,4816.433333333333
ULSAN,5,5,28870.0,5774.0
BANTVAL,7,7,28786.0,4112.285714285715
DUBLIN,13,13,28727.12,2209.7784615384617
KUKATPALLY TIRUMALAGIRI HYDERABAD,7,7,28697.33,4099.618571428572
LAKHIMPUR-KHERI,36,36,28687.97,796.8880555555556
VIDYAPITH SOUTH 24 PARGANAS,13,13,28659.6,2204.584615384615
STATUE PUNE,17,17,28627.04,1683.9435294117648
TANK HYDERABAD,2,2,28584.0,14292.0
CEMENT STORE ROOM HYDERABAD,28,28,28570.329999999998,1020.3689285714285
AMEERPET HYDERABAD,8,8,28542.0,3567.75
THIRUVALLUR DT,31,31,28493.57,919.1474193548387
SUDAMA CHOWK SURAT,9,9,28478.030000000002,3164.2255555555557
NEW MARKET KOLKATA,3,3,28468.0,9489.333333333334
PART II DELHI,10,10,28458.41,2845.841
MORBI,52,52,28456.809999999998,547.2463461538462
BHIND,83,83,28454.95,342.83072289156627
LAHUL AND SPITI,20,20,28423.45,1421.1725000000001
THIRUNMUYUR,29,30,28386.86,946.2286666666666
MANSA,44,44,28360.47,644.5561363636364
GREATAR NOIDA,14,14,28333.18,2023.7985714285714
WILLINGDON ISLAND,20,20,28331.32,1416.566
SAMRALA,22,22,28321.68,1287.3490909090908
GHANSOLI,14,14,28296.15,2021.1535714285715
FLY OVER PUNE,3,3,28286.0,9428.666666666666
MAHIPALPUR NEW DELHI,6,6,28277.66,4712.943333333334
NEDUNGADAPALLY,3,3,28263.0,9421.0
BUDDHA NAGAR NOIDA,12,12,28254.56,2354.5466666666666
NEARTO MANTRI MALL BANGALORE,8,8,28224.0,3528.0
BELAGAVI,16,16,28181.6,1761.35
COMPOUND BYCULLA MUMBAI,11,11,28150.84,2559.1672727272726
UAE,19,19,28114.92,1479.7326315789473
MAHAMAYA NAGAR,43,43,28096.65,653.410465116279
MARATHAHALLI COLONY BANGALORE NORTH,6,6,28078.0,4679.666666666667
KALIKAMBAL KOIL PARRYS CHENNAI,5,5,28033.0,5606.6
COOCH BEHAR,52,52,28022.7,538.8980769230769
CONVENT MUMBAI,1,1,27999.0,27999.0
LOHARDAGA,36,36,27979.68,777.2133333333334
ANIK DEPOT MUMBAI,4,4,27916.0,6979.0
ALTO PORVORIM,9,9,27871.53,3096.8366666666666
HOTEL CHEMBUR EAST MUMBAI,16,16,27860.0,1741.25
KUNDANAHALLI BROOKFIELD BANGALORE,12,12,27858.98,2321.5816666666665
CHETNA COLLEGE BANDRA E MUMBAI,10,10,27845.0,2784.5
TIRUCHIRAPALLI,58,58,27842.62,480.04517241379307
DIST-GANDHINAGAR,8,8,27822.190000000002,3477.7737500000003
39 OPP HSBC BUILDING GURGAON,29,29,27817.0,959.2068965517242
BADLAPUR (E) BADLAPUR,5,5,27770.0,5554.0
SABHAGRUH NAGPUR,19,19,27763.75,1461.25
SHANKARA EYE HOSPITAL CHENNAI,34,34,27754.68,816.3141176470589
SOMAJIGUDA HYDERABAD,8,8,27747.89,3468.48625
NAGAR GOREGAON WEST MUMBAI,10,10,27704.0,2770.4
NORTH 24 PARGANAS AXIS MALL KOLKATA,6,6,27645.2,4607.533333333334
MARSEILLE,14,14,27601.010000000002,1971.5007142857144
BOLPUR (WEST BENGAL),15,15,27594.56,1839.6373333333333
KUALALUMPUR,2,2,27565.0,13782.5
RAMANAGAR,42,42,27561.43,656.2245238095238
TEMPLE BENGALURU,16,16,27542.3,1721.39375
HIGH ROAD NUNGAMBAKKAM CHENNAI,38,38,27541.3,724.771052631579
NIPHAD,1,1,27538.0,27538.0
S.B MARG W MUMBAI,16,16,27506.9,1719.18125
TRISHUR,27,27,27504.5,1018.6851851851852
".-PURAM, BANGALORE",36,36,27474.440000000002,763.178888888889
AXIS BANK ATM HYDERABAD,15,15,27451.78,1830.1186666666665
DAIMOND DIST BANGALORE,7,7,27451.0,3921.5714285714284
BUS STOP NEAR BANGALORE,25,25,27442.0,1097.68
KORBA,38,38,27434.88,721.9705263157895
ROAD EAST THANE,14,14,27430.0,1959.2857142857142
UKHRUL DIST,22,22,27420.1,1246.3681818181817
RAIGARH (MH) PANVEL,16,16,27412.32,1713.27
URAN RAIGAD,37,37,27386.76,740.1827027027026
RACHI,26,26,27352.0,1052.0
TIRUCHIRAPALLY,15,15,27335.0,1822.3333333333333
MANDPESHWAR MUMBAI,2,2,27330.0,13665.0
SECUNDERABAD BOLARUM HYDERABAD,20,20,27320.4,1366.02
EDISON,3,3,27298.0,9099.333333333334
MALOUT,44,44,27242.64,619.1509090909091
NORBURY,10,10,27240.0,2724.0
RING ROAD VARTHUR HOBLI BANGALORE,57,57,27189.76,477.0133333333333
DUNDAHERA GURGAON,15,15,27185.3,1812.3533333333332
SAMBALPUR,49,49,27138.08,553.8383673469389
STOP MUMBAI,15,15,27114.36,1807.624
VASAI VIRAR MUNICIPAL PALGHAR VIRAR,14,14,27060.14,1932.8671428571429
RD ANDHERI WEST MUMBAI,29,29,27050.85,932.7879310344827
POINTS HOTEL VADGAONSHERI PUNE,47,47,27040.0,575.3191489361702
KASARWADAVALI POLICE STATION THANE,2,2,27000.0,13500.0
NEAR JEHANGIR HOSPITAL PUNE,20,20,26975.56,1348.778
MARGHERITA,18,18,26972.5,1498.4722222222222
SONEBHADRA,40,40,26934.010000000002,673.3502500000001
JOGESHWARI WEST,10,10,26900.0,2690.0
VADODARA VADODARA,13,13,26893.9,2068.7615384615387
RATANGARH,38,38,26893.0,707.7105263157895
MARREDPALY WEST SECBAD,26,26,26874.37,1033.6296153846154
NR ICICI BANK ANDHERI W MUMBAI,8,8,26859.0,3357.375
RD BADLAPUR EAST AMBERNATH THANE,13,13,26785.0,2060.3846153846152
NEAR MUMBAI PUNE HAIWAY PUNE,18,18,26767.58,1487.0877777777778
KALYANA MANDAPAM COIMBATORE,2,2,26753.0,13376.5
EXCOM HOUSE MUMBAI,65,65,26740.21,411.3878461538461
COVENTRY,5,5,26739.0,5347.8
PNEW DELHI,16,16,26647.0,1665.4375
GADARPUR,12,12,26566.0,2213.8333333333335
MUMBAI (SUB URBAN),34,34,26555.89,781.0555882352941
SALEM DT,21,21,26504.0,1262.095238095238
MAHALUNGE PUNE PUNE,13,13,26486.34,2037.4107692307693
SHAKTI CHOWK PUNE MUM HIGHWAY PUNE,18,18,26473.39,1470.743888888889
HOTEL BACK SIDE CHENNAI,5,5,26470.27,5294.054
HOOGLY,12,12,26424.05,2202.0041666666666
DHUBRI,34,35,26402.35,754.3528571428571
SCHOOL COIMBATORE,28,28,26387.47,942.4096428571429
NAGAR MALAD (EAST) MUMBAI,8,8,26383.94,3297.9925
PETROL PUMP MUMBAI,14,14,26369.5,1883.5357142857142
BHATINDA,26,26,26354.5,1013.6346153846154
GATE NO 1 AND 2 BASEMENT DELHI,3,3,26314.0,8771.333333333334
"PURAM, BANGALORE",36,36,26273.94,729.8316666666666
BATALA,58,58,26272.0,452.9655172413793
LAKHI SARAI,16,16,26260.27,1641.266875
MUTHAPUDHUPET,15,15,26255.0,1750.3333333333333
NAGRI,3,3,26246.5,8748.833333333334
SOUTH TWENTY FOUR PARGANAS,30,30,26232.0,874.4
BANDRA (E) MUMBAI,14,14,26209.7,1872.1214285714286
WINES CHARLAPALLY HYDERABAD,3,3,26180.0,8726.666666666666
HOTEL NAVI MUMBAI,20,20,26175.74,1308.787
BIDAR DIST KARNATAKA,60,60,26141.75,435.6958333333333
MEHMEDABAD,16,16,26109.0,1631.8125
CHENGANNUR,27,27,26083.99,966.0737037037038
WEST SINGHBHUM,39,39,26071.76,668.5066666666667
S KOTA,4,4,26061.0,6515.25
SANGLI-DISTRICT,62,62,26032.6,419.8806451612903
TIRUNELVELI DT,47,47,26023.0,553.6808510638298
CHOWK OPP INDRALOK RESI SURAT,6,6,26019.46,4336.576666666667
OPP SAI BABA TEMPLE HYDERABAD,6,6,26005.16,4334.193333333334
DOMBIVALI (EAST),22,22,25965.61,1180.255
ABOVE TOTAL SUPER STORE BANGALORE,51,51,25959.29,509.0056862745098
(INDIA ) NAGPUR,8,8,25936.2,3242.025
(W)  MUMBAI,22,22,25874.79,1176.1268181818182
SECTOR 30A VASHI NAVI MUMBAI,4,4,25861.86,6465.465
MANDIR NAGPUR NAGPUR,30,30,25859.7,861.99
DOMBIVLI AST,14,14,25852.0,1846.5714285714287
DWARKA (DELHI),10,10,25846.62,2584.662
SAKET,46,46,25802.93,560.9332608695652
NANGANALLUR CHENNAI,4,4,25760.0,6440.0
DEPOT BORIVALI(E) MUMBAI,21,21,25759.52,1226.6438095238095
MILLENNIUM BANGALORE,22,22,25725.93,1169.3604545454546
HIMATNAGAR,20,20,25721.05,1286.0525
LOWER PAREL W MUMBAI,14,14,25646.34,1831.8814285714286
MANGAF,13,13,25628.5,1971.423076923077
KALYANAMANDAPAM HYDERABAD,16,16,25622.53,1601.408125
POLICE STATION MUMBAI,12,12,25557.7,2129.8083333333334
HEIDENHEIM,3,3,25555.539999999997,8518.513333333332
SHAMSHABAD RANGAREDDY,23,24,25549.57,1064.5654166666666
CHANDEL,41,41,25536.66,622.8453658536586
BHADRAK,101,101,25520.81,252.68128712871288
SAMBHAJI GARDEN MUMBAI,2,2,25513.0,12756.5
COMMERCE JOGESHWARI WEST MUMBAI,3,3,25512.5,8504.166666666666
KHARADI BYPASS HADASPAR PUNE,28,28,25499.87,910.7096428571429
HAMBURG,10,10,25479.78,2547.978
DOMBIVILI WEST VISHNUNAGAR THANE,3,3,25468.1,8489.366666666667
PADUKA CHOWK F C RD PUNE,14,14,25452.64,1818.0457142857142
JAIL ROAD NASHIK,7,7,25350.0,3621.4285714285716
TIRUCHIRAPALLI DT,13,13,25317.0,1947.4615384615386
OLD BOWENPALLY,26,26,25300.1,973.0807692307692
MUKTSAR SAHIB,18,18,25273.54,1404.0855555555556
KEELKATTALAI CHENNAI,8,8,25259.11,3157.38875
THIRUVALLA PATHANAMTHITTA,43,43,25230.95,586.7662790697675
TISWADI,42,42,25227.89,600.6640476190476
CHEMBUR E MUMBAI,5,5,25223.0,5044.6
SAJJANRAOCIRCLE V V PURAM BANGALORE,12,12,25204.11,2100.3425
DAHANU,16,16,25192.469999999998,1574.5293749999998
SHEBOYGAN,21,21,25143.35,1197.3023809523809
MUZZAFFAR NAGAR,46,46,25131.78,546.3430434782608
BIRMINGHAM,9,9,25123.0,2791.4444444444443
AHMADABAD,15,15,25105.77,1673.718
VARANASI VARANASI,9,9,25086.98,2787.442222222222
TIRUVALLUR DT,32,32,25084.25,783.8828125
BALTANA,40,40,25032.9,625.8225
DIKSHIT RAIPUR,2,2,25031.0,12515.5
RATLAM,50,50,25027.3,500.546
BARGARH,32,32,25026.8,782.0875
GAMDEVI MUMBAI,1,1,25000.0,25000.0
KALYAN (W) KALYAN,1,1,25000.0,25000.0
HADPSAR I C PUNE,22,22,24992.65,1136.0295454545455
EYE CARE HOSPITAL COIMBATORE,23,23,24973.0,1085.7826086956522
PATAN,38,38,24939.03,656.2902631578947
SIGNAL MUMBAI,55,55,24909.56,452.90109090909095
ALDONA,25,25,24905.59,996.2236
HIGHWAY MUMBAI,2,2,24875.0,12437.5
SINGRAULI,42,42,24874.14,592.2414285714285
SO MUNDWA PUNE,8,8,24865.57,3108.19625
DL NEW DELHI,3,3,24849.6,8283.199999999999
JOHANNESBERG,14,14,24844.43,1774.6021428571428
LOWR PAREL MUMBAI,15,15,24842.0,1656.1333333333334
KRISHNA HIGH SCHOOL HYDERABAD,5,5,24812.0,4962.4
OPP MCDONALDS MUMBAI,3,3,24789.34,8263.113333333333
HERNDON,1,1,24776.0,24776.0
MARATHAHALLI RING RD BANGALORE,15,15,24749.11,1649.9406666666666
VIANAYAKA CIRCLE BANGALORE,6,6,24733.0,4122.166666666667
PIMPLE SAUDAGAR PUNE,58,58,24726.23,426.31431034482756
GOVERNMENT TIN SCHOOL BANGALORE,6,6,24707.62,4117.9366666666665
CHAKALA ANDHERI(E) MUMBAI,29,29,24698.2,851.6620689655173
CHAMOLI,98,98,24697.74,252.01775510204084
KOREGAON PARK PUNE,17,17,24670.4,1451.2
TIRUNELVELI RURAL,24,24,24662.4,1027.6000000000001
SAKINAKA ANDHERI E MUMBAI,34,34,24630.0,724.4117647058823
JUNCTION MUMBAI,11,11,24603.31,2236.6645454545455
SINNAR DIST NASHIK,27,27,24592.95,910.85
MARG MUMBAI,13,13,24589.94,1891.533846153846
TRIPUNITHURA,8,8,24566.65,3070.83125
OFF M G ROAD MUMBAI,10,10,24565.5,2456.55
BAIHAR,23,23,24551.12,1067.44
KOLKATA NEAR COLLEGE MORE KOLKATA,20,20,24513.74,1225.6870000000001
MADHYAMGRAM,13,13,24489.95,1883.8423076923077
VILLAGE K R PURAM HOBLI BANGALORE,26,26,24482.85,941.6480769230768
CORPORATION BANK KOLKATA,12,12,24479.6,2039.9666666666665
BILARI,27,27,24456.38,905.7918518518519
PURNEA,38,38,24447.5,643.3552631578947
BUS STOP CHENNAI,1,1,24437.0,24437.0
EXPRESS HIGHWAY SION E MUMBAI,8,8,24395.3,3049.4125
CARMONA,14,14,24393.72,1742.4085714285716
GHATKOPAR W MUMBAI,36,36,24381.61,677.2669444444444
PEORIA,11,11,24371.37,2215.5790909090906
KAZHAKUTTON,9,9,24345.07,2705.007777777778
MURUGESHPALLYA BANGALORE,24,24,24336.21,1014.00875
RAJGANGPUR,20,20,24295.0,1214.75
ANAND NAGAR DAHISAR E MUMBAI,10,10,24284.0,2428.4
PEN DIST RAIGAD,1,1,24276.0,24276.0
PADA MALAD (W) MUMBAI,10,10,24253.6,2425.3599999999997
MARG KURLA MUMBAI,3,3,24239.15,8079.716666666667
5TH PHASE BANGALORE,12,12,24230.0,2019.1666666666667
NODE NAVI MUMBAI,13,13,24195.34,1861.18
MHOW,14,14,24188.489999999998,1727.7492857142856
MAHARAJGANJ,75,75,24179.4,322.392
NORTH DELHI,18,18,24150.0,1341.6666666666667
QUINCY,7,7,24146.0,3449.4285714285716
DOMBIVLI EAST,15,15,24126.64,1608.4426666666666
VIRAR WEST,41,41,24119.18,588.2726829268292
KALWA KALWA THANE,9,9,24117.63,2679.7366666666667
NAGAR MUMBAI AGRA RD NASHIK,3,3,24095.0,8031.666666666667
NALASOPARA W,16,16,24070.31,1504.394375
GARDEN RD JOGESHWARI WEST MUMBAI,10,10,24038.940000000002,2403.8940000000002
BALONGI,3,3,24033.0,8011.0
SAHARANPUR DHAKDEI,3,3,24030.0,8010.0
BASHEER BAGH HYDERABAD,7,7,24019.82,3431.402857142857
GHAZIABAD DISTT GHAZIABAD,12,12,24011.050000000003,2000.9208333333336
KURUKSHETA,2,2,24000.0,12000.0
STOCKHOLM,1,1,24000.0,24000.0
KOTHAMANGALAM,16,16,23996.59,1499.786875
HOTEL OPP LOTUS PETROL PUMP MUMBAI,4,4,23900.0,5975.0
SHAHDA W KALYAN,24,24,23896.06,995.6691666666667
KHED,14,14,23871.93,1705.1378571428572
KALYAN E,29,29,23854.9,822.5827586206897
GHATKOPAR WEST,18,18,23798.0,1322.111111111111
POINT MUMBAI,9,9,23779.16,2642.128888888889
BORIVALI WEST MUMBAI,49,49,23753.06,484.7563265306123
PUTTUR,28,28,23742.34,847.9407142857143
JEHANABAD,47,47,23725.75,504.8031914893617
HOSPITAL RAJKOT,10,10,23721.0,2372.1
DEPT MUMBAI,23,23,23717.0,1031.1739130434783
TIVIM,19,19,23707.54,1247.7652631578949
PALGHAR BOISAR,10,10,23690.55,2369.055
KISHANGANJ,17,17,23661.07,1391.8276470588235
GURGAON GURGAON,18,18,23648.75,1313.8194444444443
KAILAS NEW DELHI,23,23,23622.04,1027.0452173913043
ELPHISTONE-W MUMBAI,19,19,23566.08,1240.3200000000002
CBE,28,28,23563.0,841.5357142857143
ESTATE ALAPKKAM CHENNAI,5,5,23531.95,4706.39
RAILWAY STN MUMBAI,13,13,23499.6,1807.6615384615384
KATEMANIVALI THANE,22,22,23489.2,1067.6909090909091
VASAI (WEST),7,7,23427.579999999998,3346.7971428571427
KATEMANJUALI,23,23,23424.7,1018.4652173913043
PUMP ADALAJ,17,17,23408.0,1376.9411764705883
NAGAR OKHLA NEW DELHI,6,6,23362.79,3893.7983333333336
SHIVAJI PARK MAHIM MUMBAI,20,20,23331.0,1166.55
KUKATPALLY HYDERABAD,14,14,23295.85,1663.9892857142856
INDIA OFFICE RANCHI,4,4,23281.0,5820.25
PIPARIYA,26,26,23260.260000000002,894.6253846153847
JEHANGIR HOSPITAL PUNE,49,49,23257.05,474.63367346938776
BOMMANAHALLI BANGALORE,25,25,23235.93,929.4372
BARWANI,33,33,23230.739999999998,703.9618181818181
JVPD VILE PARLE W MUMBAI,4,4,23228.19,5807.0475
WORLI MUMBAI,40,40,23227.77,580.69425
BALANGIR,28,28,23220.260000000002,829.2950000000001
VIJAPUR,36,36,23219.43,644.9841666666666
CHAKALA ANDHERI E MUMBAI,40,40,23218.72,580.4680000000001
BAPAT MARG LOWER PAREL WORLI MUMBAI,13,13,23191.8,1783.9846153846154
BHD GOREGAON SPORTS CLUB MUMBAI,28,28,23174.62,827.665
DINGDINGA,9,9,23169.3,2574.366666666667
NAGAON,38,38,23166.14,609.6352631578948
WRZESNIA,3,3,23162.82,7720.94
D MART KANJURMARG W MUMBAI,27,27,23154.1,857.5592592592592
CLUB) SOUTH 24 PARGANAS,11,11,23153.07,2104.8245454545454
PACHALAM,2,2,23061.7,11530.85
DELIVERY MUMBAI,11,11,23059.0,2096.2727272727275
JOGESHWARI W JOGESHWARI W MUMBAI,12,12,23056.11,1921.3425
AMET,13,13,23042.96,1772.5353846153846
BABUSAPALYA BANGALORE,16,16,23037.0,1439.8125
KANNAUJ,80,80,23036.59,287.957375
BKC MUMBAI,7,7,23011.0,3287.285714285714
CHANDIVALI POWAI MUMBAI,27,27,23008.4,852.162962962963
STN RD NALLASOPARA EAST PALGHAR,14,14,22963.82,1640.2728571428572
COLO MUMBAI,15,15,22958.86,1530.5906666666667
SIRMOUR,40,40,22948.73,573.71825
PEN RAIGAD,6,6,22923.0,3820.5
UDUMBANCHOLA,25,25,22906.0,916.24
RAJAPALAYAM,37,37,22895.29,618.7916216216216
OPP RD CHENNAI,10,10,22891.0,2289.1
KODERMA,55,55,22883.94,416.07163636363634
INTERNATIONAL SCHOOL MUMBAI,13,13,22842.9,1757.146153846154
LALBAUG MUMBAI,41,41,22840.0,557.0731707317074
GANESH TALAV PARMAR PARK PUNE,26,26,22834.38,878.2453846153846
CANACONA,18,18,22815.0,1267.5
GOVERNORATE MANAMA,6,6,22806.73,3801.1216666666664
ANNANAGAR WEST EXTN,17,17,22798.0,1341.0588235294117
ANAND BHAVAN CHENNAI,19,19,22729.0,1196.2631578947369
NR ARJYA PATTY ITKHOLA SILCHAR,44,44,22706.52,516.0572727272728
OUTER RING ROAD BANGALORE,56,56,22668.0,404.7857142857143
PUNJAB,6,6,22651.1,3775.183333333333
OPP SONAL BUILDING MUMBAI,2,2,22650.0,11325.0
WAYNAD,34,34,22634.29,665.7144117647059
DIST WEST TRIPURA WEST TRIPURA,16,16,22622.07,1413.879375
LAWSPET PONDICHERRY,13,13,22619.93,1739.9946153846154
BORIVALI W,13,13,22606.7,1738.9769230769232
THANE - W,4,4,22587.0,5646.75
"BHIWADI, HARCHANDPUR",8,8,22567.36,2820.92
BANASHANKARI2ND STAGE,1,1,22500.0,22500.0
KANAKAPURA RAMANAGAR,5,5,22497.0,4499.4
MITHANAGAR CHENNAI,18,18,22495.87,1249.7705555555556
KALYAN (W) THANE,16,16,22493.96,1405.8725
HOOFDDORP,2,2,22483.0,11241.5
DIGUVAMASAPALLI,24,24,22472.0,936.3333333333334
BOISAR EAST,9,9,22396.2,2488.4666666666667
RESORT BANGALORE,13,13,22368.58,1720.66
CARINDALE,3,3,22364.0,7454.666666666667
RAYAGADA,31,31,22358.9,721.2548387096774
OPP HOTEL SHABRI MUMBAI,7,7,22346.45,3192.35
LAKHMPUR KHIRI,6,6,22320.0,3720.0
WEST GARO HILLS,42,42,22316.53,531.3459523809523
VIRUDHUNAGAR DIST,11,11,22310.0,2028.1818181818182
RD NO 2 GOREGAON (E) MUMBAI,4,4,22293.0,5573.25
AZAD NAGAR MUMBAI,14,14,22288.42,1592.03
RD SAKET NEW DELHI,5,5,22286.03,4457.206
BHANDUP,25,25,22257.0,890.28
COMPLEX SELAIYUR,16,16,22255.0,1390.9375
ELPHINSTONE MUMBAI,32,32,22243.64,695.11375
LANDHRAN,3,3,22169.0,7389.666666666667
MARG NEW DELHI,16,16,22168.95,1385.559375
HOSPITAL LANE AMEERPET HYDERABAD,2,2,22148.0,11074.0
INFORE,5,5,22131.5,4426.3
ANANDNAGAR AHMEDABAD,8,8,22121.44,2765.18
COLLEGE KANPUR,2,2,22114.0,11057.0
FACTORY ANDHERI E MUMBAI,2,2,22110.0,11055.0
TEHSIL THANE THANE,5,5,22098.0,4419.6
YALVATTI,8,8,22059.06,2757.3825
FARRUKHNAGAR GURGAON,23,23,22031.65,957.8978260869566
OYAN,8,8,22013.5,2751.6875
SANTA CLARA,2,2,22000.0,11000.0
DIST THANE BOISAR,16,16,21981.23,1373.826875
RIIHIMAKI,4,4,21968.8,5492.2
BEHIND ACRES CLUB CHEMBUR MUMBAI,15,15,21951.95,1463.4633333333334
MERIDEAN GUINDY ALANDHUR CHENNAI,43,43,21922.15,509.8174418604651
TYRES CHENNAI,6,6,21911.89,3651.9816666666666
THIRUVARUR DT,34,34,21864.0,643.0588235294117
STOCKPORT,5,5,21836.11,4367.222
KOZHIKODA,9,9,21796.0,2421.777777777778
NORTH EAST DELHI,6,6,21759.44,3626.5733333333333
INTERNATIONAL SCHOOL HYDERABAD,8,8,21726.97,2715.87125
BEHIND CIDADEDE GOA PANJIM,17,17,21640.0,1272.9411764705883
MADHAPUR HYDERABAD,14,14,21602.8,1543.0571428571427
SHEOGANJ,11,11,21590.0,1962.7272727272727
DHARAMSALA DHARAMSALA,6,6,21555.0,3592.5
KALWA WEST THANE,10,10,21545.19,2154.519
SARKAGHAT,16,16,21538.31,1346.144375
KORMANGALA 1ST BLOCK BANGALORE,46,46,21517.58,467.7734782608696
BHAYANDER MIRA RD E THANE,5,5,21498.66,4299.732
VADASSERIKKARA,14,14,21489.33,1534.952142857143
INTERNATIONAL HOTEL MUMBAI,24,24,21487.260000000002,895.3025000000001
NADACKAL,7,7,21474.0,3067.714285714286
"AIZAWL, MIZORAM",40,40,21465.9,536.6475
STAND KOLKATA,11,11,21452.83,1950.257272727273
STAR THANE,1,1,21450.0,21450.0
SHAM SHABAD,23,23,21447.93,932.518695652174
IIT MUMBAI,10,10,21447.91,2144.791
VAISHALI GHAZIABAD,20,20,21421.0,1071.05
OFF PUNE NAGAR ROAD PUNE,11,11,21417.28,1947.0254545454545
KARKARDUMA,1,1,21413.06,21413.06
VILLA PUNE,4,4,21410.0,5352.5
DAKSHIN DINAJPUR,28,28,21407.0,764.5357142857143
CHAPRA,18,18,21348.0,1186.0
NEAR GHODBUNDER VILLAGE  THANE,3,3,21326.91,7108.97
TADEPALLI,7,7,21325.0,3046.4285714285716
SIVAGANGAI DIST,24,24,21312.41,888.0170833333333
ASSOLNA,12,12,21288.0,1774.0
HILL PARK COMP JOGESHWARI W MUMBAI,5,5,21251.39,4250.278
HDFC BANK KOLKATA,13,13,21232.86,1633.2969230769231
PRABHAT ROAD ERANDWANA PUNE,8,8,21227.02,2653.3775
NR JAIN TEMPLE BANGALORE RURAL,29,29,21227.0,731.9655172413793
BADARPUR DELHI,14,14,21216.02,1515.43
UNAMAN CHERY CHENNAI,12,12,21193.0,1766.0833333333333
KHERLI,31,31,21171.0,682.9354838709677
NEW  DELHI,23,23,21170.48,920.455652173913
ABU ROAD,11,11,21115.17,1919.560909090909
WORLD TRADE CENTRE BANGALORE,35,35,21085.15,602.4328571428572
NR TV9 OFFICE MUMBAI,14,14,21071.0,1505.0714285714287
TREES VERSOVA ANDHERI W MUMBAI,1,1,21066.6,21066.6
LUDHIANA LUDHIANA,8,8,21060.0,2632.5
OFFICE PUNE,16,16,21053.41,1315.838125
ATTAPUR HYDERABAD,15,15,21007.739999999998,1400.5159999999998
CANTT AMBALA CANTT,2,2,21000.0,10500.0
JOGESHWARI (EAST) S O MUMBAI,1,1,21000.0,21000.0
MANDIR MUMBAI,36,36,20981.0,582.8055555555555
DOMBIVLI THANE,22,22,20963.88,952.9036363636365
POOL BANGALORE,20,20,20957.84,1047.892
PHOENIX,7,7,20945.5,2992.214285714286
HOSPITAL ASANSOL,1,1,20900.0,20900.0
KARUR DT,32,32,20880.43,652.5134375
JOYALUKAS LANE HYDERABAD,31,31,20859.39,672.8835483870968
(W) THANE,14,14,20857.0,1489.7857142857142
W THANE,6,6,20843.0,3473.8333333333335
THIRUVALLUR DIST,5,5,20728.0,4145.6
GAJAPATI,13,13,20708.4,1592.9538461538464
VYTILLA ERNAKULAM,12,12,20703.05,1725.2541666666666
CHAMPARAN,78,78,20692.53,265.2888461538461
CHICAGO,6,6,20659.5,3443.25
CENTER MUMBAI,22,23,20587.91,895.1265217391305
CLUB KOLKATA,17,17,20572.0,1210.1176470588234
JAKKASANDRAKORAMANGALAIST BANGALORE,4,4,20546.06,5136.515
ARA,30,30,20527.5,684.25
BENCHMARK KOLKATA,19,19,20519.3,1079.9631578947367
FATORDA,26,26,20513.72,788.9892307692309
NAVELIM,12,12,20505.05,1708.7541666666666
MALAPURAM,9,9,20494.0,2277.1111111111113
SHARJAH MAIN CITY,8,8,20486.0,2560.75
SAHIBJADA,8,8,20477.57,2559.69625
GADCHIROLI,16,16,20468.88,1279.305
LAYOUT PH 1 MALLATHAHALLI BANGALORE,2,2,20435.56,10217.78
GOREGAON EAST MUMBAI MUMBAI,15,15,20432.15,1362.1433333333334
TEMPLE HYDERABAD,15,15,20431.7,1362.1133333333335
DAMOH,21,22,20431.44,928.7018181818181
CHITRADURGA,64,64,20424.9,319.1390625
GAUTAM BUDHNAGAR,20,20,20368.45,1018.4225
BUNDI,22,22,20357.54,925.3427272727273
ANATAPUR,4,4,20350.67,5087.6675
KAIRA,3,3,20332.8,6777.599999999999
KARIMGANJ,33,33,20314.43,615.5887878787879
BUILDING BANGALORE,42,42,20278.64,482.8247619047619
TO NEVILLE HOUSE MUMBAI,6,6,20262.3,3377.0499999999997
AMRITSAR AMRITSAR,25,25,20246.4,809.8560000000001
SHOWROOM LANE HYDERABAD,26,26,20239.38,778.4376923076924
RAILWAY STATION NIGDI PUNE,6,6,20235.18,3372.53
SALCETE SOUTH GOA,21,21,20215.5,962.6428571428571
CURTORIM,10,10,20197.0,2019.7
DHEMAJI,27,27,20191.02,747.8155555555555
BHOLATH,9,9,20184.0,2242.6666666666665
JUINGR RAILWAY STATION NAVI MUMBAI,18,18,20183.16,1121.2866666666666
SION MUMBAI,23,23,20170.25,876.9673913043479
MANIPUR,27,27,20166.84,746.92
SANTACRUZ (E) MUMBAI,22,22,20156.95,916.225
GAUTTAM BUDH NAGAR,3,3,20154.5,6718.166666666667
OPP SURAJ WATER PARK THANE,13,13,20140.65,1549.2807692307692
PETROL PUMP NR YES BANK SURAT,9,9,20132.0,2236.8888888888887
SALALAH,1,1,20127.0,20127.0
CAMPS HYDERABAD,8,8,20125.0,2515.625
BAROTIWALA,13,13,20111.06,1547.0046153846156
DADRI,46,46,20084.87,436.62760869565216
DORAHA,9,9,20077.0,2230.777777777778
SHIVPURI,9,9,20062.9,2229.211111111111
VILLAGE PAREL MUMBAI,26,26,20026.16,770.2369230769231
HSG SOC LTD MUMBAI,19,19,20023.0,1053.842105263158
SECTOR 2 BANGALORE,14,14,20007.260000000002,1429.0900000000001
GAUTAM BUDDHA,1,1,20000.0,20000.0
INTERNATIONAL SCHOOL DELHI,2,2,20000.0,10000.0
VALSAD VAPI,22,22,19983.97,908.3622727272727
VIMANAPURA BANGALORE,9,9,19970.11,2218.9011111111113
ROAD THANE,24,24,19951.79,831.3245833333334
MARG WORLI MUMBAI,35,35,19912.75,568.9357142857143
PUNE M CORP PUNE,5,5,19910.0,3982.0
WATER FILLING BANGALORE,18,18,19907.56,1105.9755555555557
ESTATE ANDHERI (W) MUMBAI,7,7,19887.0,2841.0
BHIWADI ALWAR,13,13,19884.46,1529.573846153846
(URBAN) MAHARANIPETA VISAKHAPATNAM,7,7,19873.08,2839.011428571429
HOUSE MUMBAI,22,22,19824.8,901.1272727272727
SUBHASH MARG C SCHEME JAIPUR,4,4,19775.11,4943.7775
POST BENGALURU BENGALURU,30,30,19753.29,658.443
MUMBAI NAVI MUMBAI,15,15,19737.1,1315.8066666666666
BAZAAR T NAGAR CHENNAI,7,7,19731.0,2818.714285714286
ROAD DEONAR MUMBAI,24,24,19700.88,820.87
STANDARD CHARTED BANK HYDERABAD,25,25,19694.55,787.7819999999999
DIST NORTH GOA BARDEZ,31,31,19688.63,635.1170967741936
MANI MAJRA,21,21,19687.12,937.4819047619047
PLAZA THANE,5,5,19675.0,3935.0
NAHAN,25,25,19671.27,786.8508
PANNA SHOPPING CENTRE JOGESHWARI W,7,7,19658.5,2808.3571428571427
GUMMIDIPOONDI,29,29,19642.3,677.3206896551724
STAND LUCKNOW,1,1,19630.35,19630.35
GUJARAT,8,8,19630.25,2453.78125
SIGNAL SION(E) MUMBAI,16,16,19622.79,1226.424375
MAARSSEN,9,9,19615.76,2179.5288888888886
MEDICAL MUMBAI,5,5,19602.0,3920.4
NGR KUDLU BANGALORE,7,7,19542.0,2791.714285714286
MIRAROAD THANE THANE,12,12,19521.78,1626.8149999999998
SARITA VIHAR FIRE STATION NEW DELHI,7,7,19510.39,2787.1985714285715
BANDIKUI,10,10,19503.83,1950.3830000000003
BANGALORE SOUTH BANGALORE,67,69,19503.27,282.65608695652173
DENTAL COLLEGE BANGALORE,2,2,19500.0,9750.0
OLD GOA BYE PASS RD,4,4,19483.59,4870.8975
BANK MARINE LINES MUMBAI,16,16,19479.2,1217.45
GRANT RD EAST MUMBAI,7,7,19417.72,2773.96
MONTEPADAV KEIRANGALA MANGALORE,47,47,19409.08,412.95914893617027
VIJAYAWADA (URBAN),2,2,19400.0,9700.0
TANDA,32,32,19367.3,605.228125
KURLA ROAD ANDHERI (E) MUMBAI,2,2,19364.68,9682.34
OPP LAKE CITY MALL THANE WEST THANE,8,8,19356.09,2419.51125
43 SEC 11 CBD BELAPUR NAVI MUMBAI,5,5,19346.86,3869.3720000000003
FINANCE THIRUVANANTHAPURAM,7,7,19341.92,2763.1314285714284
MAHARASHTRA PUNE,24,24,19327.0,805.2916666666666
UTTARKASHI,36,36,19325.48,536.8188888888889
CHAKALA MIDC MUMBAI,25,25,19298.03,771.9212
BARAKAR,8,8,19288.0,2411.0
DASAI,2,2,19285.0,9642.5
KHANPUR SARAN,13,13,19279.95,1483.073076923077
NJEEZHOOR,2,2,19244.0,9622.0
THEATER BANGALORE,14,14,19240.0,1374.2857142857142
KASARGOD,16,16,19235.25,1202.203125
VLR DT,2,2,19235.0,9617.5
NR SANI MANDIR NAVI MUMBAI,12,12,19233.64,1602.8033333333333
GIRGAON MUMBAI,30,30,19229.0,640.9666666666667
SHOP SALEM,2,2,19212.0,9606.0
MALVANI GATE 1 KHARODI MUMBAI,27,27,19193.9,710.8851851851853
U S NAGAR,56,56,19188.25,342.64732142857144
AUNDHA NAGNATH,16,16,19155.0,1197.1875
BALIA,37,37,19132.02,517.0816216216216
BURHANPUR,10,10,19128.77,1912.877
BHAYANDER E THANE,13,13,19116.0,1470.4615384615386
VALLABHVIDYANAGAR,4,4,19086.03,4771.5075
SOUTH ELECTRONICS CITY BANGALORE,20,20,19081.0,954.05
S O NERUL NODE III THANE,1,1,19052.0,19052.0
POWAI ANDHERI EAST MUMBAI,12,12,19051.98,1587.665
NAYAGARH,25,25,19040.98,761.6392
IRANIWADI KANDIVALI (W) MUMBAI,13,13,19029.7,1463.823076923077
CENTRE NEW DELHI,20,20,19001.0,950.05
NAGPUR GPO NAGPUR,31,31,18983.19,612.3609677419355
SHIVAPURI,22,22,18974.260000000002,862.4663636363638
BY PASS ROAD PUNE,22,22,18966.260000000002,862.1027272727274
PARBHANI,43,43,18934.59,440.3393023255814
NALLAGONDA,20,20,18934.37,946.7185
EXPRESS HIGHWAY MUMBAI,5,5,18921.43,3784.286
ENCLAVE ROAD SAKET DELHI,9,9,18914.86,2101.6511111111113
VAGATOR,19,19,18910.2,995.2736842105263
THANE VASAI,20,20,18909.57,945.4784999999999
JAM KHAMBHALIYA,9,9,18902.0,2100.222222222222
KOTA BALLABH BARI,5,5,18895.22,3779.0440000000003
MUMBAI AIROLI THANE,31,31,18890.24,609.3625806451613
VIKASKENDRA NAVI MUMBAI,3,3,18881.79,6293.93
HAYES,4,4,18879.0,4719.75
SERAIKELA KHARSAWAN,45,45,18873.0,419.4
SOCIETY MUMBAI,19,19,18870.45,993.1815789473685
USMANABAD,9,9,18869.4,2096.6000000000004
NAVI MUMBAI PANVEL,9,9,18853.81,2094.867777777778
COTTAGE ADHERI W,7,7,18850.0,2692.8571428571427
ELECTRONIC CITY BANGALORE,31,31,18843.1,607.8419354838709
BARASAT,20,20,18831.21,941.5604999999999
CHICKMAGALURE,13,13,18804.21,1446.4776923076922
PHILLAUR,16,16,18788.85,1174.303125
KAKINADA EAST GODAVARI,23,23,18783.41,816.67
CHANDRAMULINAGAR,21,21,18782.87,894.4223809523809
KAROL BAGH DELHI,5,5,18760.0,3752.0
PIMPRI PF PUNE,2,2,18723.0,9361.5
SHUJALPUR,7,7,18692.6,2670.371428571428
TIRUHIRAPPALLI,9,9,18676.68,2075.1866666666665
JAGADDAL,11,11,18672.0,1697.4545454545455
CHURCH MUMBAI,6,7,18637.0,2662.4285714285716
CHHATARPUR,33,33,18631.77,564.5990909090909
ADHANUR,2,2,18529.0,9264.5
UTTAR PRADESH,7,7,18515.0,2645.0
SCHOOL PANJIM,6,6,18513.739999999998,3085.623333333333
PANDARE,2,2,18500.0,9250.0
DARYA GANJ NEW DELHI,1,1,18490.0,18490.0
DEPOT MUMBAI,10,10,18485.23,1848.523
TIRUVANNAMALAI DT,20,20,18481.98,924.0989999999999
PRAKASAM (DT),13,13,18448.79,1419.1376923076923
PAKUR,31,31,18447.3,595.074193548387
AMBERNATH AMBERNATH THANE,16,16,18445.5,1152.84375
UNJHA,55,55,18436.09,335.20163636363634
THAKUR HOUSE DAHISAR W MUMBAI,16,16,18425.54,1151.59625
KHAGARIA,31,31,18421.7,594.2483870967742
KHANAMET M HYDERABAD,5,5,18418.9,3683.78
FATORDA MARGAO,8,8,18407.52,2300.94
RAJNANDGAON,18,19,18383.28,967.5410526315789
LAMINGTON ROAD MUMBAI,3,3,18379.0,6126.333333333333
BLOCK BANGALORE,48,48,18375.84,382.83
SHAHPURA,15,15,18359.8,1223.9866666666667
PANCHPAKHADI THANE,10,10,18344.56,1834.4560000000001
KARKALA,2,2,18330.0,9165.0
MARKET BANGALORE,6,6,18324.0,3054.0
ROAD HYDERABAD,2,2,18300.0,9150.0
DIST DHANBAD,18,18,18292.4,1016.2444444444445
BORIVALI (E) MUMBAI,12,12,18288.51,1524.0424999999998
18 CTS 65 CHEMBUR MUMBAI,10,10,18282.0,1828.2
KANPUR NAGAR KANPUR,28,28,18244.0,651.5714285714286
ROAD THANE THANE,6,6,18243.84,3040.64
NR FLOWER MARKET HYDERABAD,13,13,18233.739999999998,1402.5953846153845
NGR EXTENTION CHENNAI,5,5,18229.75,3645.95
TIRUMALAGIRI BOWENPALLY HYDERABAD,16,16,18228.0,1139.25
SUBURBAN DIST MUMBAI,32,32,18212.0,569.125
SREERAM PORE,21,21,18197.12,866.5295238095238
SRI GANGANAGAR,24,24,18195.76,758.1566666666666
GHAZIZABAD,2,2,18172.25,9086.125
SIDHI,47,47,18167.67,386.5461702127659
VILE PARLE EAST MUMBAI,8,8,18156.71,2269.58875
EAST VASAI THANE,6,6,18155.0,3025.8333333333335
CHUNABHATTI SIGNAL SION E MUMBAI,4,4,18145.0,4536.25
MAROL METRO MAROL ANDHERI (E)MUMBAI,14,14,18134.2,1295.3
NAGAR POST BANGALORE,18,18,18119.0,1006.6111111111111
MARKET SECUNDRABAD,31,31,18107.91,584.1261290322581
TADEPALLIGUDEM,14,14,18099.93,1292.8521428571428
ADOOR,27,27,18089.62,669.9859259259259
CHHATTISGARH(RAIGARH),20,21,18083.3,861.1095238095238
ROTKAR LAYOUT NAGPUR,16,16,18078.41,1129.900625
DOMBIVALI EAST THANE,21,21,18058.0,859.9047619047619
FOUNDATION BANGALORE,21,21,18046.86,859.3742857142857
BHANDEWADI BAGADGANJ MAUDA NAGPUR,12,12,18024.58,1502.0483333333334
GREEN APARTMENT NEAR BANGALORE,5,5,18015.0,3603.0
NR FORUM MALL SIGNAL BANGALORE,20,20,18014.69,900.7344999999999
BANGKOK,1,1,18000.0,18000.0
NAYAGAON MOHALI,4,4,18000.0,4500.0
MONY SHOP MUMBAI,2,2,18000.0,9000.0
KESHPUR,3,3,17985.27,5995.09
PATIL MARG SANTACRUZ WEST MUMBAI,6,6,17985.12,2997.52
MALL KUNDALAHALLI BANGALORE,13,13,17980.86,1383.143076923077
DIST RAJKOT,11,11,17964.36,1633.1236363636365
ANGERIPALAYAM TIRUPUR RURAL C,1,1,17950.0,17950.0
GAUTAM BUDDH NAGAR,24,24,17939.0,747.4583333333334
HOSPITAL INDORE,12,12,17918.2,1493.1833333333334
RD VILLAGE DUNDAHERA GURGAON,30,31,17903.9,577.5451612903227
NATURALS SPA TIRUAPTHI,5,5,17899.0,3579.8
MODASA,20,20,17897.33,894.8665000000001
ISLAMPUR,7,7,17880.77,2554.3957142857143
MATHRUSHREE HOTEL BANGALORE,4,4,17869.42,4467.355
BARAKHAMBA ROAD C P NEW DELHI,32,32,17856.27,558.0084375
G B ROAD THANE,6,6,17827.6,2971.2666666666664
DELHI EAST,28,28,17814.41,636.2289285714286
COLLEGE BANGALORE,9,9,17813.05,1979.2277777777776
HOSPITAL BEHIND COIMBATORE,101,101,17799.06,176.22831683168317
PARAVOOR,7,7,17777.0,2539.5714285714284
KOTEWSHWAR MOTTERA,15,15,17766.36,1184.424
VAISHALI NAGAR JAIPUR,12,12,17762.16,1480.18
RUWI MUSCAT,2,2,17744.0,8872.0
ELPHINSTONE W MUMBAI,12,12,17734.0,1477.8333333333333
CENTRAL MUMBAI,15,15,17728.7,1181.9133333333334
MAIDAN PATNA,5,5,17716.0,3543.2
MUMBAI SUBURBAN DIST,32,32,17711.93,553.4978125
MALLESHPALYA MAIN RD BANGALORE,2,2,17709.0,8854.5
NALGONDA DIST,5,5,17708.0,3541.6
ROAD TIRUPUR,16,16,17706.34,1106.64625
1ST BLK JAKKASANDRA BANGALORE,21,21,17702.68,842.984761904762
TITWALA,5,5,17702.0,3540.4
CHIKKADORNABETTA,8,8,17697.0,2212.125
SADAR KANPUR NAGAR,5,5,17684.0,3536.8
THIRUVANNAMALAI DT,42,42,17683.02,421.0242857142857
PAKKAM CHENNAI,1,1,17680.0,17680.0
TAURU,21,21,17678.29,841.8233333333334
TIRUPATI CHITTOOR DIST,10,10,17670.0,1767.0
IVERKALA,17,17,17632.77,1037.2217647058824
AHMEDGARH,16,16,17618.25,1101.140625
MULUND W MUMBAI,19,19,17614.46,927.0768421052632
MOTOR HYDERABAD,4,4,17598.46,4399.615
GHAZIABAD GHAZIABAD,5,5,17577.0,3515.4
OPP TO RAJARATHINAM STADIUM CHENNAI,2,2,17557.0,8778.5
EXCHANGE MUMBAI,9,9,17531.33,1947.9255555555558
GURU NANAK DEV JI AMRITSAR,8,8,17520.0,2190.0
ROAD RAJKOT,8,8,17517.31,2189.66375
KOTHANUR BANGALORE,15,15,17515.05,1167.6699999999998
MUVATTUPUZHA,3,3,17489.0,5829.666666666667
KOLASIB,20,20,17482.29,874.1145
NEEMUCH,32,32,17457.59,545.5496875
SECTOR -21A FARIDABAD,41,41,17454.0,425.7073170731707
STATION KOLKATA,9,9,17451.64,1939.0711111111111
ROAD SATELLITE AHMEDABAD,22,22,17450.25,793.1931818181819
BURWOOD EAST,2,2,17445.0,8722.5
BISTUPUR JAMSHEDPUR,1,1,17440.0,17440.0
(MCORP) 1/C NR HOTEL GRANT MUMBAI,2,2,17434.0,8717.0
POLLACHI,26,26,17421.22,670.0469230769231
RING RD BANGALORE,12,12,17412.81,1451.0675
PITAMPURA DELHI,7,7,17404.14,2486.305714285714
HIGHWAY KANDIVALI EAST MUMBAI,7,7,17404.059999999998,2486.2942857142853
IND ESTATE JOGESHWARI W MUMBAI,4,4,17386.0,4346.5
DIST SURENDRANAGAR,10,10,17357.940000000002,1735.7940000000003
DOMBIVALI WEST VISHNUNAGAR THANE,28,28,17345.0,619.4642857142857
GR MOHALI MOHALI,8,8,17341.989999999998,2167.7487499999997
BEHIND RYTHU BAZAR HYDERABAD,7,7,17341.5,2477.3571428571427
MUMBAI ANDHERI WEST,6,6,17340.69,2890.115
PUBLIC SCHOOL KOLKATA,16,16,17340.06,1083.75375
W BEHIND JANGLESHWAR MANDIR MUMBAI,4,4,17322.99,4330.7475
RAMABAI NAGAR,23,23,17307.0,752.4782608695652
ERLANGEN,3,3,17305.0,5768.333333333333
ICICI BANK KOLKATA,12,12,17295.62,1441.3016666666665
HYDERABAD RANGAREDDI,18,18,17270.57,959.4761111111111
BRUXELLES,3,3,17270.0,5756.666666666667
OUTRAM,18,18,17261.21,958.9561111111111
TRICHY DT,37,37,17248.61,466.1786486486487
DHEERA,20,20,17242.28,862.1139999999999
GHAZAIBAD,12,12,17234.5,1436.2083333333333
KONE PANVEL,29,29,17210.13,593.4527586206897
KADAMBUR,14,14,17203.5,1228.8214285714287
GODAVARIKHANI,12,12,17199.7,1433.3083333333334
JUNCTION GOREGAON E MUMBAI,7,7,17191.0,2455.8571428571427
MEHRAULLI,6,6,17140.0,2856.6666666666665
TIRUVANNAMALAI TK,3,3,17096.0,5698.666666666667
GARHWAL,28,28,17093.46,610.4807142857143
SANQUELIM,11,11,17087.96,1553.450909090909
BENAULIM,19,19,17082.0,899.0526315789474
SRINIVASPURI,13,13,17062.4,1312.4923076923078
WEST TRIPURA TRIPURA,7,7,17023.02,2431.86
VIJAYAPURAM,5,5,17002.02,3400.404
RUDRAPUR USN,14,14,17002.0,1214.4285714285713
VIMANNAGAR NAGAR ROAD PUNE,29,29,17000.49,586.2237931034483
P AND T COLONY MUMBAI,10,10,16990.92,1699.0919999999999
JEWELLERS MUMBAI,13,13,16990.07,1306.9284615384615
TALEGAO,18,18,16989.0,943.8333333333334
DOMBIVALI THANE,29,29,16977.35,585.4258620689654
INDUSTRIES PUNE,7,7,16946.13,2420.8757142857144
GARHWA,61,61,16939.69,277.6998360655738
SOCIETY HYDERABAD,18,18,16934.29,940.7938888888889
MALLESWARAM BANGALORE,14,14,16934.0,1209.5714285714287
SCHL JAYANAGAR 2ND BLOCK BENGALURU,5,5,16923.0,3384.6
KARAMSAD,55,55,16919.53,307.62781818181816
SHAJAPUR,31,31,16892.93,544.9332258064517
TOLLYGUNJ FIRE STATION KOLKATA,2,2,16888.010000000002,8444.005000000001
MOKOKCHUNG,14,14,16863.85,1204.560714285714
KORATTY P O THRISSUR,4,4,16844.0,4211.0
GODDA,32,32,16843.99,526.3746875
JYOTIBA PHULE NAGAR,60,61,16821.69,275.76540983606554
DHARUHEDA,10,10,16801.32,1680.132
NR APNA BAZAR MUMBAI,1,1,16795.0,16795.0
BODELI,5,5,16791.5,3358.3
MYSORE CITY,25,25,16784.42,671.3767999999999
KHANDAGIRI,9,9,16780.0,1864.4444444444443
ROAD LUDHIANA,7,7,16767.72,2395.3885714285716
MORADABAD MORADABAD,18,18,16767.32,931.5177777777777
MAHENDERGARH,20,20,16748.79,837.4395000000001
FARMINGTON HILLS,4,4,16738.0,4184.5
REDDY SWEETS RANGAREDDY HYDERABAD,3,3,16727.0,5575.666666666667
HILLS MADHAPUR HYDERABAD,13,13,16722.1,1286.3153846153846
PONNERI,10,10,16703.02,1670.3020000000001
MACHHAILA SAS NGR PANCHKULA MOHALI,7,7,16650.31,2378.6157142857146
"KAKINADA ,AP",34,34,16649.66,489.69588235294117
COURTRESS D STREET CHENNAI,3,3,16645.0,5548.333333333333
270 PLOT NO 4 RAJKOT,5,5,16638.4,3327.6800000000003
GOJHARIYA,32,32,16619.28,519.3525
BICHOLIM NORTH GOA,5,5,16611.0,3322.2
NAIROBI,3,3,16596.09,5532.03
SARAIKELA KHARSAWAN,25,25,16589.8,663.592
BELAPUR RD MIDC NAVI MUMBAI,27,27,16582.0,614.1481481481482
EXCHANGE KOLKATA,4,4,16552.0,4138.0
PHURSUNGI PUNE,9,9,16534.0,1837.111111111111
COLONY PUNE,8,8,16521.7,2065.2125
BANK ATM BANGALORE,11,12,16504.0,1375.3333333333333
COLONY ULGOOR  BANGALORE,1,1,16501.0,16501.0
GERUGAMBAKKAM CHENNAI,13,13,16498.52,1269.116923076923
KAPASHERA,15,15,16494.0,1099.6
M GARH MAHENDERGARH,1,1,16489.0,16489.0
CHURCHANPUR,5,5,16470.75,3294.15
LINK RD MUMBAI,14,14,16465.48,1176.1057142857142
GARDENS MADHAPUR HYDERABAD,2,2,16455.0,8227.5
JAKKASANDRA BANGALORE,35,35,16450.18,470.00514285714286
NEW ASHOK NAGAR,8,8,16434.0,2054.25
NEW PANVEL NAVI MUMBAI,13,13,16424.18,1263.3984615384616
PANCHUKULA,2,2,16413.0,8206.5
VANIYAMBADI,13,13,16401.45,1261.65
PLACE PITAMPURA NEW DELHI,8,8,16374.9,2046.8625
VA 22079 3463,4,4,16365.0,4091.25
ANUGUL,7,7,16364.22,2337.7457142857143
MARGO,25,25,16363.8,654.552
NANDURBAR,34,34,16360.369999999999,481.1873529411764
DIST. THANE,2,2,16358.3,8179.15
MIDINIPUR,24,24,16351.4,681.3083333333333
NAMALGUNDU,8,8,16341.0,2042.625
NORT 24 PARGANAS,25,25,16313.59,652.5436
CHURHAT,19,19,16298.01,857.79
BELONIA,10,10,16282.0,1628.2
KELIPADA KANDIVALI E MUMBAI,13,13,16278.26,1252.1738461538462
KALIKAPUR,2,2,16273.13,8136.565
TALEGAON,2,2,16257.85,8128.925
SACHIN SURAT,6,6,16255.92,2709.32
PHASE 1 HINJEWADI,12,12,16242.19,1353.5158333333334
THE ACRES CLUB CHEMBUR MUMBAI,12,12,16236.0,1353.0
TIJARA,22,22,16235.36,737.9709090909091
NEARUL (W) NAVI MUMBAI,1,1,16212.0,16212.0
DHURI DT SANGRUR,30,30,16206.0,540.2
PURBI SINGHBHUM,41,41,16200.95,395.14512195121955
THANE BADLAPUR,28,28,16170.0,577.5
SHIVAJI NAGAR PUNE,19,19,16146.470000000001,849.8142105263158
VASHI  NAVI MUMBAI,29,29,16141.7,556.6103448275862
BUILDING OUTER RING ROAD BANGALORE,29,29,16132.58,556.2958620689656
BUNDAHERA GURGAON,7,7,16129.46,2304.2085714285713
SARJAPURA MAIN RD BANGALORE,9,9,16127.09,1791.898888888889
GOREGAON(W) MUMBAI,18,18,16118.5,895.4722222222222
ABAMBAJI DHAM MUMBAI,1,1,16114.2,16114.2
DAHISHAR E MUMBAI,11,11,16111.51,1464.6827272727273
NORTH SIKKIM,17,17,16106.09,947.4170588235294
NILAMBUR,10,10,16104.95,1610.4950000000001
3IGI AIRPORT DELHI,26,26,16100.31,619.2426923076923
MUNGELI,25,25,16097.09,643.8836
HUKKERI,2,2,16077.9,8038.95
APNA BAZAR THANE,12,12,16075.0,1339.5833333333333
GUDUVANCHERRY KANCHEEPURAM,2,2,16067.0,8033.5
ADUGODI POST BANGALORE,1,1,16061.0,16061.0
COMPLEX ANDHERI EAST MUMBAI,10,10,16051.0,1605.1
DESAI ROAD ANDHERI WEST MUMBAI,32,32,16049.55,501.5484375
ROAD WARD NO 41 NAGPUR,5,5,16047.529999999999,3209.506
KHAND 2 INDIRAPURAM GHAZIABAD,7,7,16039.8,2291.4
CHAMPA,4,4,16022.33,4005.5825
MIRAROAD E THANE,19,19,16017.02,843.001052631579
YARD PUNE CITY PUNE,12,12,16013.69,1334.4741666666666
POST TC PALYA CHURCH BANGALORE,2,2,16000.0,8000.0
NGR SECUNDERABAD,9,9,15991.900000000001,1776.877777777778
DEOLALI CAMP NASIK,10,10,15966.27,1596.627
WEST MIDNAPORE,81,81,15957.19,197.00234567901236
7390041 BANGALORE,12,12,15952.28,1329.3566666666668
AMBIKAPUR,18,18,15931.8,885.0999999999999
KACHOHALLI VILLAGE BANGALORE,3,3,15927.0,5309.0
KHARODI MUMBAI,20,20,15923.94,796.197
NANJANGUD,17,17,15918.95,936.4088235294118
DOMBIVALI E,27,27,15918.48,589.5733333333333
ANAYARA,22,22,15912.59,723.2995454545454
GHODBUNDER ROAD OWALE THANE,1,1,15908.57,15908.57
KANGAYAM,13,13,15902.5,1223.2692307692307
KOLKATTA,6,6,15849.0,2641.5
FIRE BRIGADE ROAD NAVI MUMBAI,3,3,15830.0,5276.666666666667
GB NAGAR,12,12,15800.0,1316.6666666666667
GIRIDIH,40,40,15787.35,394.68375000000003
GANDHIDHAM KUTCH,58,58,15785.23,272.1591379310345
RUPNARAYANPUR,3,3,15762.0,5254.0
GREATER NOIDA WEST,17,17,15760.0,927.0588235294117
MASJID MIRA ROAD E DIST THANE,4,4,15751.55,3937.8875
APURA WHITE FIELD MAIN RD BANGALORE,14,14,15735.77,1123.9835714285714
NERUL NODE III THANE,1,1,15718.71,15718.71
KARAIKUDI,26,26,15701.67,603.9103846153846
SCHOOL K V RANGAREDDY,3,3,15698.0,5232.666666666667
DIST VADODARA,19,19,15687.31,825.6478947368421
MARG LOWER PAREL WORLI MUMBAI,15,15,15683.7,1045.5800000000002
TILAKNAGAR THANE,9,9,15682.43,1742.4922222222222
DISTRICT JAGATSINGHPUR,4,4,15679.99,3919.9975
BACKSIDE CHENNAI,2,2,15660.0,7830.0
REIS MAGOS BARDEZ,24,24,15650.0,652.0833333333334
NAGDA UJJAIN,2,2,15640.0,7820.0
RAOD BASAVESH WARANAGAR BANGALORE,20,20,15635.99,781.7995
FRAMINGHAM,18,18,15626.07,868.115
VIDYAVIHAR WEST MUMBAI,52,52,15618.67,300.3590384615385
LINE ROAD HYDERABAD,8,8,15614.210000000001,1951.7762500000001
CHEMBUR GHATKOPAR MAHUL RD MUMBAI,17,17,15610.36,918.2564705882353
DAHISAR (E) MUMBAI,3,3,15609.0,5203.0
INDUSTRI MUMBAI,6,6,15564.0,2594.0
NAL GONDA,6,6,15543.0,2590.5
SURVEY PARK KALIMANDIR KOLKATA,7,7,15519.0,2217.0
COIMBATORE RURAL,33,33,15514.6,470.1393939393939
WADALA EAST MUMBAI ANTOP HILL,1,1,15500.0,15500.0
SINDRI,1,1,15492.0,15492.0
KANDIVALI W MUMBAI,49,49,15458.12,315.4718367346939
GONDIYA,30,30,15439.41,514.647
DELHI-96,4,4,15425.26,3856.315
WEST MAMBALAM,18,18,15421.0,856.7222222222222
CLUB CHEMBUR MUMBAI,12,12,15408.5,1284.0416666666667
CHACKAN,9,9,15407.0,1711.888888888889
RANGA REDDY SECUNDERABAD,1,1,15400.0,15400.0
RD E CITY MIRA BHAYANDAR MCL THANE,1,1,15393.0,15393.0
TEHRI,3,3,15387.0,5129.0
(DT) HOSUR,11,11,15380.11,1398.1918181818182
ROHINI DELHI,8,8,15377.6,1922.2
BOLANGIR,10,10,15351.56,1535.156
SHEIKH ZAYED ROAD,3,3,15337.27,5112.423333333333
DIST SAS NAGAR,37,37,15326.21,414.22189189189186
CBE LTD NIL QUEENS ROAD BANGALORE,3,3,15315.97,5105.323333333333
CIRCLE V V PURAM BANGALORE,7,7,15315.73,2187.9614285714283
POKHRAN ROAD NO 2 THANE,4,4,15312.0,3828.0
SULLIA,10,10,15297.93,1529.7930000000001
DUMDUM,15,15,15290.75,1019.3833333333333
SHAMSHABAP RANGAREDDY,1,1,15277.0,15277.0
K V RANGA REDDY,32,32,15233.04,476.0325
JAYANAGAR BANGALORE,15,15,15231.78,1015.452
CARTERPURI GURGAON,9,9,15226.66,1691.851111111111
CHAMPARAN MOTIHARI,16,16,15220.07,951.254375
INTERNATIONAL SCHOOL VIRAR,6,6,15195.0,2532.5
JAMMU JAMMU,14,14,15195.0,1085.357142857143
ALIPI,16,16,15185.699999999999,949.1062499999999
BUNGALOWS RAJKOT,10,10,15177.0,1517.7
DAMTAL,17,18,15174.03,843.0016666666667
SECTOR 21A FARIDABAD,18,18,15123.11,840.1727777777778
DAVORLIM SALCETE,4,4,15119.0,3779.75
BHUSAWAL JALGAON,11,11,15104.49,1373.1354545454544
PATNAGARH,6,6,15103.47,2517.245
MADHANANDHAPURAM CHENNAI,8,8,15101.66,1887.7075
NODE III THANE NAVI MUMBAI,4,4,15093.82,3773.455
PANAGARH,6,6,15087.029999999999,2514.5049999999997
WASHIM,25,25,15083.87,603.3548000000001
JAHANABAD,14,14,15082.25,1077.3035714285713
SRILINGAMPALLE RANGAREDDY HYDERABAD,4,4,15054.0,3763.5
GARDEN MUMBAI,20,20,15049.88,752.4939999999999
PAPER HYDERABAD,3,3,15048.0,5016.0
DEPOT CHEMBUR MUMBAI,5,5,15036.8,3007.3599999999997
BANGANA,2,2,15028.0,7514.0
SHEORAPHULY HOOGHLY,10,10,15015.0,1501.5
VYTILA ERNAKULAM,8,8,15006.0,1875.75
ANDUL,1,1,15000.0,15000.0
BANTWAL TQ,1,1,15000.0,15000.0
RAMGARH CANTT,10,10,14997.41,1499.741
MALLESHWARA BANGALORE,13,13,14996.3,1153.5615384615385
PROPERTY DEALER ST NO-12 LUDHIANA,1,1,14994.0,14994.0
VASAI W,18,18,14978.68,832.1488888888889
BANGALORE RURAL,24,24,14969.9,623.7458333333333
GREATER FARIDABAD,7,7,14962.41,2137.4871428571428
HENDERSON,2,2,14960.0,7480.0
WEST DELHI VASANT KUNJ DELHI,4,4,14950.0,3737.5
FEROZEPUR CITY,9,9,14927.0,1658.5555555555557
80 FEET RD KORAMANGALA BANGALORE,6,6,14919.0,2486.5
VIRAR EAST,7,7,14911.41,2130.2014285714286
SOUTH MORANG,5,5,14908.64,2981.728
HILLS THANE,6,6,14908.6,2484.766666666667
MAHIPALPUR EXTENSION NEW DELHI,9,9,14901.9,1655.7666666666667
CLUB BURDWAN,34,34,14876.67,437.54911764705884
AMBEDKAR NGR POLICE STN SOUTH DELHI,4,4,14866.65,3716.6625
PARK VIEW BHOPAL,8,8,14848.91,1856.11375
MAGARPATTA CITY HADAPSAR PUNE,10,10,14842.54,1484.2540000000001
UDUMALPET TIRUPUR (DT),1,1,14840.0,14840.0
SHAHID BHAGAT SINGH NAGAR,3,3,14835.0,4945.0
NAGAR A BLOCK CHENNAI,4,4,14825.0,3706.25
MAIN ROAD MAHADEVAPURA BANGALORE,17,17,14814.36,871.4329411764706
KHURD TAL MULSHI PUNE,4,4,14808.0,3702.0
SANTACRUZ,31,31,14806.8,477.63870967741934
BRAMPTON,7,7,14806.220000000001,2115.174285714286
MADHAPUR,19,19,14805.42,779.2326315789473
NAUPADA THANE THANE,16,16,14802.92,925.1825
TEGHARIA KOLKATA,7,7,14802.8,2114.6857142857143
MANDIR KOLKATA,24,24,14801.04,616.71
MALKAJGIRI RANGAREDDY,13,13,14796.869999999999,1138.220769230769
NR SAI HOSPITAL PUNE,10,10,14781.75,1478.175
MANDIR GURUKUL AHMEDABAD,10,10,14780.0,1478.0
KORIMNAGAR,27,27,14760.32,546.6785185185186
SANT KABIR NAGAR,68,68,14741.76,216.7905882352941
HARAPANALLI,2,2,14728.0,7364.0
RESIDENCY THANE,3,3,14725.19,4908.3966666666665
VIJAYAWADA KRISHNA KRISHNA,4,4,14725.0,3681.25
PETALING JAYA,6,6,14719.96,2453.3266666666664
MARCELA,15,15,14685.94,979.0626666666667
OF INDIA KANPUR,1,1,14678.0,14678.0
SAKET NEW DELHI,20,20,14670.0,733.5
JERSEY CITY,23,23,14664.02,637.5660869565218
NAROL AHMEDABAD,3,3,14650.0,4883.333333333333
JANGIPUR,9,9,14641.369999999999,1626.8188888888888
BULADHANA,16,16,14639.95,914.996875
PUMP WANWADI HAVELI PUNE,23,23,14632.57,636.1986956521739
PARLOUR GOREGAON EAST MUMBAI,12,12,14628.15,1219.0125
CMS IT SERVICES PUNE,2,2,14618.0,7309.0
RANGA REDDI,12,12,14614.29,1217.8575
TROMBAY ROAD DEONAR MUMBAI,20,20,14612.0,730.6
GOTTIGERE RD GOTTIGERE BANGALORE,25,25,14610.0,584.4
HAVELI NR PRIDE ASHIYANA PUNE,3,3,14600.0,4866.666666666667
BLOCK 3 BANGALORE,3,3,14599.0,4866.333333333333
ORR BANGALORE,14,14,14597.0,1042.642857142857
KAUSHAMBI,15,15,14586.2,972.4133333333334
KEONJHAR,36,36,14584.75,405.13194444444446
ADDIS ABABD,5,5,14583.0,2916.6
ADAMBAKKAM,9,9,14578.94,1619.8822222222223
BANK GURGAON,15,15,14555.0,970.3333333333334
BAIRNSDALE,7,7,14522.33,2074.6185714285716
MAHABOOBNAGAR,30,30,14505.93,483.531
DISTRICT RAJASMAND,3,3,14501.0,4833.666666666667
SCHOOL SOUTH 24 PARGANAS,4,4,14462.0,3615.5
BANGALORE NORTH MARATHAHALLI,17,17,14458.95,850.5264705882354
SANJOSE,4,4,14445.0,3611.25
6 DWARKA NEW DELHI,1,1,14440.14,14440.14
AMBANI HIGH SCHOOL SURAT,8,8,14428.470000000001,1803.5587500000001
1ST BLOCK BANGALORE,22,22,14424.0,655.6363636363636
GHATKOPAR WEST MUMBAI,20,20,14422.25,721.1125
SANUORDEM,11,11,14412.0,1310.1818181818182
SAMAYPUR DELHI,9,9,14406.14,1600.6822222222222
DUBLIN1,8,8,14406.0,1800.75
MUKUNDAPUR KOLKATA,3,3,14403.0,4801.0
JUNGPURA,11,11,14401.380000000001,1309.2163636363637
ENTERPRISE KOLKATA,4,4,14388.6,3597.15
STATION BATALA,2,2,14354.26,7177.13
ESTATE MUMBAI,37,37,14343.0,387.64864864864865
ORLIM SALCETE,5,5,14343.0,2868.6
SRIPERUMBUDUR TK KANCHEEPURAM,2,2,14324.0,7162.0
DEHRA,15,15,14311.0,954.0666666666667
KANNADA MANGALORE,8,8,14304.0,1788.0
NAGPUR RURAL,12,12,14276.4,1189.7
GANA,2,2,14265.0,7132.5
TAHNE,8,8,14260.24,1782.53
PATRAPUR,32,32,14254.38,445.449375
DIST BURDWAN,5,5,14233.0,2846.6
VIHAR BUS STOP APNA BAZAR SO THANE,9,9,14198.75,1577.638888888889
SCHOOL BANGLORE,3,3,14197.0,4732.333333333333
EAST NALLOSAPARE E THANE,2,2,14185.65,7092.825
DOMBIVLI E,20,20,14158.5,707.925
EAST MIDNAPORE,8,8,14157.0,1769.625
THIRUNELVELI DIST,7,7,14141.0,2020.142857142857
BADAUN,45,45,14140.14,314.2253333333333
AMBUR-VELLORE,9,9,14135.0,1570.5555555555557
NO 3 NR LALLAN HOTEL THANE,54,57,14123.3,247.7771929824561
NAGAR NOIDA,6,6,14121.0,2353.5
RANGIA,3,3,14118.0,4706.0
NAWASHAHR,7,7,14118.0,2016.857142857143
CHINMAYA VIDYALAYAM HYDERABAD,8,8,14093.0,1761.625
MALEGAON,3,3,14090.0,4696.666666666667
PUMP PUNE,5,5,14081.0,2816.2
SANGAMNER,17,17,14076.85,828.0500000000001
BUDGAM,18,18,14071.0,781.7222222222222
RANCHI RANCHI,25,25,14069.94,562.7976
NEAR SBH BANK HYDERABAD,9,9,14041.43,1560.158888888889
MANDIGOBINDGARH,16,16,14040.58,877.53625
DISTT-GURGAON,17,17,14037.61,825.7417647058824
KALYANINAGAR KALYANI NAGAR PUNE,5,5,14025.0,2805.0
R M NAGAR BANGALORE,19,19,14023.0,738.0526315789474
GARDEN GHAZIABAD,3,3,14020.039999999999,4673.346666666666
KOLIWADA MUMBAI,20,20,14001.44,700.072
SATIVALI VASAI EAST PALGHAR,1,1,14000.0,14000.0
CHISOPANI,1,1,14000.0,14000.0
SCHOOL MOHANPUR,1,1,14000.0,14000.0
CORLIM,5,5,13996.0,2799.2
N DOLA,4,4,13988.05,3497.0125
KANJARI,14,14,13973.69,998.1207142857144
FACTORY ANDHERI (EAST) MUMBAI,15,15,13946.82,929.788
BHUJKUTCH,9,9,13929.0,1547.6666666666667
MANALI (21/26) KULLU,17,17,13929.0,819.3529411764706
ANANDPUR SAHIB,24,24,13926.08,580.2533333333333
BALGA,17,17,13924.91,819.1123529411765
SURATGARH,14,14,13922.0,994.4285714285714
ANUPPUR,23,23,13916.68,605.0730434782608
LODZ,6,6,13910.0,2318.3333333333335
DHAM MIRA ROAD E MUMBAI,7,7,13897.47,1985.3528571428571
GOLF VILLAGE CHENNAI,15,15,13889.0,925.9333333333333
COLABA,3,3,13879.0,4626.333333333333
COMMUNITY HALL HYDERABAD,22,22,13876.9,630.7681818181818
NALLASOPARA EAST,22,22,13875.86,630.7209090909091
BARVE NAGAR MUMBAI,8,8,13873.54,1734.1925
WEST DELY MUMBAI,25,25,13868.0,554.72
PERINTHAALMANNA,3,3,13858.0,4619.333333333333
THANE DIST,10,10,13856.279999999999,1385.628
BURAIDAH,2,2,13850.0,6925.0
BANJARA HILLS,17,17,13846.0,814.4705882352941
MARG KURLA-W MUMBAI,13,13,13840.54,1064.6569230769232
THANE KALYAN,7,7,13838.259999999998,1976.8942857142854
MADHAVAARAM NR R C APP CHENNAI,12,12,13832.0,1152.6666666666667
BAPATMARG LOWERPAREL (W) MUMBAI,2,2,13825.0,6912.5
SHORE MAHIM MUMBAI,5,5,13814.33,2762.866
EAST KHASI HILLLS,4,4,13806.39,3451.5975
AVINASHI,25,25,13785.18,551.4072
MUMBRA,31,31,13778.92,444.48129032258066
SION EAST MUMBAI,13,13,13770.59,1059.2761538461539
ROAD NAGPUR,1,1,13770.0,13770.0
NAIHATI,20,20,13749.65,687.4825
LUDHIANA KHANNA,8,8,13743.96,1717.995
ESSAR MUMBAI,14,15,13737.24,915.816
GHATKOPAR EAST RAJAWADI MUMBAI,3,3,13723.0,4574.333333333333
BTM 1ST STAGE BANGALORE,14,14,13722.79,980.1992857142858
DUKIRKLINE,3,3,13708.86,4569.62
OPP GOPIKA STORE HOSUR,2,2,13690.0,6845.0
KHERI,20,20,13677.58,683.879
SHAKHA BHAWAN ANDHERI W MUMBAI,3,3,13672.7,4557.566666666667
NGR 3RD PHASE BANGALORE,25,25,13671.48,546.8592
CHINCHBUNDER MUMBAI,18,18,13665.0,759.1666666666666
ST JOSEDH BANGALORE,17,17,13664.28,803.7811764705883
PARGANAS TWENTY FOUR PARGANAS,34,34,13663.24,401.86
PADEKAR GAS NASHIK,2,2,13660.0,6830.0
VIKHROLI E MUMBAI,10,10,13657.15,1365.715
MAHUDHA,4,4,13650.0,3412.5
SARJAPURA MAIN ROAD BANGALORE,16,16,13649.0,853.0625
COMPLEX LONAVALA,7,7,13642.94,1948.9914285714287
CHIDAMBARAM,14,14,13636.68,974.0485714285714
TALUKA ANJAR GANDHIDHAM,5,5,13628.0,2725.6
KHARAR SAS NAGAR (MOHALI),3,3,13624.43,4541.4766666666665
KOISEWADI KALYAN EAST KALYAN  EAST,9,9,13597.92,1510.88
POLICE STATION KOLKATA,10,10,13567.91,1356.791
CIRCLE MUMBAI,28,28,13553.0,484.0357142857143
JADAVPUR,5,5,13541.0,2708.2
OFFICE MRA 62 H N  TRIVANDRUM,8,8,13519.0,1689.875
OPP VKS MAHAL AMBATTUR CHENNAI,12,12,13511.73,1125.9775
BURNPUR,13,13,13511.48,1039.3446153846153
MOOSAPET  HYDERABAD,8,8,13504.17,1688.02125
TIRUPATI (URBAN),16,16,13488.93,843.058125
ABOVE CHIRAG MOTORS MUMBAI,5,5,13461.0,2692.2
KASGANJ,19,19,13455.46,708.1821052631578
NIKETAN BUILDING NAVI MUMBAI,3,3,13446.0,4482.0
RAJAJINAGAR BANGALORE,7,7,13439.0,1919.857142857143
SALIGAO,12,12,13398.0,1116.5
THANE DISTRICT,4,4,13397.0,3349.25
KURLA,12,12,13394.19,1116.1825000000001
CEAT TYRE MUMBAI,14,14,13390.0,956.4285714285714
DOMBIVALI W,10,10,13374.69,1337.469
JAYANAGAR BANGALURU,7,7,13372.0,1910.2857142857142
PANCHAYATH,7,7,13361.0,1908.7142857142858
MALAD W MUMBAI,34,34,13335.02,392.20647058823533
NR WESTERN EXPRESS HIGHWAY MUMBAI,6,6,13327.0,2221.1666666666665
MIRA ROAD (E) THANE,3,3,13325.0,4441.666666666667
KHETRI,8,8,13315.630000000001,1664.4537500000001
SARJAPURA,22,22,13310.06,605.0027272727273
KARAIKAL,8,8,13299.0,1662.375
CENTRE MUMBAI SUB URBAN,1,1,13298.0,13298.0
NALASOPARA EAST,18,18,13297.76,738.7644444444445
ACRES CLUB CHEMBUR,9,9,13297.0,1477.4444444444443
NAGAR SOC PUNE,48,48,13289.619999999999,276.8670833333333
1 GURGAON,6,6,13284.189999999999,2214.0316666666663
REPUBLIC MUMBAI,14,14,13271.3,947.9499999999999
BIAWAR,8,8,13264.5,1658.0625
HAUZ KHAS,10,10,13255.97,1325.597
BRIGADEMETROPOLIS BANGALORE,16,16,13255.19,828.449375
PANBAZAR,4,4,13250.0,3312.5
HOSTEL VENGALRAO NGR HYDERABAD,2,2,13248.96,6624.48
SAHARSA,54,54,13246.57,245.30685185185186
QUEPEM GA,6,6,13238.19,2206.3650000000002
GULTEKDI PUNE,4,4,13230.2,3307.55
BALESHWAR,28,28,13206.83,471.6725
BHORE GOPALGANG,30,30,13190.0,439.6666666666667
BHAYANDAR EAST,8,8,13141.0,1642.625
NADIAN,23,23,13104.8,569.7739130434783
NEAR SAHAKARI BANK PUNE,4,4,13100.0,3275.0
TRIVANDRUM THIRUVANANTHAPURAM,4,4,13099.0,3274.75
RICHMOND TOWN,13,13,13097.73,1007.5176923076923
MAHOBA,40,40,13094.189999999999,327.35474999999997
SAMANA,12,12,13093.0,1091.0833333333333
OLD SANGVI,16,16,13089.0,818.0625
GREATER MUMBAI,32,32,13079.58,408.736875
CUNCOLIM SALCETTE,2,2,13066.0,6533.0
NOIDA NOIDA,4,4,13059.0,3264.75
BAGAN SILCHAR,3,3,13051.0,4350.333333333333
DHAMNOD,18,18,13050.98,725.0544444444445
RANAGHAT,10,10,13049.0,1304.9
MUMBAI MIRA ROAD E,13,13,13046.5,1003.5769230769231
UMTA,1,1,13040.0,13040.0
OFFICE VADODARA,4,4,13037.0,3259.25
SOLA AHMEDABAD,12,12,13035.85,1086.3208333333334
ROAD DARYAGANJ NEW DELHI,8,8,13031.5,1628.9375
DISTT MUMBAI SUBURBAN MUMBAI,26,26,13029.22,501.1238461538461
PABIACHERRA SCHOOL NORTH TRIPURA,10,10,13016.0,1301.6
SAFED POOL MUMBAI,2,2,13009.6,6504.8
RAJAHMUNDRY URBAN,1,1,13000.0,13000.0
NEAR SHRIRAM HIGHSCHOOL MUMBAI,14,14,12991.0,927.9285714285714
CULCUTTA,1,1,12990.0,12990.0
TO APOLO PHARMACY BANGALORE,1,1,12990.0,12990.0
SIVIDAO,13,14,12989.0,927.7857142857143
SAHAKARA NAGAR BANGALORE,13,13,12984.44,998.803076923077
MILL COMPOUND SURAT,6,6,12982.41,2163.735
MAL JALPAIGURI,5,5,12980.54,2596.108
SCHOOL PUNE,31,31,12975.35,418.55967741935484
MARG KURLA WEST MUMBAI,9,9,12973.529999999999,1441.503333333333
TO B KAVERI TAILORS BANGALORE,23,23,12967.4,563.8
NEAR TO UNIVERSAL GYM BANGALORE,16,16,12959.68,809.98
KOZHIKODE DT,7,7,12953.5,1850.5
KANUBARI,23,24,12951.77,539.6570833333334
PORUORIM,2,2,12945.0,6472.5
JAYABHEVI KAMAN HYDERABAD,1,1,12944.55,12944.55
HELSINKI,6,6,12943.0,2157.1666666666665
BIKANER BIKANER,13,13,12930.55,994.6576923076923
PUNCHKULA,7,7,12930.0,1847.142857142857
MKT NAVI MUMBAI,3,3,12925.0,4308.333333333333
NARELA,30,30,12920.84,430.69466666666665
GOVANDI EKBAL AZMI HOTEL MUMBAI,11,11,12911.05,1173.7318181818182
BESIDE RANBOW VISTAS RANGAREDDY,14,14,12909.56,922.1114285714285
PURVAVANTAGE APT BENGALURU,3,3,12886.0,4295.333333333333
THOMAS TOWN BANGALORE,18,18,12871.35,715.075
FRIDABAD,14,14,12870.9,919.35
PRAKASH SCHOOL BANGALORE,24,24,12868.11,536.17125
ROAD POWAI MUMBAI,13,13,12867.0,989.7692307692307
SHIVALAYAM HYDERABAD,13,13,12860.16,989.243076923077
JALLANDHAR,1,1,12857.0,12857.0
GHAZIABAD DIST,7,7,12851.99,1835.9985714285715
SO MUMBAI,8,8,12850.9,1606.3625
KORAPUT O,17,17,12840.36,755.3152941176471
POWAI SAKINAKA,10,10,12830.45,1283.045
VASAI PALGHAR,9,9,12828.59,1425.398888888889
RAIGAD URAN,4,4,12827.0,3206.75
PATANCHERU,21,21,12825.61,610.7433333333333
LASHKAR GWALIOR,4,4,12815.869999999999,3203.9674999999997
KANATA,6,6,12815.0,2135.8333333333335
FASTNERS PUNE,4,4,12808.68,3202.17
CITY MIRA BHAYANDAR MCL THANE,5,5,12802.0,2560.4
URAN NAVI MUMBAI,5,5,12802.0,2560.4
ROAD  BANGALORE,3,3,12788.0,4262.666666666667
MARRIAGE GARDEN JAIPUR,6,6,12785.0,2130.8333333333335
PAURI,6,6,12782.0,2130.3333333333335
YSR DISTRICT,10,10,12774.93,1277.493
BHUSAWAL,23,23,12773.28,555.36
GUNJUR,8,8,12739.89,1592.48625
DHANBAD JHARIA,4,4,12731.02,3182.755
MANGALAGIRI,16,16,12710.79,794.424375
MAHADEV TEMPAL SURAT,1,1,12709.0,12709.0
BALLISTERNATH PAI SCHOOL MUMBAI,2,2,12699.0,6349.5
COLONY COIMBATORE,16,16,12699.0,793.6875
SRIPERUMUBUDUR,4,4,12699.0,3174.75
NAGAR CHENNAI,19,19,12697.99,668.3152631578947
TO LILHOWKI HYDERABAD,15,15,12695.16,846.3439999999999
MANIPAL,16,16,12693.99,793.374375
SCHOOL KUSHAIGUDA,10,10,12685.880000000001,1268.5880000000002
SUPER MARKET CHENNAI,12,12,12684.95,1057.0791666666667
JAMSHEDPUR EAST SINGHBHUM,9,9,12682.470000000001,1409.1633333333334
SEC-41 GURGAON,19,19,12679.77,667.3563157894737
WARANGAL DISTRICT,8,8,12674.0,1584.25
OPPOSIT-CITY MALL KOLKATA,1,1,12670.0,12670.0
BELTHANGADY,59,59,12657.880000000001,214.54033898305087
KANDHAMAL,26,26,12650.470000000001,486.5565384615385
STATE BANK OF MYSORE PUNE,23,23,12646.3,549.8391304347825
KALAYAN W,20,20,12642.73,632.1365
NAGRI VASAI E THANE,6,6,12642.0,2107.0
CINEMA HAORA,3,3,12640.0,4213.333333333333
KUMARGHAT,17,17,12637.0,743.3529411764706
REASI,21,21,12631.0,601.4761904761905
VALLABH VIDYANAGAR,14,14,12629.69,902.1207142857144
KOTHRUD PUNE (M CORP) PUNE PUNE,6,6,12616.73,2102.7883333333334
TALALA,30,30,12615.93,420.531
EAST VASAI,9,9,12607.130000000001,1400.7922222222223
M CL AMNERNATH BADLAPUR,7,7,12606.14,1800.8771428571429
QADIAN,7,7,12604.98,1800.7114285714285
BULDANA,22,22,12603.84,572.9018181818182
DIST RAIGAD,9,9,12603.3,1400.3666666666666
SILVASA,6,6,12600.0,2100.0
BARAJAGULI,2,2,12595.0,6297.5
SYANA,15,15,12592.0,839.4666666666667
AMBUR,22,22,12592.0,572.3636363636364
NORTH 24 PARAGANAS,22,22,12590.0,572.2727272727273
UTRAJ,6,6,12582.0,2097.0
KANDIVALI (EAST) MUMBAI,4,4,12571.0,3142.75
KRISHNAGIRI(DT),2,2,12566.0,6283.0
NR NILESH SUPER MARKET NASHIK,17,17,12554.06,738.4741176470588
DASARAHALLI BANGALORE,15,15,12545.0,836.3333333333334
AMRAVATI ROAD NAGPUR,12,12,12541.69,1045.1408333333334
VIKHROLI W MUMBAI,25,25,12523.73,500.94919999999996
CRS BANGALORE,4,4,12518.0,3129.5
PUNE CITY PUNE,26,26,12516.05,481.3865384615384
YADGIR,27,27,12513.42,463.46
KHURJA,5,5,12510.0,2502.0
ROAD ANDHERI EAST MUMBAI,19,19,12509.31,658.3847368421052
FIELD OPP IIPL GATE NO 3 BANGALORE,3,3,12496.69,4165.5633333333335
DAKSHINAKANNADA,25,25,12492.2,499.68800000000005
PALOTI CHURCH MUMBAI,9,9,12486.4,1387.3777777777777
ROAD ERNAKULAM,19,19,12484.0,657.0526315789474
BHAYANDER (E) MUMBAI,6,6,12475.0,2079.1666666666665
BUNGLOWS AHMEDABAD,10,10,12462.03,1246.203
NR AMITABH BUNGLOW MUMBAI,19,19,12450.0,655.2631578947369
MANALI 21/26 KULLU,7,7,12450.0,1778.5714285714287
WEST KALYAN,10,10,12437.0,1243.7
RAOD PUNE,7,7,12433.0,1776.142857142857
S NO 79-B BHIWANDI,2,2,12423.83,6211.915
CASH AND CARRY KOLKATA,2,2,12413.0,6206.5
ANDHERI(W) MUMBAI,11,11,12404.49,1127.6809090909092
DOSA RD MUMBAI,12,12,12400.0,1033.3333333333333
MALVERN,6,6,12396.0,2066.0
PANVEL RAIGARH NAVI MUMBAI,15,15,12390.0,826.0
SEEPZ MUMBAI,1,1,12378.0,12378.0
EAST IE THANE,6,6,12353.45,2058.9083333333333
BHABUA,14,14,12344.0,881.7142857142857
CHUNABHATTI SIGNAL MUMBAI,3,3,12340.29,4113.43
ELANJI,8,8,12339.95,1542.49375
RAI BARELI,34,34,12316.61,362.25323529411764
HALL HYDERABAD,28,28,12315.17,439.8275
VASAI E THANE,13,13,12310.26,946.9430769230769
JABAL ALI,5,5,12305.0,2461.0
BHAYANDAR W,12,12,12302.76,1025.23
GOREGAON E MUMBAI,18,18,12296.75,683.1527777777778
JOGESHWARI E,4,4,12283.0,3070.75
LANEMIYAPUR HYDERABAD,6,6,12277.0,2046.1666666666667
LIMBASI,17,17,12276.0,722.1176470588235
MEDAK DISTRICT,12,12,12268.98,1022.415
VASHI NAVIMUMBAI,14,14,12266.3,876.1642857142857
MALL INDORE,8,8,12258.25,1532.28125
NEW GAJUWAKA VISAKHAPATNAM,6,6,12234.759999999998,2039.1266666666663
24 PARGANAS N,7,7,12231.0,1747.2857142857142
PARK PUNE,15,15,12220.23,814.682
SOUTH TRIPURA,4,4,12208.79,3052.1975
SHOWROOM GURGAON,22,22,12192.0,554.1818181818181
NONGSTOIN,2,2,12188.0,6094.0
TRIBENI,3,3,12178.0,4059.3333333333335
TIRUPATTUR,16,16,12176.53,761.033125
JEKEGRAM THANE,10,10,12164.91,1216.491
ANDHRA PRADESH,8,8,12157.91,1519.73875
THENI [TAMIL NADU],34,34,12156.0,357.52941176470586
CENTRE ANDHERI W MUMBAI,5,5,12150.25,2430.05
ENMAKAJE,25,25,12149.0,485.96
BHUJ-KUTCH,12,12,12139.16,1011.5966666666667
CIVIL LINE NAGPUR,1,1,12138.0,12138.0
MADURAI RURAL,20,20,12114.36,605.7180000000001
SAITHARUPETA,3,3,12111.0,4037.0
NAWADA,34,34,12094.71,355.7267647058823
THANE-W,5,5,12091.3,2418.2599999999998
SALCETTE,10,10,12080.01,1208.001
DARIBA RAJSAMAND,7,7,12078.86,1725.5514285714287
24 PARGANAS,25,25,12064.800000000001,482.59200000000004
YEMLUR POST BANGALORE,8,8,12058.66,1507.3325
NAVI MUMAI,7,7,12057.130000000001,1722.447142857143
PRANTIJ,2,2,12030.0,6015.0
SALIGAO BARDEZ,3,3,12004.52,4001.5066666666667
NANGAL CHOUDHARY,5,5,12000.0,2400.0
STORE NEXT TO RAJASTHAN DAIRY FARM,2,2,12000.0,6000.0
JCI KAMOTHE RAIGARH NAVI MUMBAI,1,1,11995.0,11995.0
CHOURAHA PATNA,1,1,11977.0,11977.0
SULTANATE OFOMAN,8,8,11973.26,1496.6575
ARIYALUR DT,11,11,11972.0,1088.3636363636363
MUMBAI CITY MUMBAI,7,7,11945.0,1706.4285714285713
MANDAPESHWAR MUMBAI,11,11,11944.3,1085.8454545454545
KHAMANON,4,4,11940.0,2985.0
G P O RANCHI,6,6,11937.0,1989.5
AND 25A GURGAON,18,18,11936.2,663.1222222222223
DISTT-HOSHIARPUR,13,13,11928.71,917.5930769230769
RUPNAGAR NAYA NANGAL,5,5,11925.74,2385.148
PASCHIM MEDINIPUR KHARAGPUR,4,4,11919.0,2979.75
BORIVALI E MUMBAI,8,8,11918.0,1489.75
NR 6 SEC BUS ST BANGALORE,8,8,11918.0,1489.75
EMP ID 7390019 BANGALORE,10,10,11913.0,1191.3
KAILASH SOUTH DELHI NEW DELHI,1,1,11890.24,11890.24
GANESHKHIND PUNE,19,19,11880.09,625.2678947368421
DATIA,40,40,11873.51,296.83775
ELPHINTONE ROAD WEST MUMBAI,14,14,11869.08,847.7914285714286
KAKKANAD,14,14,11858.83,847.0592857142857
AMBATTUR CHENNAI,12,12,11858.67,988.2225
JAIL ROAD NASHIK ROAD NASHIK,5,5,11844.1,2368.82
VISHWAVIHAR HOTEL MUM,13,13,11817.5,909.0384615384615
BSE FORT MUMBAI,14,14,11812.880000000001,843.777142857143
TALAV PADRA VADODARA,6,6,11810.75,1968.4583333333333
CHIKKABALLAPUR DIST,25,25,11788.0,471.52
SONIPAT GOHANA GOHANA,5,5,11785.0,2357.0
KALWA W THANE,7,7,11781.849999999999,1683.1214285714284
AMARAVATI,26,26,11771.8,452.7615384615384
MANIPAL UDUPI,9,9,11769.19,1307.687777777778
NAGAR GHATKOPAR EAST MUMBAI,4,4,11757.83,2939.4575
UMRED,13,13,11756.0,904.3076923076923
NEAR EVEREST WORLD THANE,6,6,11755.529999999999,1959.2549999999999
POONAMALLI,5,5,11754.0,2350.8
GUNTUR MANGALAGIRI,6,6,11746.0,1957.6666666666667
JEEDI METLA  HYDERABAD,10,10,11724.68,1172.468
MUMBAI SUB URBAN,33,33,11709.74,354.84060606060604
NEAR JAIPUR GOLDEN HOSPITAL DELHI,12,12,11701.0,975.0833333333334
BROACH,10,10,11696.65,1169.665
KUDLU PUBLIC SCHOOL BANGALORE,12,12,11696.0,974.6666666666666
YASHRAJ FILMS STUDIO MUMBAI,23,23,11694.53,508.4578260869566
BABA BAKALA,2,2,11687.0,5843.5
SPOT ST THOMAS TOWN POST BANGALORE,6,6,11680.0,1946.6666666666667
JAYAKONDAM,7,7,11677.0,1668.142857142857
NAGERCOIL K K DIST,3,3,11643.0,3881.0
SPRINGS BANGALORE,1,1,11639.0,11639.0
AND GANAPATI MANDIR THANE,12,12,11635.69,969.6408333333334
PINDWARA,9,9,11631.49,1292.3877777777777
(SUBURBAN) MUMBAI,20,20,11609.91,580.4955
KANNAD,15,15,11606.8,773.7866666666666
NEW BEL ROAD BANGALORE,6,6,11605.0,1934.1666666666667
PALLAVARAM CHENNAI,8,8,11595.0,1449.375
MAIN ROAD ABOVE SUZUKI BANGALORE,12,12,11588.42,965.7016666666667
HIGHWAY THANE,20,20,11587.0,579.35
AREATURBHE MIDC NAVI MUMBAI,9,9,11583.779999999999,1287.0866666666666
SCHOOL PAWAI MUMBAI,4,4,11583.0,2895.75
DIST VALSAD OPP LIC OFFICE VAPI,1,1,11582.0,11582.0
BLOCK-I POCKET-D NEW DELHI,4,4,11579.86,2894.965
CURCHOREM SOUTH GOA,29,29,11557.76,398.5434482758621
BUNGLOWS ANAND,25,25,11555.02,462.2008
NIMBAHERA,5,5,11553.5,2310.7
NAVI MUMBAI THANE,18,18,11549.2,641.6222222222223
DELHI KRISHAN VIHAR,4,4,11546.0,2886.5
AYANAVARAM CHENNAI,5,5,11545.53,2309.106
NR DIAMOND MUMBAI,7,7,11542.97,1648.9957142857143
NEAR SHIV SENA OFFICE THANE,12,12,11527.0,960.5833333333334
TIRUVARUR DT,14,14,11510.0,822.1428571428571
CLUB MUMBAI,3,3,11502.560000000001,3834.186666666667
SIRIFORT ROAD NEW DELHI,1,1,11500.0,11500.0
DOMBIVALI I A THANE,14,14,11495.04,821.0742857142858
CIRCLE BANGALORE,29,29,11481.85,395.92586206896556
BIETIGHEIM,11,11,11469.55,1042.6863636363635
BARAKHAMBA RD C P NEW DELHI,13,13,11467.15,882.0884615384615
THANTIKONDA,71,71,11461.07,161.42352112676056
HOFFMAN ESTATES,4,4,11446.0,2861.5
PLUS2/PLUS3 WADGAON SHERE PUNE,5,5,11439.0,2287.8
NO 7 MUMBAI SUB URBAN,3,3,11426.0,3808.6666666666665
TRIPURA,39,39,11419.64,292.81128205128203
P NR RAGHUNATHPUR BUS STOP PURULIA,10,10,11414.86,1141.486
MUMBAI CITY TEHSIL MUMBAI CITY,12,12,11402.0,950.1666666666666
DHARMANAGAR HOSPITAL NORTH TRIPURA,5,5,11401.380000000001,2280.2760000000003
SECUNDERABAD HYDERABAD,19,19,11401.3,600.0684210526315
VIMANNAGAR NGR RD PUNE,12,12,11399.59,949.9658333333333
MUTHOLY,3,3,11388.279999999999,3796.093333333333
NOKHA BIKANER,11,11,11380.0,1034.5454545454545
DHAKAULI,23,23,11362.68,494.02956521739134
LONI,13,13,11318.67,870.6669230769231
BASTAR,12,12,11303.0,941.9166666666666
GACHIBOWLI HYDERABAD,25,25,11298.75,451.95
VILLA BUNGALOWS ANAND,26,26,11289.76,434.22153846153844
LANE HYDERABAD,10,10,11282.86,1128.286
WALAJAPET,29,29,11279.55,388.95
ANDHERI KURLA ROAD MUMBAI,24,24,11275.65,469.81874999999997
JHIRPANI,6,6,11268.22,1878.0366666666666
SCHOOL NASHIK,13,13,11254.49,865.73
KARPI,5,5,11253.5,2250.7
PANDAVARMANGALAM THOOTHUKKUDI,19,19,11240.1,591.5842105263158
VANCHIYUR THIRUVANANTHAPURAM,17,17,11234.07,660.8276470588235
OSAKA,3,3,11232.0,3744.0
RIBANDAR,4,4,11214.0,2803.5
CIRCLE HYDERABAD,13,13,11209.47,862.266923076923
UDUPI KUNJIBETTU,5,5,11207.0,2241.4
LAWNGTLAI,14,14,11203.68,800.2628571428571
JODI METLA GHATKESAR,6,6,11198.0,1866.3333333333333
NEHRU NAGAR MUMBAI,10,10,11183.619999999999,1118.3619999999999
THANE WEST THANE,16,16,11179.89,698.743125
KUVA WALI GALI GREATER NOIDA,8,8,11168.33,1396.04125
KATARIYA MOTORS AHMEDABAD,10,10,11158.19,1115.819
NERUL,8,8,11155.95,1394.49375
GITANJALI CHS LTD MUMBAI,3,3,11154.2,3718.066666666667
COMPLEX GURGAON,41,41,11153.85,272.0451219512195
VARTHUR HOBLI BANGALORE,16,16,11152.93,697.058125
GREATER NOIDA (WEST),20,20,11147.91,557.3955
UMARIA,16,16,11142.0,696.375
TOHANA FATEHABAD,7,7,11141.0,1591.5714285714287
CHERUVATHUR,5,5,11140.0,2228.0
CHIRANG,10,10,11137.0,1113.7
TAL MULSHI PUNE,25,25,11126.7,445.06800000000004
FORUM MALL HYDERABAD,14,14,11125.02,794.6442857142857
THANE NEAR E W FLYOVER CBD BELAPUR,4,4,11098.07,2774.5175
TARAMANI CHENNAI,11,11,11094.39,1008.580909090909
MADURAI ST,5,5,11091.3,2218.2599999999998
PALAKKADI,12,12,11084.0,923.6666666666666
SEONI MALWA HOSHANGABAD,4,4,11083.0,2770.75
BRIDGE BANGALORE,3,3,11070.0,3690.0
CINEMA GHATKOPAR W MUMBAI,14,14,11061.66,790.1185714285714
HOUSING SOCIETY GUWAHATI,7,7,11060.130000000001,1580.0185714285715
PILANI JHUNJHUNUN,2,2,11059.91,5529.955
BANASWADI BANGALORE,21,21,11059.0,526.6190476190476
KATALAB UTTAR PRADESH LUCKNOW,11,11,11053.3,1004.8454545454545
9A MALLESHWARAM BANGALORE,144,145,11051.0,76.21379310344828
IMPERIAL LANE LUDHIANA,8,8,11050.0,1381.25
EX SERVICEMAN COLONY PUNE,7,7,11034.0,1576.2857142857142
BAKSA,18,18,11012.9,611.8277777777778
MEDICAL CENTRE CHENNAI,11,11,11008.0,1000.7272727272727
ST CRUZ,30,30,11005.74,366.858
DECATHLON SPORTS AHMEDABAD,2,2,11000.0,5500.0
NOWGAWAN SADAT,5,5,10998.63,2199.7259999999997
MIRAROAD,10,10,10988.0,1098.8
ERNAKULAM KL,11,11,10973.6,997.6
VIZAG,21,22,10969.5,498.6136363636364
KOSLI,12,12,10959.31,913.2758333333333
YARI ROAD ANDHERI (W) MUMBAI,3,3,10957.0,3652.3333333333335
RAINBOW PLAZA PUNE,5,5,10950.62,2190.1240000000003
AGNES WATER,3,3,10946.33,3648.7766666666666
SARJAPUR MAIN RD BANGALORE,6,6,10939.0,1823.1666666666667
VILUPURAM DIST,2,2,10917.0,5458.5
MURBAD KALYAN,1,1,10914.0,10914.0
BHAYANDER (EAST) THANE,4,4,10905.76,2726.44
ST THANE,2,2,10900.0,5450.0
REPUBLIC DEMOCRATIC OF CANGO,1,1,10900.0,10900.0
CHINDWARA,14,14,10899.560000000001,778.5400000000001
KOLIWADA WORLI COLONY MUMBAI,1,1,10890.0,10890.0
TARAPUR APP BOISAR,2,2,10861.0,5430.5
CHANNAI,4,4,10860.0,2715.0
AHEMDABAD,10,10,10849.5,1084.95
COLONY RANCHI,11,11,10848.75,986.25
PARVATIPURAM,36,36,10846.0,301.27777777777777
BSNL TELEPHONE OFFICE VAPI,1,1,10844.0,10844.0
BOISAR THANE,10,10,10839.3,1083.9299999999998
SHIMOGA- DISTRICT,23,23,10832.54,470.98
BARGAON,11,11,10832.0,984.7272727272727
CHEMBUR EAST MUMBAI,5,5,10832.0,2166.4
MARGAO GOA,9,9,10830.25,1203.361111111111
KURUD,6,6,10806.63,1801.1049999999998
NIZAMPET RD HYDERABAD,9,9,10792.88,1199.2088888888889
OFF VEERA DESAI RD ANDHERI W,9,9,10792.0,1199.111111111111
SCHOOL KHARAGPUR,1,1,10782.0,10782.0
CUDDALORE (DT),18,18,10766.2,598.1222222222223
JUHU BEACH SANTACRUZ W MUMBAI,17,17,10760.45,632.9676470588236
CITY MALL MUMBAI,5,5,10751.8,2150.3599999999997
TO DIAMOND HOUSE HYDERABAD,17,17,10744.0,632.0
PORVORIM BARDEZ,8,8,10742.09,1342.76125
PARK NR ASHOKNGR PARK KOLKATA,3,3,10734.8,3578.2666666666664
GREATER NOIDA(W),8,8,10733.89,1341.73625
BADLAPUR WEST,8,8,10732.3,1341.5375
HOSPITAL KOLKATA,11,11,10731.0,975.5454545454545
SUPER MARKET BANGALORE,10,11,10721.7,974.7
GRTR MUMBAI MUMBAI,9,9,10721.0,1191.2222222222222
GODHRA (GUJARAT),17,17,10716.11,630.3594117647059
ODISSA BHAVAN VASHI NAVI MUMBAI,8,8,10708.58,1338.5725
THANDALAM,2,2,10704.0,5352.0
AIR PORT ROAD BEGUMPET HYDERABAD,5,5,10700.0,2140.0
SINGH NAGAR SAS NAGAR,3,3,10697.28,3565.76
HAVELI PUNE PUNE,9,9,10690.73,1187.858888888889
BARDEZ GOA,6,6,10673.79,1778.9650000000001
MERTA CITY,23,23,10666.21,463.7482608695652
NR BANK OF BARODA MUMBAI,1,1,10660.0,10660.0
SHADURG,16,16,10653.52,665.845
MOUNT HAWTHORN,6,6,10651.0,1775.1666666666667
ATHAL,18,18,10644.0,591.3333333333334
MULUND WEST MUMBAI,19,19,10642.81,560.1478947368421
DLEHI,3,3,10640.0,3546.6666666666665
THANE NAVI MUMBAI,15,15,10626.869999999999,708.458
PUNE SASWAD ROAD PUNE,7,7,10613.9,1516.2714285714285
KANIYAKUMARI DIST,12,12,10588.74,882.395
VIRAR EAST THANE,27,27,10564.95,391.2944444444445
EXTENSION LI STAGE BANGALORE,10,10,10564.85,1056.4850000000001
DHARMANAGAR,65,65,10558.369999999999,162.43646153846151
ELPHINSTONE W,4,4,10556.95,2639.2375
NR JEHANGIR HOSPITAL PUNE,5,5,10556.25,2111.25
SASARAM,8,8,10551.35,1318.91875
PEN RAIGARH RAIGARH,20,20,10547.42,527.371
PRATHIBHA MDTS) BANGALORE,17,17,10545.0,620.2941176470588
ANDAMAN,26,26,10539.12,405.3507692307693
WEST UMELE BASSEIN ROAD THANE,8,8,10523.55,1315.44375
KATARGAM SURAT,21,21,10520.82,500.99142857142857
KURLA EAST,12,12,10517.61,876.4675000000001
SURYAPET NALGONDA (DIST),13,13,10507.12,808.24
SHAHADRA,7,7,10505.0,1500.7142857142858
HITEX HYDERABAD,4,4,10505.0,2626.25
BUILDING PUNE,3,3,10500.0,3500.0
DIST-PUNE PUNE,21,21,10493.0,499.6666666666667
RAJSAAMAND,6,6,10491.2,1748.5333333333335
PAWAR NAGAR THANE JEKEGRAM,11,11,10488.0,953.4545454545455
GANGANAGAR BANGALORE,2,2,10485.0,5242.5
COLLAGE BANGALORE,3,3,10484.0,3494.6666666666665
JANKIPURAM LUCKNOW LUCKNOW,2,2,10484.0,5242.0
MALAKPET,3,3,10483.0,3494.3333333333335
SAKLESHPUR,6,6,10465.5,1744.25
WOKHA DIST,12,12,10459.1,871.5916666666667
COORG,22,22,10446.25,474.82954545454544
KAIMUR(BHABUA),3,3,10433.0,3477.6666666666665
BALESWAR,14,14,10430.45,745.032142857143
JHABUA,8,8,10429.5,1303.6875
PEN RAIGARH,9,9,10409.89,1156.6544444444444
NELLORE DT,8,8,10404.86,1300.6075
MOHANPUR,8,8,10400.65,1300.08125
PS BORDUBI,3,3,10395.0,3465.0
BALRAMPUR,29,29,10393.9,358.4103448275862
PUDUCHRRY,23,23,10353.4,450.1478260869565
MEHAM,40,40,10350.550000000001,258.76375
PANVEL RAIGARH,13,13,10348.24,796.0184615384616
KAHIRE MARG WORLI MUMBAI,1,1,10348.0,10348.0
DISTT-GHAZIABAD GHAZIABAD,24,24,10346.6,431.10833333333335
DIWAR,9,9,10346.58,1149.62
WIRRAL,1,1,10333.0,10333.0
1ST STAGE MYSORE,11,11,10328.45,938.95
MUMBAI E,8,8,10322.94,1290.3675
SANKARA COLONY CHEMBUR MUMBAI,12,12,10322.130000000001,860.1775000000001
POLICE STATION GUWAHATI,2,2,10304.0,5152.0
SRUNGAVARAPUKOTA,2,2,10300.0,5150.0
ROAD MUMBAI,16,16,10270.02,641.87625
SHAHADARA,7,7,10257.69,1465.3842857142859
TADEPALLIGUDEM WEST GODAVARI,10,10,10253.0,1025.3
TOYATO SHOWROOM MALAD WEST MUMBAI,6,6,10236.17,1706.0283333333334
KALPI,21,21,10231.83,487.23
VISKHAPATAM,8,8,10225.0,1278.125
JAODHPUR,7,7,10224.0,1460.5714285714287
MUMBAI GIRGAON,30,30,10222.3,340.7433333333333
VARLA,12,12,10217.0,851.4166666666666
24 PGS NORTH,12,12,10204.869999999999,850.4058333333332
SCHOOL KALYANI,2,2,10200.0,5100.0
RAILWAY STATION NAVI MUMBAI,7,7,10199.47,1457.0671428571427
KERALA,43,43,10192.2,237.0279069767442
KANCHEEPURAM ALANDUR,8,8,10190.68,1273.835
ANTOP HILL MUMBAI,9,9,10184.0,1131.5555555555557
GR. NOIDA,5,5,10169.5,2033.9
SANGHA CLUB KOLKATA,19,19,10166.56,535.0821052631578
ROAD BSK 3RD STAGE BANGALORE,9,9,10160.58,1128.9533333333334
SCHOOL NEW DELHI,8,8,10160.49,1270.06125
CANACOWA,2,2,10160.0,5080.0
SEC-49 GURGAON,11,11,10159.02,923.5472727272728
BHYANDER WEST,3,3,10156.5,3385.5
COMBATORE,24,24,10151.0,422.9583333333333
ROAD GREATER MUMBAI,3,3,10150.0,3383.3333333333335
SUBRAMANYAPURA POST BANGALORE,3,3,10130.0,3376.6666666666665
VILLE HOUSE MUMBAI,19,19,10128.44,533.0757894736843
GOBICHETTIPALAYAM,9,9,10126.310000000001,1125.1455555555558
BHANDUP (EAST) MUMBAI,3,3,10119.81,3373.27
COLLEGE PUNE,13,13,10112.52,777.8861538461539
BUNGALOWS ANAND,24,24,10111.15,421.29791666666665
BH THE ACRE CLUB CHEMBUR MUMBAI,10,10,10111.0,1011.1
GOREGAON W MUMBAI,16,16,10105.29,631.580625
COLONY GOREGAON E MUMBAI,7,7,10099.69,1442.8128571428572
BULANDSHAHR GULAOTHI,12,12,10099.0,841.5833333333334
CHERTHALA,17,17,10098.34,594.02
NAGAR EAST CHENNAI,11,11,10094.99,917.7263636363637
ZADGAON,28,28,10086.62,360.2364285714286
BETIM BARDEZ,12,12,10085.0,840.4166666666666
PARLE E NR KOLDONGRI BUS STP MUMBAI,6,6,10078.869999999999,1679.8116666666665
BIETIGHEIM BISSINGEN,3,3,10068.29,3356.096666666667
CHORD ROAD BANGALORE,5,5,10067.6,2013.52
CHICOLNA MORMUGAO,9,9,10054.0,1117.111111111111
10TH TO 11TH CROSS BANGALORE,7,7,10026.42,1432.3457142857144
ANDHERI RAILWAY STATION MUMBAI,5,5,10025.8,2005.1599999999999
LAKHIMPUR KHERI,13,13,10009.75,769.9807692307693
KURSEONG,5,5,10006.03,2001.2060000000001
VINAYAGAR KOVIL HOSUR,1,1,10000.0,10000.0
MUKSAR,1,1,10000.0,10000.0
GOMATI,1,1,10000.0,10000.0
THIRUVANNAMALAI (D),1,1,10000.0,10000.0
MARG LOWER PAREL  MUMBAI,4,4,9998.0,2499.5
DOMBIVALI WEST,9,9,9996.85,1110.7611111111112
PITHAMPUR,24,24,9995.75,416.4895833333333
JOUNK)DISTT PAURI GARHWAL RISHIKESH,20,20,9992.59,499.6295
BURUCH,6,6,9990.0,1665.0
THANE W MUMBAI,10,10,9985.0,998.5
PAREL W MUMBAI,26,26,9982.05,383.92499999999995
MASJID MUMBAI,2,2,9982.0,4991.0
SWEETS CHENNAI,24,24,9981.5,415.8958333333333
MOSES ROAD MAHALAXMI MUMBAI,12,12,9976.82,831.4016666666666
DIST KAMRUP (METRO),26,26,9969.73,383.45115384615383
RATTAN RAIPUR,7,7,9966.0,1423.7142857142858
TUTOCORIN,9,9,9962.0,1106.888888888889
HILLS HYDERBAD,8,8,9961.439999999999,1245.1799999999998
DENTAL CLINIC BANGALORE,13,13,9960.119999999999,766.1630769230768
CORNER DELHI,1,1,9950.0,9950.0
WASWANI ROAD PUNE,9,9,9948.93,1105.4366666666667
LLAYOUT BANGALORE,6,6,9946.08,1657.68
BHIWANDI DISTT ALWAR BHIWADI,2,2,9935.0,4967.5
DEGREE COLLGE NELLORE,2,2,9927.32,4963.66
GHATKOPAR E MUMBAI,13,13,9910.78,762.3676923076923
AHMEDABAD CITY,13,13,9910.29,762.33
BHAYANDER WEST THANE,7,7,9899.78,1414.2542857142857
TANENGLONG,1,1,9894.0,9894.0
TARAKESWAR,5,5,9892.0,1978.4
FOUR PARGANAS,1,1,9890.0,9890.0
TRI NAGER DELHI,8,8,9884.0,1235.5
RAMAPURAM,14,14,9882.7,705.907142857143
JHARKHAND,16,16,9866.119999999999,616.6324999999999
HIGH SCHOOL SURAT SURAT,2,2,9865.0,4932.5
DARES SALAAM,7,7,9857.62,1408.2314285714288
KUNNOTHUPARAMBA,5,5,9854.0,1970.8
NR CORPORATION BANK KOLKATA,13,13,9849.4,757.6461538461538
WEST AZAD NAGAR MUMBAI,6,6,9847.21,1641.2016666666666
PONNAMALLEE,2,2,9846.0,4923.0
THODUPUZHA IDUKKI,11,11,9845.11,895.0100000000001
JALOR,10,10,9837.9,983.79
VERAVAL,4,4,9827.11,2456.7775
INDIRAPURAM GHZB,2,2,9827.0,4913.5
ELECTRONICS CITY BANGALORE,2,2,9818.0,4909.0
DHOLAR MOTI DAMAN,2,2,9806.0,4903.0
RD TALEGAON STN TALEGAON  PUNE,8,8,9800.0,1225.0
CALANGUTE BARDEZ,11,11,9798.0,890.7272727272727
MALEGANV KHURD,3,3,9796.0,3265.3333333333335
ESTATE LALBAUG MUMBAI,12,12,9781.64,815.1366666666667
SUBARNAPUR,9,9,9779.0,1086.5555555555557
MAHENDRA GARH,22,22,9769.1,444.05
SALANPUR,22,22,9767.6,443.9818181818182
DAHOD,31,31,9765.4,315.01290322580644
JASPUR KHURD JASPUR,3,3,9757.0,3252.3333333333335
THE ACRE CLUB CHEMBUR MUMBAI,8,8,9753.12,1219.14
BHILAI DISTT DURG,3,3,9749.94,3249.98
COLONY DELHI,28,28,9745.56,348.05571428571426
SAWAI MADHOPUR,8,8,9731.0,1216.375
LUNGLEI DISTRICT,6,6,9725.0,1620.8333333333333
MANGALDAI,10,10,9719.0,971.9
BOISAR  PALGHAR,22,22,9705.72,441.16909090909087
BASAVESHWARANAGAR BANGALORE,8,8,9692.6,1211.575
TIRUPATI RURAL,6,6,9691.64,1615.2733333333333
SRIPERUMBUDUR TAL KANCHIPURAM DIST,14,14,9686.36,691.8828571428572
KARTHIKAPPALLY,9,9,9676.13,1075.1255555555554
GARDEN NAVI MUMBAI,20,20,9675.97,483.7985
VASAI (EAST),14,14,9674.0,691.0
BESIDE ORIENTAL BANK SECUNDERABAD,3,3,9673.0,3224.3333333333335
THANJAVVR (DT),19,19,9672.0,509.05263157894734
AIMS HOSPITAL THANE,8,8,9671.0,1208.875
SATELLITE AHMEDABAD,21,21,9667.189999999999,460.3423809523809
SURENDRANAGAR SURENDRANAGAR,6,6,9649.0,1608.1666666666667
K K NAGAR CHENNAI,4,4,9647.45,2411.8625
GOVT HIGH SCHOOL HYDERABAD,2,2,9637.0,4818.5
PILERNE,11,11,9632.0,875.6363636363636
ETOBICOKE,3,3,9618.43,3206.1433333333334
DISTRICT KHURDA,8,8,9610.0,1201.25
DUMUDUMA,11,11,9601.39,872.8536363636363
RAIKULA,3,3,9600.0,3200.0
HOTEL THANE,7,7,9598.05,1371.1499999999999
ALENCODVILAI,8,8,9597.0,1199.625
RESTAURANT NEW DELHI,10,10,9595.869999999999,959.5869999999999
BEHIND JW MARIOTT PUNE,14,14,9594.0,685.2857142857143
SAGWARA,8,8,9593.71,1199.21375
THIRUVOTTIYUR,2,2,9582.0,4791.0
NELLORE 1,17,17,9566.29,562.7229411764706
GHAZIZBAD,7,7,9563.29,1366.1842857142858
MALAPPURAM DIST,23,23,9558.17,415.57260869565215
BRIDGE ANDHERI W MUMBAI,2,2,9550.0,4775.0
TALOJA,14,14,9537.64,681.26
JEBEL ALI,5,5,9530.0,1906.0
VIDYAVIHAR (W) MUMBAI,4,4,9529.81,2382.4525
VILE PARLE W MUMBAI,8,8,9525.9,1190.7375
BORSAD,29,30,9522.5,317.4166666666667
RAMANAGARAM,15,15,9517.25,634.4833333333333
KUSHI NAGAR,11,11,9512.42,864.7654545454545
VIYYUR THRISSUR,11,11,9506.88,864.2618181818181
PANVEL OLD PANVEL DIST RAIGAD,1,1,9500.0,9500.0
HOUSTON,4,4,9494.0,2373.5
MUMBAI SUBARBAN DIST MUMBAI,22,22,9482.61,431.0277272727273
UPPALA KASARAGOD,6,6,9476.0,1579.3333333333333
NATHADVARA,9,9,9472.0,1052.4444444444443
AHMED AND BROTHER TIMBER MART,3,3,9470.0,3156.6666666666665
TIKAMGARH,26,26,9464.79,364.03038461538466
BANGALORE NORTH BANGALORE,10,10,9456.0,945.6
ROAD FARIDABAD,11,11,9455.0,859.5454545454545
KOTHAMANGALAM ERNAKULAM,6,6,9452.54,1575.4233333333334
AREA RABALE NAVI MUMBAI,11,11,9452.0,859.2727272727273
GURU VILLA BUNGLOWS ANAND,20,20,9445.3,472.265
GANGUWAL,19,19,9436.5,496.6578947368421
BULANDSAHAR,24,24,9432.39,393.01624999999996
BISHALGARH,15,15,9428.0,628.5333333333333
OMAN MUSCAT,2,2,9424.85,4712.425
SCHOOL GOVANDI MUMBAI,5,5,9419.14,1883.828
SIGNAL SION (E)MUMBAI,2,2,9419.05,4709.525
KHARSAWAN,6,6,9414.0,1569.0
AMBALA CANT,12,12,9406.0,783.8333333333334
GORWAROAD VADODARA,7,7,9399.3,1342.7571428571428
NAGAR (MOHALI) MOHALI,16,16,9395.5,587.21875
DENHAAG,9,9,9389.7,1043.3000000000002
VIRUDHUNAGAR DT,13,13,9389.5,722.2692307692307
WATER TANK COIMBATORE,2,2,9384.0,4692.0
COLONY GOREGAONEAST MUMBAI,4,4,9383.52,2345.88
CENTRAL DELHI,14,14,9377.0,669.7857142857143
II STAGE  BANGALORE,2,2,9371.0,4685.5
MIRA RD EAST  MUMBAI,3,3,9366.21,3122.0699999999997
TALUKA PUNE PUNE,12,12,9362.67,780.2225
LOHIT,45,45,9361.0,208.0222222222222
CHIKKABALLA PURA TALUK AND DIST,6,6,9354.1,1559.0166666666667
PARK PHASE -01 HINJEWADI PUNE,6,6,9349.0,1558.1666666666667
CAMPBELL,2,2,9348.0,4674.0
VVNAGAR,19,19,9347.35,491.96578947368425
SION E,4,4,9346.35,2336.5875
CHARKOP KANDIVALI(W) MUMBAI,9,9,9345.7,1038.4111111111113
RUPNAGAR NANGAL,2,2,9331.0,4665.5
NORTH BANGALORE,7,7,9330.45,1332.9214285714286
TOWN SUPER MARKET BANGALORE,1,1,9328.0,9328.0
MIRA-BHAYANDER THANE,12,12,9323.630000000001,776.9691666666668
NR VIVIANA MALL THANE,8,8,9323.25,1165.40625
DOORVANI NGR PO BANGALORE,16,16,9309.83,581.864375
SHOWROOM MUMBAI,10,10,9309.76,930.976
JUNCTON VISAKHAPATNAM,6,6,9309.0,1551.5
THIRUNINDRAVUR,17,17,9304.0,547.2941176470588
THAKURPUKUR,1,1,9300.0,9300.0
MAKDAVAN,1,1,9300.0,9300.0
TIVIM BARDEZ,6,6,9299.0,1549.8333333333333
BHAGAT SINGH NAGAR NAWANSHAHR,32,32,9298.93,290.5915625
P S S K PURI PATNA,3,3,9297.8,3099.2666666666664
GANDHINAGAR GANDHINAGAR,4,4,9296.1,2324.025
MANDAL VISAKHAPATNAM,41,41,9294.52,226.69560975609758
SEMENCHERY DEPOT CHENNAI,6,6,9294.0,1549.0
3RD BLOCK KORAMANGALA BANGALORE,6,6,9285.11,1547.5183333333334
KURLA ANDHERI ROAD MUMBAI,11,11,9282.67,843.8790909090909
NKD NAKODAR,6,6,9276.0,1546.0
SHAHRANPUR,3,3,9259.0,3086.3333333333335
STATION PUNE,7,7,9257.0,1322.4285714285713
RUDRAPRAYAG,24,24,9240.95,385.0395833333334
TO STANDARD CHARTED BANK HYDERABAD,13,13,9240.25,710.7884615384615
GANESH TEMPLE PORVORIM,3,3,9240.0,3080.0
ATHIRAMPUZHA,16,16,9239.99,577.499375
PONDICHERRY TALUK,3,3,9216.0,3072.0
CHAPRA SARAN,25,25,9211.65,368.466
BUNGLOW THANE,9,9,9206.11,1022.9011111111112
MERIDIAN SCHOOL MADHAPUR HYDERABAD,7,7,9198.0,1314.0
MAHBOULA,3,3,9197.0,3065.6666666666665
SAS NAGAR KHARAR,4,4,9190.24,2297.56
MANDAL LIBRARY MUMBAI,8,8,9182.470000000001,1147.8087500000001
NEXT TO HUB MALL GORGAON EAST,7,7,9173.0,1310.4285714285713
KUNNAMKULAM,1,1,9158.0,9158.0
ALIBAG,10,10,9147.65,914.765
UPLANDS VISAKHAPATNAM,1,1,9137.0,9137.0
GANDHINAGAR  HIGHWAY AHMEDABAD,2,2,9136.66,4568.33
(VIA) SALEM,6,6,9132.0,1522.0
BARDDHAMAN DURGAPUR,6,6,9111.0,1518.5
ABOVE AASHWAD HOTEL MUMBAI,3,3,9110.0,3036.6666666666665
NEURA,8,8,9110.0,1138.75
VADAKARA,6,6,9107.0,1517.8333333333333
THANE BELAPUR RD NAVI MUMBAI,1,1,9106.84,9106.84
DRANNIE BESANT RD PRABHADEVI MUMBAI,10,10,9097.369999999999,909.7369999999999
PANSKURA,16,16,9096.73,568.545625
KAMOTHE,7,7,9096.5,1299.5
KURLA ROAD ANDHERI E MUMBAI,15,15,9092.07,606.138
BHAWARNA,1,1,9083.0,9083.0
SRINAAR COLONY HYDERABAD,4,4,9080.0,2270.0
PIMPRI CHINCHWAD M CORP HAVELI PUNE,6,6,9077.8,1512.9666666666665
CHIRANJEEVI BLOOD BANK HYDERABAD,6,6,9076.15,1512.6916666666666
MANDAPETA,11,11,9070.15,824.5590909090909
NAGAR JUHI COLONY KANPUR NAGAR,13,13,9066.34,697.4107692307692
PARASIA,6,6,9065.35,1510.8916666666667
BAPATMARG LOWER PAREL MUMBAI,31,31,9060.0,292.258064516129
KARBI,4,4,9057.86,2264.465
WARD 10 TALUKA-CHANDRAPUR,9,9,9055.98,1006.2199999999999
KOTDWARA,20,20,9052.98,452.649
NR VIDYAVIHAR RLY STN MUMBAI,2,2,9033.93,4516.965
BESIDE MESTRI PALYA CHURCH BANGALOR,2,2,9024.0,4512.0
NILAMANGAI NAGAR,6,6,9021.0,1503.5
SUNDER NAGAR,9,9,9010.42,1001.1577777777778
PUMP NR YES BANK SURAT,6,6,9008.0,1501.3333333333333
HALL S V ROAD MUMBAI,4,4,9000.0,2250.0
ELAPPULLY PANCHAYATH,1,1,9000.0,9000.0
HOTEL NEW DELHI,1,1,9000.0,9000.0
GURGGAON,1,1,9000.0,9000.0
BALKUM THANE THANE,25,25,8999.37,359.9748
SHAHAD,1,1,8999.0,8999.0
NGR POWAI MUMBAI SAKINAKA MUMBAI,2,2,8999.0,4499.5
RING ROAD BANGALORE,13,13,8993.17,691.7823076923077
DAIRY NUBERDAR CHOWK NEW DELHI,4,4,8991.0,2247.75
PLATFORM MUMBAI,10,10,8990.9,899.0899999999999
KOCHI CORPORATION,16,16,8981.13,561.320625
JANKALYAN BANK ANDHERI (E) MUMBAI,6,6,8972.27,1495.3783333333333
PATAN (GUJARAT),21,21,8968.130000000001,427.05380952380955
PIMPALI,7,7,8945.58,1277.94
CHINCHANI,19,19,8944.86,470.7821052631579
ASHTA,7,7,8943.03,1277.5757142857144
KALYAN TILAKNAGAR KALYAN THANE,23,23,8926.58,388.1121739130435
DR E MOSES ROAD MAHALAXMI MUMBAI,3,3,8920.0,2973.3333333333335
BELLANDUR PO BANGALORE,9,9,8906.0,989.5555555555555
COLONY PATNA,6,6,8902.8,1483.8
MIRAROAD THANE,1,1,8900.0,8900.0
MALLAPPURAM,2,2,8900.0,4450.0
STATION HYDERABAD,1,1,8900.0,8900.0
DOBIVALI,8,8,8896.0,1112.0
DHALAI,13,13,8870.36,682.3353846153847
GOBINDAPUR,9,9,8866.0,985.1111111111111
GREATER MOHALI,6,6,8866.0,1477.6666666666667
ALAIN,4,4,8860.119999999999,2215.0299999999997
LAB NIT FARIDABAD,7,7,8860.0,1265.7142857142858
MOIRA,8,8,8850.52,1106.315
CIRCLE ITANAGAR,1,1,8840.0,8840.0
HINGOLI,43,43,8834.34,205.44976744186047
TEMPLE MARGAO,5,5,8828.61,1765.7220000000002
PAPUMPARE NAHARLAGUN,1,1,8823.0,8823.0
2ND STAGE BANGALORE,8,8,8820.0,1102.5
STATION KAMRUP GUWAHATI,5,5,8819.0,1763.8
ROHILLA NEW DELHI,3,3,8812.24,2937.4133333333334
MARKET NEW DELHI,9,9,8810.45,978.938888888889
PLACE CENTRE WHZIRPUR DELHI,3,3,8800.0,2933.3333333333335
BUR DUBAI,4,4,8800.0,2200.0
MALEGAV KHU,3,3,8799.27,2933.09
NEDUMUDY,2,2,8796.51,4398.255
RANGAREDDY (DIST),2,2,8792.5,4396.25
SARJAPUR OTR RING RD BANGALORE,11,11,8787.210000000001,798.8372727272728
AERODROME POST COIMBATORE,12,12,8774.0,731.1666666666666
THANE MIRA ROAD E,11,11,8770.34,797.3036363636364
GHATKOPAR (E)  MUMBAI,6,6,8770.0,1461.6666666666667
VASAI E,6,6,8768.46,1461.4099999999999
RD SAKINAKA MUMBAI,11,11,8763.06,796.6418181818182
BANNERGHATTA RD BANGALORE,7,7,8760.0,1251.4285714285713
KHAIRNE THANE NAVI MUMBAI,11,11,8755.94,795.9945454545455
ATHAL VILLAGE,7,7,8752.19,1250.3128571428572
RAMPURHAT,7,7,8746.2,1249.457142857143
ULHASNAGAR 4 EAST,4,4,8740.55,2185.1375
NAKA CHARKOP KANDIVALI W MUMBAI,8,8,8739.8,1092.475
CHITALSAR MANPADA THANE,8,8,8733.0,1091.625
E VASAI PALGHAR THANE,10,10,8728.74,872.874
WEST BARVE NAGAR MUMBAI,3,3,8726.52,2908.84
DAHISAR E MUMBAI,6,6,8719.0,1453.1666666666667
UMBAR PADA,2,2,8718.0,4359.0
CHITTAURGARH,19,19,8717.45,458.8131578947369
USHODAYA S MKT HYDERABAD,8,8,8714.29,1089.28625
SIRKAKULAM,7,7,8713.94,1244.8485714285714
TRIMULGHERRY HYDERABAD,24,24,8713.39,363.05791666666664
BHILAI DURG,4,4,8710.96,2177.74
ROME,4,4,8690.84,2172.71
IND EST ANDHERI (W) MUMBAI,21,21,8689.45,413.78333333333336
THIRUNELVELI,14,14,8678.4,619.8857142857142
POLICE STATION BANGALORE,21,21,8672.26,412.96476190476193
HOJAI,6,6,8661.5,1443.5833333333333
VAN MIRA RD THANE,10,10,8649.26,864.926
DISTT HOSHIARPUR,5,5,8646.0,1729.2
KONDHAPURI,4,4,8645.89,2161.4725
DHANKAWDI PUNE,6,6,8645.74,1440.9566666666667
MARKET NAVABVADI BEGUMPURA SURAT,15,15,8644.0,576.2666666666667
BOISAR W,6,6,8642.45,1440.4083333333335
HOSHIARPUR PUNJAB HOSHIARPUR,4,4,8638.0,2159.5
KATEWADI,14,14,8634.0,616.7142857142857
AMLOH,18,18,8629.0,479.3888888888889
NAKA PUNE,2,2,8626.0,4313.0
SANTHI NAGAR,16,16,8623.57,538.973125
PHALODI,2,2,8621.78,4310.89
8 IMT MANESAR GURGAON,12,12,8619.97,718.3308333333333
MITHAKHALI ELLIS BRIDGE AHMEDABAD,14,14,8617.06,615.5042857142856
NALGONDA (DIST),8,8,8616.44,1077.055
NEAR RADISSON HOTEL PUNE,4,4,8613.0,2153.25
THUTHIPET AMBUR,20,20,8607.0,430.35
VENNIKULAM,5,5,8598.4,1719.6799999999998
3 BANGALORE,15,15,8597.98,573.1986666666667
NGR 3RD PHS BANGALORE,7,7,8595.97,1227.9957142857143
KOILAKUNTLA,14,14,8585.01,613.215
BADLAPUR W,8,8,8583.0,1072.875
ADHARTAL JABALPUR,8,8,8580.36,1072.545
CAMP HILL,8,8,8579.3,1072.4125
IPOH,1,1,8579.0,8579.0
DISTRICT PUNE PUNE,7,7,8576.0,1225.142857142857
KANNIYAKUM,12,12,8567.42,713.9516666666667
RAINSARY UNA,15,15,8566.0,571.0666666666667
DHARBANDORA SOUTH,7,7,8566.0,1223.7142857142858
MANAULI,6,6,8565.0,1427.5
GAITHERSBURG,1,1,8560.0,8560.0
SONARPUR SPORTING KOLKATA,2,2,8558.0,4279.0
BANK HYDERABAD,14,14,8557.82,611.2728571428571
(N) 24 PGS,6,6,8554.19,1425.6983333333335
RAYMOND GROCERY SHOP ASANSOL,1,1,8550.0,8550.0
NAVI MUMBAI NAVI MUMBAI,9,9,8539.4,948.8222222222222
ROAD BANGALORE KONANAKUNTE,10,10,8538.0,853.8
STATION SECUNDERABAD,3,3,8529.69,2843.23
TRAINING MUMBAI,2,2,8522.380000000001,4261.1900000000005
SOUTH 24 PGS,14,14,8518.23,608.4449999999999
RESIDENCY VISAKHAPATNAM,12,12,8517.14,709.7616666666667
ROORKEE HARIDWAR,24,24,8513.28,354.72
CHILLA,14,14,8513.2,608.0857142857143
KANCHIPURAM DISTT,7,7,8503.5,1214.7857142857142
MYSORE PUNE,15,15,8500.44,566.696
LALA TEMPLE HYDERABAD,1,1,8500.0,8500.0
UT OF DADRA AND NAGAR,1,1,8500.0,8500.0
MORADA,7,7,8496.12,1213.7314285714288
GUILDERLAND,5,5,8493.26,1698.652
ARNI,29,29,8492.44,292.84275862068966
DHENKANAL DISTRICT,23,23,8478.2,368.61739130434785
DAHISAR (W) MUMBAI,5,5,8476.43,1695.286
VJB UDYAN MUMBAI,10,10,8475.32,847.5319999999999
ANDHERI LINK RD ANDHERI W MUMBAI,18,18,8474.52,470.8066666666667
W E HIGHWAY MUMBAI,1,1,8468.0,8468.0
KECHINNAYYAPALEM EAST GODAVARI,2,2,8457.0,4228.5
TIRUPATI CHITTOOR DT,10,10,8453.22,845.3219999999999
SARDARSHAHAR,10,10,8452.52,845.2520000000001
ZUMARI TILAIYA,9,9,8450.02,938.8911111111112
JWELLS THANE,2,2,8450.0,4225.0
DHARAMSHALA AMBALA,3,3,8450.0,2816.6666666666665
BALEWADI PUNE,5,5,8428.0,1685.6
NODE NR NEW SUDHAGAD COLL RAIGARH,3,3,8427.62,2809.206666666667
HUBBALLI,9,9,8419.970000000001,935.5522222222223
CHAS BOKARO,4,4,8410.0,2102.5
TRIPURA AGARTALA,7,7,8408.75,1201.25
CHIKHLI,5,5,8406.0,1681.2
CHIKUWADI SURAT,5,5,8403.0,1680.6
MANDLA,9,9,8399.65,933.2944444444444
CHAMBER SECUNDERBAD,11,11,8390.5,762.7727272727273
MILES MANALI,48,48,8381.9,174.62291666666667
KOLKI ROAD UPLETA RAJKOT,10,10,8380.0,838.0
SAWAI FACTORY RAIPUR,2,2,8380.0,4190.0
SECTOR 7 NARELA NORTH WEST DELHI,10,10,8376.369999999999,837.637
ULHASNAGAR 1 ULHASNAGAR,3,3,8374.68,2791.56
ABOHAR,6,6,8373.8,1395.6333333333332
BANER PUNE,5,5,8369.0,1673.8
RAILWAY STATION CHENNAI,5,5,8365.0,1673.0
SCHOOL  MUMBAI,10,10,8356.26,835.626
KANNANOOR,31,31,8351.17,269.3925806451613
AKSHAY MITTAL MUMBAI,1,1,8350.0,8350.0
MALWANI DEPOT MUMBAI,9,9,8333.92,925.9911111111111
INFINITY BENCHMARK KOLKATA,4,4,8323.96,2080.99
SANTACRUZ W MUMBAI,10,10,8320.41,832.0409999999999
JALENDHAR,3,3,8320.0,2773.3333333333335
KODARMA,6,6,8319.8,1386.6333333333332
MERCEDES SHOWROOM MUMBAI,3,3,8319.0,2773.0
BANGALORE EAST,8,8,8315.67,1039.45875
DIST NASIK,6,6,8304.0,1384.0
D D U NGR RAIPUR,3,3,8302.0,2767.3333333333335
KATTUNGA,5,5,8300.0,1660.0
AHMADI,1,1,8300.0,8300.0
KESTOPUR MORE KOLKATA,1,1,8300.0,8300.0
24 PARGANAS KOLKATA,3,3,8298.5,2766.1666666666665
SECTOR-3 KHARGHAR RAIGARH,1,1,8296.32,8296.32
DENKANIKOTTA,5,5,8294.0,1658.8
NEAR WATER TANK GHAZIABAD,5,5,8282.0,1656.4
PANTIM,2,2,8272.0,4136.0
(URBAN) KRISHNA,20,20,8271.69,413.58450000000005
GAJANAN MAHARAJ MANDIR PUNE,2,2,8267.66,4133.83
APPA JUNCTION HYDERABAD,11,11,8267.39,751.580909090909
KAJORA,6,6,8267.0,1377.8333333333333
ORAI,7,7,8262.28,1180.3257142857144
CHAKALA MUMBAI,5,5,8258.0,1651.6
JAUNPUR DISTRICT,23,23,8254.0,358.8695652173913
OF MYSORE PUNE,17,17,8253.6,485.50588235294117
BAVDHAN KHURD PUNE,11,11,8248.869999999999,749.8972727272726
STATION TARAPUR SILCHAR,3,3,8245.0,2748.3333333333335
PALI HILL BANDRA W MUMBAI,12,12,8245.0,687.0833333333334
ASHOK NAGAR,14,14,8242.92,588.78
PARLE (E) MUMBAI CITY MUMBAI,7,7,8242.0,1177.4285714285713
MAROL ANDHERI( E)MUMBAI,3,3,8238.81,2746.27
HEALTH CLUB OFFCE F C RD PUNE,4,4,8238.45,2059.6125
THIRUVANAMALAI DT,12,12,8238.0,686.5
SOUTH ANDAMAN,3,3,8230.55,2743.5166666666664
DAVANAGERE,8,8,8229.1,1028.6375
GRAMPANCHAYAT PUNE,5,5,8226.9,1645.3799999999999
FARM GREATER NOIDA,10,10,8225.52,822.552
TIRUVANNAMALAI (DT),8,8,8222.0,1027.75
BHAYANDAR ROAD THANE,7,7,8211.8,1173.1142857142856
ZIRKPUR,10,10,8210.0,821.0
BHAYANDER E MUMBAI,8,8,8210.0,1026.25
JP NGR 3RD PHASE BANGALORE,25,25,8209.94,328.3976
BETIM,22,22,8209.0,373.1363636363636
UNIVERSAL PIPESS RIGH HAND MUMBAI,4,4,8204.0,2051.0
KACHCHH,19,19,8202.23,431.69631578947366
MUMBAI-THANE,9,9,8202.18,911.3533333333334
CSIR RD TARAMANI CHENNAI,13,13,8200.93,630.8407692307693
SPRING HILL,1,1,8200.0,8200.0
NADIAD KHEDA,12,12,8197.0,683.0833333333334
KOPARKHIRANE,3,3,8193.5,2731.1666666666665
KRISHNANAGAR EAST DELHI DELHI,11,11,8185.38,744.1254545454545
BESIDE AKSHAR CMPL SURAT,17,17,8184.36,481.4329411764706
NOAPARA 24 PGS N,8,8,8174.0,1021.75
VAPI PARDI VALSAD,4,4,8168.0,2042.0
BALANAGAR TOWNSHIP,13,13,8167.0,628.2307692307693
AAREYMILK COLONY MUMBAI,15,15,8162.88,544.192
SAHIB MUKTSAR,2,2,8157.0,4078.5
BHOJPUR ANNAH,15,15,8153.139999999999,543.5426666666666
S/W UNITS LAYOUT MDHAPUR HYDERABAD,6,6,8152.67,1358.7783333333334
ORIKKAI,2,2,8150.0,4075.0
MOOSAPET MOOSAPET HYDERABAD,32,32,8150.0,254.6875
ANDHERI E  MUMBAI,11,11,8147.0,740.6363636363636
SO THANE,13,13,8135.88,625.8369230769231
POGURUPALLI,5,5,8128.0,1625.6
COSMOPOLITAN CLUB BANGALORE,3,3,8119.0,2706.3333333333335
CROSS ROAD AHMEDABAD,4,4,8117.0,2029.25
NAMDEV WADI JOGILA MARKET THANE,7,7,8113.32,1159.0457142857142
DIST ANAND SANDESHAR,1,1,8113.11,8113.11
PURNIA,19,19,8107.22,426.6957894736842
PULIYOOR,1,1,8100.0,8100.0
TEMPLE MANGALORE,2,2,8099.0,4049.5
VAN BUDDHA VIHAR MUM,4,4,8097.17,2024.2925
TAPI,71,72,8094.0,112.41666666666667
SHYAMDHAM TEMPLE SURAT,1,1,8085.0,8085.0
GROUNDS PUNE,7,7,8075.0,1153.5714285714287
CHANDITALA,2,2,8074.3,4037.15
CHIRAG MOTORS SION MUMBAI,6,6,8066.0,1344.3333333333333
BHANDUP WEST,6,6,8063.0,1343.8333333333333
BORIVALI (WEST) MUMBAI,3,3,8055.0,2685.0
MUNGRA BADSHAHPUR,1,1,8050.0,8050.0
KATOLROAD KATOLROAD NAGPUR,13,13,8050.0,619.2307692307693
THODAPUZHA,8,8,8048.6,1006.075
KUMBAKONAM TK,8,8,8043.0,1005.375
AL JUBAIL,4,4,8040.71,2010.1775
COLLEGE VILE PARLE E MUMBAI,2,2,8039.0,4019.5
THOOTHUKUPI,13,13,8026.0,617.3846153846154
OPP PALAM CORPORATE PARK GURGAON,4,4,8025.0,2006.25
KALKAJI NEW DELHI,21,21,8018.13,381.8157142857143
BEHIND EXCOM HOUSE MUMBAI,4,4,8014.0,2003.5
ROAD WHITEFIELD BANGALORE,10,10,8011.51,801.1510000000001
KALA HANUMAN TEMPLE MUMBAI,2,2,8005.25,4002.625
LAKHISARAY,4,4,8001.9,2000.475
MAREPALLI,2,2,8000.0,4000.0
TARKAS CLINIC MUMBAI,1,1,8000.0,8000.0
JANDIALA,1,1,8000.0,8000.0
DAHANU ROAD W,1,1,7999.0,7999.0
"WHITEFIELD,BANGALORE",7,7,7996.12,1142.3028571428572
NANGAL TOWNSHIP,24,24,7990.9,332.95416666666665
ZOPADPATTI TEHSIL KURLA MUMBAI,1,1,7990.0,7990.0
NAGAPUR SHAHAR NAGPUR,5,5,7990.0,1598.0
PARLOUR PUNE,10,10,7989.72,798.972
PATHANJALI STORE BANGALORE,5,5,7981.0,1596.2
PLASSANAL,18,18,7976.8099999999995,443.1561111111111
MAMAHAJI ALI WORLI MUMBAI,2,2,7972.0,3986.0
PUNKUNNU,17,17,7971.8,468.9294117647059
ROAD VASAI THANE,9,9,7970.02,885.5577777777778
BELTHANGADI,3,3,7964.0,2654.6666666666665
METRO ANDHERI (E) MUMBAI,3,3,7963.0,2654.3333333333335
KANDIWALI W MUMBAI,6,6,7956.0599999999995,1326.01
PHASE 01 HINJEWADI PUNE,3,3,7956.04,2652.0133333333333
MAZGAON MUMBAI CITY,7,7,7955.63,1136.5185714285715
MUMBAI ANDHERI,7,7,7947.0,1135.2857142857142
ROAD THANE W,5,5,7943.0,1588.6
DISTT AMRITSAR AMRITSAR,2,2,7941.0,3970.5
ROAD VALSAD,6,6,7936.59,1322.765
KUALA LAMPUR,2,2,7926.0,3963.0
"BARPETA ROAD, ASSAM",19,19,7923.0,417.0
VARACHHA SURAT,6,6,7921.18,1320.1966666666667
MIRA-BHAYANDAR THANE,9,9,7919.0,879.8888888888889
PETROL PUMP FARIDABAD,3,3,7916.68,2638.8933333333334
II FLOOR CHENNAI,6,6,7915.0,1319.1666666666667
THIRUMALA P O TRIVANDRUM,9,9,7911.62,879.0688888888889
(MOHALI) KHARAR,13,13,7909.52,608.4246153846154
TIRUR,6,6,7902.85,1317.1416666666667
TIRUVANNAMALAI (D),6,6,7901.0,1316.8333333333333
NANDASAN,2,2,7900.0,3950.0
ARVALLI,8,8,7898.49,987.31125
SOUTH BANASHANKARI 3 STG BANGALORE,5,5,7894.0,1578.8
COLONY RANGAREDDI HYDERABAD,10,10,7890.18,789.018
MANDAL UDAIPUR,8,8,7888.38,986.0475
RANGPO,3,3,7888.0,2629.3333333333335
VARANSI,14,14,7881.98,562.9985714285714
AHAMADNAGAR,11,11,7877.93,716.1754545454546
RD EMP ID P 12003 BANGALORE,12,12,7876.0,656.3333333333334
ASHOKA MARG NASHIK,8,8,7874.0,984.25
MODI NAGAR GHAZIABAD,2,2,7858.0,3929.0
CHAMPHAI,9,9,7856.0,872.8888888888889
KHARADI BYPASS HADAPSAR PUNE,13,13,7848.0,603.6923076923077
HOSPITAL RR DISTRICT,4,4,7844.0,1961.0
SHOWROOM CAMP PUNE PUNE,9,9,7836.5,870.7222222222222
BOMBEDEM,18,18,7828.03,434.8905555555555
JAISINGHPUR,7,7,7825.58,1117.94
GANAPARTHI,5,5,7824.0,1564.8
UDHAMSINGH NAGAR,11,11,7822.58,711.1436363636363
MANTRI PARK MUMBAI,5,5,7811.0,1562.2
SHOP HYDERABAD,10,10,7810.22,781.022
W E H MUMBAI,3,3,7809.12,2603.04
NR CHIPALE BUS STOP NEW PANVEL,3,3,7799.0,2599.6666666666665
RAMANAGARA P,18,18,7798.14,433.23
NEXT TO JEHANGIR HOSPITAL PUNE,8,8,7790.22,973.7775
KAMRUP (METRO) DIST,29,29,7765.82,267.7868965517241
RD JALLADIANPET CHENNAI,6,6,7747.0,1291.1666666666667
WANAWADI PUNE,7,7,7737.99,1105.4271428571428
MYLAVARAM,11,11,7733.0,703.0
SECUNDRABAD,6,6,7732.16,1288.6933333333334
CA RD NAGPUR,2,2,7730.0,3865.0
KATAVI TALEGAON G H PUNE,4,4,7729.85,1932.4625
GOKULPUR,2,2,7729.0,3864.5
WESTLANDS,3,3,7729.0,2576.3333333333335
PAMMAL,4,4,7728.92,1932.23
DIST RAIGAD PANVEL,4,4,7718.3,1929.575
POINTS HOTEL VADGAON SHERI PUNE,17,17,7716.0,453.88235294117646
MURBAD RD KALYAN WEST,4,4,7710.95,1927.7375
JAKKUR,6,6,7701.610000000001,1283.6016666666667
HOSUR TALUK KRISHNAGIRI DIST HOSUR,5,5,7695.0,1539.0
GBAD,2,2,7694.969999999999,3847.4849999999997
DHARAPURAM TALUK,4,4,7694.01,1923.5025
SHRAWASTI,8,8,7693.03,961.62875
CHAMARAJANAGAR (D),11,11,7690.0,699.0909090909091
GUTEKADI PUNE,13,13,7679.35,590.7192307692308
SCHOOL SURAT,27,27,7678.0,284.3703703703704
GOBI TK,3,3,7676.0,2558.6666666666665
KALYAN WEST-THANE,7,7,7675.0,1096.4285714285713
RAVER,1,1,7665.0,7665.0
SAMPANGI RAM NAGAR BANGALORE,5,5,7663.73,1532.7459999999999
VISHNUNAGAR KALYAN THANE THANE,13,13,7662.47,589.4207692307692
MAKHMALI TALAO THANE WEST,4,4,7661.61,1915.4025
GOVT SCHOOL BENGALURU,16,16,7660.52,478.7825
PROPERTY DEALER YAMUNANAGAR,3,3,7659.35,2553.116666666667
KALYAN W THANA,2,2,7656.17,3828.085
JOURA,10,10,7654.14,765.414
LOWERPAREL MUMBAI,8,8,7650.0,956.25
PUDUCHERY,10,10,7649.9,764.99
MULUND (W),3,3,7645.0,2548.3333333333335
KOTKASIM,16,16,7645.0,477.8125
GOLMURI JAMSHEDPUR,13,13,7637.2,587.4769230769231
KHETRI NAGAR,40,40,7637.0,190.925
SUNAM,6,6,7634.5,1272.4166666666667
LOHAGHAT,4,4,7634.0,1908.5
MAHE,4,4,7633.0,1908.25
MORLEM,8,8,7625.5,953.1875
VENKATA PURAM,10,10,7625.0,762.5
SAVEDI AHMEDNAGAR,15,15,7622.72,508.1813333333333
PHASE 3 GURGAON,12,12,7617.15,634.7624999999999
HOSPITAL GHAZIABAD,3,3,7613.9,2537.9666666666667
SAKI NAKA S O MUMBAI,38,38,7600.0,200.0
CITY MANEKBAG AHMEDABAD,3,3,7597.0,2532.3333333333335
FOR WOMEN HYDERABAD,15,15,7589.0,505.93333333333334
127 ANDHERI KURLA RD ANDHERI MUMBAI,7,7,7582.0,1083.142857142857
HAVERI,20,20,7581.57,379.07849999999996
RING ROAD VADODARA,8,8,7581.53,947.69125
TRANSPORT BHIWANDI,25,25,7580.72,303.22880000000004
NEYYATTINKARA THIRUVANANTHAPURAM,10,10,7579.0,757.9
BHANDUP WEST MUMBAI,8,8,7575.67,946.95875
CHUNABHATTI EAST MUMBAI,10,10,7573.43,757.3430000000001
NR CHURCH NAJAFGARG NEW DELHI,1,1,7570.0,7570.0
TAMPINES,3,3,7570.0,2523.3333333333335
THANE BADLAPUR E,9,9,7568.0,840.8888888888889
TIRUVANNAMALI (D),5,5,7566.0,1513.2
MARATHAHALLI OUTER RING ROAD,9,9,7564.0,840.4444444444445
BHAVAN KOLKATA,18,18,7562.0,420.1111111111111
SANTIAGO,1,1,7561.0,7561.0
SAMAJ NI WADI SURAT,9,9,7559.1,839.9000000000001
CENTRE BANKURA,25,25,7551.22,302.0488
ARUPPUKKOTAI,9,9,7550.36,838.9288888888889
GURUJI SCHOOL MUMBAI,5,5,7539.0,1507.8
ESTATE THANE MAHARASHTRA MUMBAI,15,15,7536.79,502.4526666666667
FIROZEPUR,18,18,7525.36,418.0755555555555
SEC 21 GURGAON,4,4,7517.0,1879.25
BELLANDUR BANGALORE,1,1,7513.0,7513.0
HOSPITAL ANDHERI-EAST MUMBAI,4,4,7500.0,1875.0
LIPPA,23,23,7497.5,325.9782608695652
MIDC MUMBAI,33,33,7493.0,227.06060606060606
NR KONDAIDEVI MANDIR MUMBAI,8,8,7485.0,935.625
TRIPURA WEST,4,4,7482.02,1870.505
NUAPADA,4,4,7482.0,1870.5
LINK ROAD ANDHERI (WEST) MUMBAI,5,5,7481.0,1496.2
MUMBAI CENTRAL MUMBAI,10,10,7479.88,747.988
KALAHANDI,17,17,7476.7,439.8058823529412
HAROHALLI,10,10,7475.18,747.518
PARK APTS HYDERABAD,1,1,7475.0,7475.0
VIHAR METRO STATION NEW DELHI,13,13,7474.0,574.9230769230769
KAMRUP RAJKAMAL GUWAHATI,2,2,7473.04,3736.52
PAVIL THEKKCTHIL CHENGANNUR,6,6,7472.0,1245.3333333333333
STORE ROHA RAIGAD,1,1,7461.03,7461.03
IRVINE,1,1,7457.09,7457.09
VAZHUTHACAUD THYCAUD TRIVANDRUM,2,2,7454.0,3727.0
JALANDHER,4,4,7453.6,1863.4
DOMBIVLI W,10,10,7451.0,745.1
AHMEDABAD AHMEDABAD,8,8,7446.0,930.75
MITHAKHALI ELLISBRIDGE AHMEDABAD,27,27,7445.0,275.74074074074076
ZULFA DAIRY MUMBAI,4,4,7444.0,1861.0
DWARKA ND75,11,11,7439.0,676.2727272727273
BOYS HIGH SCHOOL THIRUVANANTHAPURAM,4,4,7433.26,1858.315
THIRUVALLUR TK AND DT,13,13,7433.0,571.7692307692307
UMARIYA,19,19,7431.0,391.10526315789474
KINWAT NANDED,6,6,7424.0,1237.3333333333333
LANE GHATKOPAR E MUMBAI,8,8,7419.0,927.375
CHAURACHANDPUR,9,9,7418.0,824.2222222222222
PIMPRI CHINCHWAD,9,9,7416.27,824.0300000000001
KOVIL CHENNAI,6,6,7405.0,1234.1666666666667
RAJPUR,9,9,7401.0,822.3333333333334
KHANNA DIST-LUDHIANA,6,6,7395.0,1232.5
KHOPOLI,14,14,7393.0,528.0714285714286
VAZHOOR,6,6,7383.26,1230.5433333333333
GUMLA,10,10,7382.23,738.223
AIRPORT DEVANAHALLI BANGALORE,20,20,7373.72,368.68600000000004
NALLASOPARA (WEST) THANE,5,5,7366.88,1473.376
KURMANNAPAL VISKHAPATNAM,7,7,7365.03,1052.1471428571429
SAMRIDDHI PROJECT BHAYANDER E THANE,3,3,7361.15,2453.7166666666667
CHITPUR,2,2,7358.0,3679.0
NARKATIAGANJ,7,7,7350.07,1050.01
SIDDHARTHNAGAR,43,43,7338.25,170.65697674418604
PANVEL RAIGAD,9,9,7330.719999999999,814.5244444444444
BOWENPALLY MARKET YARD HYDERABAD,1,1,7329.0,7329.0
HARIVILLU APPTS KV RANGAREDDY,11,11,7326.03,666.0027272727273
PALIKA BAZAR NASHIK,5,5,7309.05,1461.81
GURGAON DISTT GURGAON GURGAON,4,4,7306.0,1826.5
OLD JAIL ROAD WARD 14 VISAKHAPATNAM,5,5,7304.02,1460.804
BIOSAR,2,2,7303.0,3651.5
BAITOONHALL SCHOOL NEW KOLKATA,4,4,7300.0,1825.0
OFFICE SRIKAKULAM,20,20,7297.52,364.87600000000003
CAVELOSSIM SALCETE,1,1,7297.0,7297.0
JAGRAON,13,13,7296.01,561.2315384615384
3RD BLOCK BANGALORE,13,13,7290.74,560.8261538461538
COLONY MULUND W MUMBAI,1,1,7290.0,7290.0
SHAH ALAM,1,1,7290.0,7290.0
CHATUA,36,36,7289.35,202.48194444444445
ABOVE ICICI BANK BANGALORE,7,7,7283.950000000001,1040.564285714286
SIRA,6,6,7282.0,1213.6666666666667
ROAD AHMEDABAD,10,10,7275.6,727.5600000000001
BUNDER MALAD WEST MUMBAI,3,3,7273.0,2424.3333333333335
JANAKPURI,1,1,7270.0,7270.0
E E HIGHWAY GHATKOPAR E MUMBAI,8,8,7270.0,908.75
RAMTIRTH NAGAR CENTRAL DELHI,2,2,7268.83,3634.415
JARLAHI,9,9,7267.0,807.4444444444445
NEAR JEHANGIR HOSPITAL  PUNE,8,8,7265.0,908.125
MIRA ROAD EAST MUMBAI,3,3,7260.55,2420.1833333333334
BORIVALI DISTT MUMBAI,5,5,7257.0,1451.4
KANDIVALI-W MUMBAI,1,1,7256.55,7256.55
COLLEGE HUBLI,8,8,7250.83,906.35375
OOTY,19,19,7244.8,381.30526315789473
GURUKRUPA HOTEL MUMBAI,5,5,7243.6,1448.72
HOSPITAL MIRA ROAD E,3,3,7233.79,2411.2633333333333
CITY PARVATI PUNE,5,5,7233.0,1446.6
DHIRAJ GAOURAV HEIGHT BLDG MUMBAI,6,6,7218.0,1203.0
BELGHORIA,4,4,7216.95,1804.2375
PANT NAGAR S O MUMBAI,2,2,7216.389999999999,3608.1949999999997
MAROL ANDHERI(E) MUMBAI,7,7,7215.15,1030.7357142857143
PASHAN,13,13,7213.37,554.8746153846154
STUD FARM PUNE,5,5,7209.2,1441.84
MUNDAGOD,11,11,7207.2,655.1999999999999
TQ KHED PUNE,4,4,7200.0,1800.0
ANANDAPUR BRANCH KOLKATA,5,5,7197.52,1439.5040000000001
CMR RD BANGALORE,4,4,7196.24,1799.06
DEOGARH,29,29,7194.03,248.07
BRUSSEL,3,3,7193.21,2397.7366666666667
MAHATMA TEMPLE BANGALORE,5,5,7192.1900000000005,1438.438
EAST MIRA ROAD THANE,12,12,7186.6,598.8833333333333
POLE I HYDERABAD,19,19,7186.5,378.2368421052632
BAZAR KOLKATA,4,4,7184.0,1796.0
SULTANATE OF OMAN,1,1,7179.01,7179.01
EAST MUMBAI THANE,3,3,7167.04,2389.0133333333333
NEAR VIJAY STORES MUMBAI,3,3,7166.0,2388.6666666666665
SHAMIRPET,10,10,7163.67,716.367
MEERUT CANTT,3,3,7161.9,2387.2999999999997
TEL EX NEXT TO GAYATRISADAN PUNE,5,5,7152.0,1430.4
KIDS NURSERY MUMBAI,12,12,7150.99,595.9158333333334
NAGAVARA BANGALORE,2,2,7150.0,3575.0
THANE KALYAN WEST,8,8,7147.4400000000005,893.4300000000001
GHATARO,7,7,7145.16,1020.7371428571429
KOPERKHAIRANE,3,3,7142.7,2380.9
HEADQUARTERS NAVI MUMBAI,2,2,7140.0,3570.0
SWAMI TEMPLE VIJAYAWADA,6,6,7140.0,1190.0
RAJENDRANAGAR MANDAL HYDERABAD,5,5,7136.0,1427.2
STORES MANGALORE,13,13,7135.4400000000005,548.88
THURUTHY,12,13,7132.88,548.6830769230769
JEJURI,10,10,7124.9400000000005,712.494
SARJAPUR MAIN ROAD BANGALORE,15,15,7124.4,474.96
NR MONGINIS CAKE FACTORY,4,4,7124.0,1781.0
NR INDAN OVESEAS BANK MANGALORE,12,12,7109.71,592.4758333333333
VIHAR HOTEL MUMBAI,9,9,7108.94,789.8822222222221
HAMIDIYA ROAD BHOPAL,8,8,7100.0,887.5
DHARBAR RESTAURANT SALEM,3,3,7096.61,2365.5366666666664
JUBAILI IND CITY,3,3,7096.0,2365.3333333333335
SRIDHARNAGAR,7,7,7092.05,1013.15
SHASTRI NGR ANDHERI W MUMBAI,4,4,7081.360000000001,1770.3400000000001
KALYANA MANDAPAM PALLIKARNA CHENNAI,10,10,7079.46,707.946
DIGHA THANE NAVI MUMBAI,25,25,7077.55,283.10200000000003
D P ROAD AUNDH PUNE,16,16,7073.400000000001,442.08750000000003
24 PGS N,28,28,7067.0,252.39285714285714
DHARAMPUR,2,2,7063.48,3531.74
BARSAR,16,16,7063.0,441.4375
NEW NASHIK,6,6,7061.0,1176.8333333333333
DEVAJI AND VIPPLAZA ZIRAKPUR,11,11,7060.0,641.8181818181819
DOMBIVALI  THANE,5,5,7059.59,1411.9180000000001
JUNNAR PUNE,4,4,7052.0,1763.0
VISHAKAPATANAM,11,11,7051.46,641.0418181818181
HOTEL RAJMAHAL MUMBAI,2,2,7050.0,3525.0
PENDURTHI,19,19,7049.8099999999995,371.04263157894735
HARAIRAMPUR,2,2,7048.0,3524.0
SIVAGANGAI TK,10,10,7047.15,704.7149999999999
HOSABETTU,13,13,7045.4400000000005,541.9569230769231
TINDIVANAM,8,8,7042.0,880.25
BRIDGE MUMBAI,2,2,7040.33,3520.165
PUNE CITY WANOWARIE PUNE,7,7,7039.0,1005.5714285714286
DISTT MUMBAI,4,4,7039.0,1759.75
KARTIKULAM,3,3,7037.0,2345.6666666666665
GUNTUR DISTRICT,8,8,7034.23,879.27875
MOROLNAKA METROSTATION MUMBAI,6,6,7029.89,1171.6483333333333
SIRSI,13,13,7026.45,540.4961538461538
HALL WHITEFIELD BANGALORE,8,8,7023.5,877.9375
TIRUCHIRAPPALI,8,8,7020.35,877.54375
AND POOR OFFICE PUNE,2,2,7016.0,3508.0
TRINELVELI DT,3,3,7003.0,2334.3333333333335
THANESAR,14,14,7001.21,500.0864285714286
RD POKASARVADAVALI THANE W THANE,12,12,7000.9400000000005,583.4116666666667
PETROL PUMP KHARAGPUR,1,1,7000.0,7000.0
NR RAVJIBHAI TOWER AHMEDABAD,1,1,7000.0,7000.0
NEENDOOR,1,1,6999.0,6999.0
CHEMBUR NR GHATLA VILLAGE MUMBAI,7,7,6998.52,999.7885714285715
CHAKRAVARTHY RD KANDIVALI E MUMBAI,1,1,6995.0,6995.0
CUTTACK CUTTACK,1,1,6993.6,6993.6
MEHSANA I E,16,16,6975.24,435.9525
IMPHAEL WEST,4,4,6972.0,1743.0
KATTUR,5,5,6967.47,1393.4940000000001
RAMAN NAGAR BANGALORE,11,11,6966.62,633.329090909091
KUMARAMANGALAM,3,3,6957.95,2319.3166666666666
BEHIND DLF IT PARK CHENNAI,3,3,6957.0,2319.0
DHANBAN,13,13,6952.0,534.7692307692307
ANANTHAPUR,8,8,6950.0,868.75
MIRAROAD EAST THANE,15,15,6949.55,463.30333333333334
ACCRA,2,2,6944.0,3472.0
RAGHURAJANAGAR,10,10,6937.0,693.7
KATRA DISTT REASI,2,2,6931.0,3465.5
SERVEN BHAWAN DELHI,4,4,6918.0,1729.5
SUSARI,18,18,6913.0599999999995,384.0588888888889
CHAPARA,4,4,6909.55,1727.3875
VENKATESWARAPURAM KRISHNA,16,16,6907.57,431.723125
COUNTY HYDERABAD,3,3,6907.0,2302.3333333333335
NALLASOPARA E PALGHAR,14,14,6904.96,493.2114285714286
DISTT-GURGAON GURGAON,4,4,6899.0,1724.75
RSC 9 SERVE NO 41 MUMBAI,6,6,6898.67,1149.7783333333334
COMPOUND LOWER PAREL WEST MUMBAI,3,3,6887.0,2295.6666666666665
DEULGAON,3,3,6883.24,2294.4133333333334
MATUNGA E MUMBAI,2,2,6883.0,3441.5
BANGALORE RURAL DIST,2,2,6882.14,3441.07
SOUTH BIDAR,9,9,6877.85,764.2055555555556
DOMVIBALI E MUMBAI,4,4,6873.7,1718.425
DHABADE PUNE,11,11,6869.9400000000005,624.5400000000001
IGST OPP MERCEDES BENZ SCHOOL PUNE,3,3,6869.42,2289.806666666667
BICHHIWARA,8,8,6861.75,857.71875
KALAMBOLI NR MTNL OFF NAVIMUMBAI,1,1,6857.0,6857.0
THANE W JEKE GRAM,4,4,6855.8,1713.95
DISTT MUMBAI SUBURBAN DIST MUMBAI,7,7,6847.96,978.28
DERGAON,16,16,6842.0,427.625
CHITTOOR DIST,4,4,6841.57,1710.3925
SAGANER JAIPUR,2,2,6838.0,3419.0
NEW PANVEL WEST,5,6,6837.5,1139.5833333333333
DELHI (VIKASHPURI),2,2,6834.0,3417.0
ASSAM,1,1,6831.15,6831.15
(SUB URBAN) MUMBAI,20,20,6830.27,341.5135
MAIN RD P N PALAYAM COIMBATORE,8,8,6830.0,853.75
ODDANCHATRAM,17,17,6826.0,401.52941176470586
ACRCE CLUB CHEMBUR MUMBAI,5,5,6825.2,1365.04
EAST MUMBAI(SUBURBAN),4,4,6823.38,1705.845
ESTATE DAHISAR E MUMBAI,25,25,6820.05,272.802
KURGAON,9,9,6817.41,757.49
GHATKOPAR,4,4,6811.5,1702.875
INDIRANAGAR CHENNAI,21,21,6808.5,324.2142857142857
AUNDH CAMP PUNE,16,16,6807.52,425.47
OLD ALWAL SECUNDERABAD,4,4,6805.68,1701.42
MARIS SCHOOL WADGAONSHERI PUNE,4,4,6805.55,1701.3875
DARANG,5,5,6804.0,1360.8
SHINE PUBLIC SCHOOL FARIDABAD,17,17,6798.96,399.93882352941176
MUNICIPAL MARKET C G RD AHMEDABAD,2,2,6798.0,3399.0
RESTURENT SOUTH 24 PARGANAS,2,2,6792.0,3396.0
SANDHAUSEN,5,5,6788.0,1357.6
THANE (WEST) THANE,15,16,6786.9,424.18125
DOMLUR BANGALORE,15,15,6780.29,452.01933333333335
MOTI BEGAMWADI RING RD SURAT SURAT,2,2,6777.0,3388.5
PUR NORTH WEST DELHI,10,10,6775.0,677.5
DHONE,3,3,6772.71,2257.57
RD NR DURGA CHOWK NEW DELHI,10,10,6744.0,674.4
TOTAL SUPER  STORE BANGALORE,15,15,6742.0,449.46666666666664
MAHABALESHWAR HOTEL BANER PUNE,1,1,6740.0,6740.0
KODAD,11,11,6734.0,612.1818181818181
SHEIKHPURA,22,22,6732.5,306.02272727272725
BASIRHAT,18,18,6730.01,373.88944444444445
BRUNDABAN TAKIES CUTTACK,4,4,6724.0,1681.0
AGRA TUNDLA,5,5,6721.5,1344.3
BHADOHI,8,8,6720.84,840.105
S 24 PGS,6,6,6717.96,1119.66
VIDYABHAVAN MUMBAI,3,3,6717.0,2239.0
DOMBIVLI EAST THANE,27,27,6711.57,248.57666666666665
KANDANGALI,6,6,6710.0,1118.3333333333333
NR MACH FACTORY GOMATI,1,1,6707.0,6707.0
SHYAM NAGAR JAIPUR,3,3,6707.0,2235.6666666666665
ST FRANCIS SCHOOL BANGALORE,3,3,6706.86,2235.62
RAMESWARAM,3,3,6701.0,2233.6666666666665
WADALA EA MUMBAI,8,8,6690.139999999999,836.2674999999999
DABOLIM VASCO,3,3,6681.84,2227.28
SION EAST-MUMBAI,1,1,6680.0,6680.0
AMIDHARA WADI SURAT,6,6,6679.7,1113.2833333333333
HANAMKONDA,12,12,6677.89,556.4908333333334
YAVATMAL- DISTRICT,30,30,6675.4400000000005,222.51466666666667
VIZIANAGARAM DIST,6,6,6672.3,1112.05
DOMBIVILI EAST THANE,4,4,6669.0,1667.25
ROAD ANDHERI E MUMBAI,4,4,6664.45,1666.1125
SIOLIM,15,15,6663.27,444.218
KADANADU,2,2,6663.17,3331.585
VIDYANIKETAN HYDERABAD,8,8,6653.93,831.74125
BOLPUR NR RABICHAYA LODGE BOLPUR,2,2,6651.5,3325.75
JOSHI MARG LOWER PAREL W MUMBAI,2,2,6651.0,3325.5
MARG PRABHADEVI MUMBAI,9,9,6650.0,738.8888888888889
TARAN TARAN,18,18,6650.0,369.44444444444446
DIST-BOKARO,7,7,6644.3,949.1857142857143
BALARPUR MAINPURI,13,13,6641.47,510.88230769230773
AKHINI,1,1,6630.0,6630.0
TARAN,13,13,6627.0,509.7692307692308
CLUB ASANSOL,8,8,6621.25,827.65625
INDICOM BUILDING KOLKATA,5,5,6618.0,1323.6
LATEHAR,5,5,6618.0,1323.6
SHOWROOM MANGALORE,5,5,6611.0,1322.2
DHANORI PUNE,4,4,6610.36,1652.59
COURT GURGAON,2,2,6610.0,3305.0
STATION DONGRI CHINCHBUNDER MUMBAI,11,11,6607.63,600.6936363636364
ROAD BEHIND N E S SCHOOL MUMBAI,5,5,6607.34,1321.468
SANVORDEM SOUTH,8,8,6604.85,825.60625
UTTAR DHINAJPUR,1,1,6600.0,6600.0
RESTAURANT VIZAG,3,3,6597.0,2199.0
PARK CHENNAI,3,3,6597.0,2199.0
OFF S V RD MUMBAI,3,3,6595.0,2198.3333333333335
CAMP,7,7,6594.92,942.1314285714286
NANDALUR,26,26,6594.5,253.6346153846154
TOWERS AHMEDABAD,4,4,6579.4,1644.85
DISTRICT MEDAK,5,5,6577.0,1315.4
IMT MANESAR,6,6,6575.0,1095.8333333333333
TALAO THANE,8,8,6575.0,821.875
MAHADEV MANDIR  SURAT,1,1,6570.0,6570.0
RANGAREDDI HYDERABAD,13,13,6569.5,505.34615384615387
DHAYRI ROAD PUNE,2,2,6565.0,3282.5
BEDFORD,6,6,6563.09,1093.8483333333334
SHAHDARA DELHI,7,7,6560.0,937.1428571428571
PERUVANTHANAM,4,4,6555.4,1638.85
NERUL NAVIMUMBAI,9,9,6554.87,728.3188888888889
NALASOPARA (E),1,1,6553.85,6553.85
ABOVE SUZUKI BANGALORE,12,12,6552.0,546.0
PASHUPATI MKT SURAT,7,7,6546.0,935.1428571428571
THANE-WEST,7,7,6542.6900000000005,934.6700000000001
USGAO,8,8,6531.5,816.4375
JIMBARAN,5,5,6523.0,1304.6
RAILWAY STATION MUMBAI,10,10,6505.0,650.5
LAKE MAHAL WARD NO 53 NAGPUR NAGPUR,4,4,6502.99,1625.7475
TIRUPATHI CHITTOOR,2,2,6501.0,3250.5
BEKARY BANGALORE,1,1,6500.0,6500.0
NGR MASJEED HYDERABAD,1,1,6500.0,6500.0
JABALPUR ADHARTAL JABALPUR JABALPUR,2,2,6500.0,3250.0
HIJNEWADI PUNE,4,4,6499.45,1624.8625
BREACH CANDY MUMBAI,6,6,6498.0,1083.0
SHOW ROOM SURAT,1,1,6497.87,6497.87
LOWER PAREL-W MUMBAI,4,4,6496.66,1624.165
GARDEN HYDERABAD,4,4,6495.0,1623.75
DIST EAST SINGHBHUM GOVINDPUR DIST,5,5,6489.4,1297.8799999999999
COLLEGE VISAKHAPATNAM,5,5,6483.65,1296.73
AUNDH SANEWADI,1,1,6479.76,6479.76
ALIPURDUAR,3,3,6476.5,2158.8333333333335
RAJANAGARAM,3,3,6472.32,2157.44
LOWER PAREL WEST,5,5,6467.0,1293.4
ENCLAVE BHOPAL,4,4,6466.73,1616.6825
FALNA,1,1,6466.0,6466.0
(PITAMPURA) NEW DELHI,2,2,6465.0,3232.5
ASSOSIATION KOLKATA,3,3,6455.0,2151.6666666666665
HOFUF,2,2,6452.0,3226.0
SALKIA,2,2,6450.99,3225.495
ICICI BANK MUMBAI,1,1,6450.0,6450.0
DI SURAT,2,2,6447.0,3223.5
SAHIBZADA AJIT SINGH NAGAR,5,5,6447.0,1289.4
NASHIK NASHIK,5,5,6446.8,1289.3600000000001
OPP SBI HYDERABAD,4,4,6444.4,1611.1
CHEVAYOOR,4,4,6441.99,1610.4975
PERAMBALUR DT,27,27,6439.5,238.5
NEVILLEHOUSE  MUMBAI,4,4,6438.0,1609.5
GHODBUNDER RD THANE WEST THANE,3,3,6436.09,2145.3633333333332
SURAT KAMREJ ROAD SURAT,14,14,6432.93,459.495
DUBAI UAE,4,4,6432.0,1608.0
MOIRANG,5,5,6429.0,1285.8
LUDHIANA NR RAJGURU MARKET LUDHIANA,5,5,6427.98,1285.596
PIZZA PUNE,16,16,6425.0,401.5625
COMPLEX KALYAN W,8,8,6415.09,801.88625
RAJASTHAN COLLEGE JAIPUR,2,2,6415.0,3207.5
KUPWARA,1,1,6413.0,6413.0
COTTON GREEN WEST MUMBAI,13,13,6411.71,493.20846153846156
BAPAT ROAD PUNE,16,16,6403.75,400.234375
CASTLE HILL,5,5,6403.5,1280.7
KRISHNA VIJAYAWADA,4,4,6399.89,1599.9725
8TH PHASE JP NAGAR BANGALORE,1,1,6397.0,6397.0
MIRA ROAD EAST-THANE,2,2,6391.85,3195.925
STAND CHENNAI,2,2,6385.0,3192.5
TAMENGLONG,30,30,6376.0,212.53333333333333
RAJAWADI GHATKOPAR EAST MUMBAI,3,3,6375.0,2125.0
THEATRE AMEERPET HYDERABAD,4,4,6374.84,1593.71
HIMALAYA BOOKS HYDERABAD,4,4,6373.0,1593.25
BAZAR MANDVI MUMBAI,4,4,6364.29,1591.0725
AND CORPORATION BANK ATM BANGALORE,8,8,6358.0,794.75
NAVI MUMBAI PANVEL RAIGARH,9,9,6356.98,706.3311111111111
DASSANIS STUDIO KOLKATA,6,6,6354.0,1059.0
DREAMS THE MALL MUMBAI,3,3,6354.0,2118.0
BUILDING GUWAHATI,9,9,6351.67,705.7411111111111
TEMPLE BANGALORE RURAL,6,6,6350.0,1058.3333333333333
DADAR WEST BHAWANI SHANKAR MUMBAI,9,9,6347.0,705.2222222222222
LIFESTYLE HYDERABAD,6,6,6340.09,1056.6816666666666
MANDIR VADODARA,5,5,6337.0,1267.4
KATHUA,7,7,6333.0,904.7142857142857
VIJAYANAGAR INDORE,3,3,6320.29,2106.7633333333333
MAHALAKSHMI PURAM BANGALORE,4,4,6311.57,1577.8925
HUTHUKUR ROAD NELLORE,1,1,6306.0,6306.0
PATIALA CANTT,2,2,6301.0,3150.5
GOTRI BARODA,2,2,6292.8,3146.4
KADAMPANAD NORTH,12,12,6291.889999999999,524.3241666666667
COMPANY MORADABAD,13,13,6289.0,483.7692307692308
KALYANPUR DIST HARIDWAR ROORKEE,10,10,6281.17,628.117
BUS DEPOT BORIVALI EAST MUMBAI,18,18,6277.78,348.7655555555555
DIST NORTH GOA,17,17,6277.3,369.2529411764706
CITY TREAT HOTEL MUMBAI,5,5,6274.28,1254.856
BUBANESWAR,14,14,6263.0,447.35714285714283
MIYAPUR,9,9,6262.25,695.8055555555555
ST THOMAS POST BANGALORE,15,15,6260.05,417.3366666666667
DISTT FARIDKOT,9,9,6258.219999999999,695.3577777777778
DOMBIVLI EAST DOMBIVLI,1,1,6254.6,6254.6
IDAR,6,6,6254.22,1042.3700000000001
OM TOWN SHIP SARTHANA SURAT,22,22,6250.22,284.1009090909091
T MHALAUGE TEHSIL AMBEGAV PUNE,12,12,6250.0,520.8333333333334
ASSAGAON,1,1,6245.0,6245.0
OTTAPIDARAM TALUK,8,8,6243.08,780.385
PARADEEP,3,3,6235.0,2078.3333333333335
DOMBIVALI (EAST) THANE,18,18,6235.0,346.3888888888889
TEHSIL ANDHERI MUMBAI,8,8,6233.46,779.1825
NO 2 GOREGAON (E) MUMBAI,6,6,6221.5,1036.9166666666667
MANGAORE,4,4,6217.969999999999,1554.4924999999998
KRISHNA DIST,11,11,6204.45,564.040909090909
GLEN HUNTLY,4,4,6201.92,1550.48
VILLAGE TUNGWA ANDHERI EAST,2,2,6200.28,3100.14
SANGAM CHENNAI,3,3,6197.77,2065.9233333333336
VISHRANTWADI PUNE,5,5,6191.3099999999995,1238.262
PRESTAGE VARACHHA ROAD SURAT,13,13,6191.0,476.2307692307692
KARNAVATZ MOBILE MALL AHMEDABAD,2,2,6184.0,3092.0
MIRA RD E,6,6,6184.0,1030.6666666666667
RALEIGH,3,3,6183.35,2061.116666666667
ELPHINSTONE WEST MUMBAI,7,7,6181.95,883.1357142857142
CORPORATION GUWAHATI,5,5,6179.0,1235.8
MALKAJGIRI RANGAREDDY HYDERABAD,3,3,6170.55,2056.85
SECENDRABAD,1,1,6168.0,6168.0
OPP GULSHAN CLOTH STORE MUMBAI,2,2,6166.0,3083.0
WADALA EAST MUMBAI,2,2,6165.719999999999,3082.8599999999997
TAMIL SANGHAM BANGALORE,4,4,6158.0,1539.5
MASJID HYDERABAD,3,3,6156.99,2052.33
EXCHANGE POST OFFICE MUMBAI FORT,3,3,6150.0,2050.0
MANDIR ASANSOL,1,1,6147.0,6147.0
ABUROAD,17,17,6146.5,361.55882352941177
KALAWAD ROAD RAJKOT,5,5,6145.0,1229.0
FOOT RED LIGHT NEW DELHI,18,18,6144.88,341.38222222222225
CENTER INDIRANAGAR BANGALORE,2,2,6137.25,3068.625
GOREGAON (EAST) MUMBAI,23,23,6129.6,266.504347826087
NEAR DLF CHENNAI,7,7,6119.0,874.1428571428571
MOGAPAIR EAST CHENNAI,6,6,6115.65,1019.275
KARMANGHAT K V RANGAREDDY HYDERABAD,6,6,6107.5,1017.9166666666666
RAMAGUNDAM,19,19,6105.4,321.33684210526314
CHANGANASERRY,4,4,6097.0,1524.25
MULUND STATION MULUND MUMBAI,5,5,6096.0,1219.2
SHAHALAM,2,2,6096.0,3048.0
RANNY,5,5,6094.45,1218.8899999999999
TAWANG,5,5,6094.0,1218.8
CENTRE HADAPSAR PUNE,12,12,6091.8099999999995,507.6508333333333
RAJ-RAJESHWARI KARYALAY NASHIK,3,3,6091.0,2030.3333333333333
MOHADI,11,11,6090.0,553.6363636363636
DOORVANINAGAR BANGALORE NORTH,2,2,6089.0,3044.5
ZUARINAGAR,6,6,6088.860000000001,1014.8100000000001
WADAPAV KHAR W MUMBAI,5,5,6087.2,1217.44
NAGAR CHINCHWAD GAON HAVELI PUNE,9,9,6085.0,676.1111111111111
THRIKKAKARA KAKKANAD ERN,13,13,6082.22,467.86307692307696
ASHOK VIHAR PHASE 3 GURGAON,7,7,6079.0,868.4285714285714
CENTRE LOWER PAREL MUMBAI,2,2,6074.1,3037.05
BHADRWAH,2,2,6072.98,3036.49
117 GREATER MOHALI MOHALI,1,1,6071.25,6071.25
OTTERFING,3,3,6069.0,2023.0
COLONY S O WORLI MUMBAI,2,2,6065.0,3032.5
ETTAYAPURAM,4,4,6057.4,1514.35
REENA COMPLEX MUMBAI,4,4,6057.0,1514.25
HINDAUN,15,15,6056.66,403.77733333333333
NAGAR MUMBAI MUMBAI,3,3,6047.58,2015.86
NASIRABAD 63 GURGAON,4,4,6045.01,1511.2525
MUTT ROAD BENGALURU,3,3,6042.0,2014.0
EXTN GURGAON,2,2,6041.75,3020.875
BILHA BILASPUR,2,2,6035.0,3017.5
LANE ITARSI,1,1,6035.0,6035.0
BEGOWAL,2,2,6021.0,3010.5
SIDDAPUR,25,25,6013.5,240.54
BENGALUR,5,5,6013.4,1202.6799999999998
VIDYAVIHAR W MUMBAI,3,3,6013.0,2004.3333333333333
DAMMAM,11,11,6011.0,546.4545454545455
SOMAJI GUDA HYDERABAD,10,10,6008.2,600.8199999999999
KALYAN WEST KALYAN,2,2,6000.0,3000.0
NEELAM RESTURANT MUMBAI,2,2,6000.0,3000.0
NA HYDARABAD,1,1,6000.0,6000.0
UDALGURI,2,2,6000.0,3000.0
SAROORNAGAR RANGAREDDI HYDERABAD,1,1,6000.0,6000.0
VELLAVOOR,1,1,6000.0,6000.0
THANE W KOLSHET ROAD,1,1,6000.0,6000.0
MEESEVA CENCER HYDERBAD,1,1,6000.0,6000.0
NILGONDA,8,8,5997.77,749.72125
SASNAGAR,6,6,5996.0,999.3333333333334
JEHANGIR HSPTL PUNE,5,5,5993.6,1198.72
VALAYANKULAM,6,6,5993.53,998.9216666666666
EPIP AREA WHITEFIELD BANGALORE,6,6,5985.2,997.5333333333333
DAKSHIN BURDWAN,13,13,5980.0,460.0
SIDDHARTH NGR GOREGAON WEST MUMBAI,12,12,5977.79,498.14916666666664
DAYTON,5,5,5968.0,1193.6
ANJAR GANDHIDHAM,19,19,5965.63,313.98052631578946
(EAST) THANE,22,22,5963.13,271.05136363636365
MARIGAON,11,11,5963.0,542.0909090909091
THIRUVALLORE,5,5,5963.0,1192.6
NR COLLEGE MORE KOLKATA,8,8,5962.0,745.25
RD ANDHERI(W) MUMBAI,9,9,5962.0,662.4444444444445
RAJASTHAN  BALOTRA,4,4,5960.0,1490.0
PHASE I DELHI,7,7,5957.87,851.1242857142857
BARASAT KOLKATA,4,4,5956.8,1489.2
21 A FARIDABAD,1,1,5955.0,5955.0
VISAKHAPATMAN,2,2,5950.0,2975.0
VIJAYANAGARAM,4,4,5949.0,1487.25
AMRITSAR-2 DIST-AMRITSAR AMRITSAR,4,4,5948.0,1487.0
NANGUNERI,6,6,5946.0,991.0
KOTKAPURA,2,2,5945.25,2972.625
(154) BHASKOLA FARIDABAD,11,11,5940.35,540.0318181818183
NEAR WESTAND MALL NEW DELHI,3,3,5928.0,1976.0
SHIVPURI BORING RD PATNA,3,3,5920.0,1973.3333333333333
TEMPLE PUNE,13,13,5915.2,455.0153846153846
TANGUTUR,10,10,5913.64,591.364
KOTTAYAM (DISTIC),5,5,5912.3099999999995,1182.462
WALANDI,7,7,5909.37,844.1957142857143
SCHOOL ULHASNAGAR,13,13,5909.0,454.53846153846155
NALLASOPARE E THANE MUMBAI,1,1,5904.0,5904.0
BESIDE AXIS BANK MARINE LINESMUMBAI,1,1,5900.0,5900.0
7390015 BANGALORE,3,3,5897.76,1965.92
KANAYANKAVAYAL,12,12,5896.0,491.3333333333333
CHENGALPATTU,10,10,5895.5,589.55
MUNICH,1,1,5894.0,5894.0
CITY CHINCHWAD EAST PUNE,3,3,5893.0,1964.3333333333333
NAVSAHYADRI PUNE,5,5,5892.0,1178.4
KOPARKHAIRANE,7,7,5891.55,841.65
PERNEM,4,4,5891.0,1472.75
ECOLE MONDI MUMBAI,3,3,5882.0,1960.6666666666667
PHALTAN,4,4,5881.0,1470.25
LASHKAR CITY,2,2,5879.0,2939.5
NAGARI THANE,9,9,5877.53,653.0588888888889
GUHLA,18,18,5877.04,326.5022222222222
KAMOTE,4,4,5870.0,1467.5
ELECTRONIC CITY PO BANGALORE,6,6,5866.0,977.6666666666666
LOKHANDWALA COMPLEX MUMBAI,3,3,5865.0,1955.0
NEW ST BUS STAND JALGAON,11,11,5864.29,533.1172727272727
SUKET,5,5,5861.46,1172.292
INDIA BANGALORE,23,23,5857.7,254.68260869565216
NORTH EAST DELHI NEW DELHI,3,3,5854.0,1951.3333333333333
NAGAR BHIWANDI,2,2,5851.77,2925.885
AMBEGAON BK PUNE,5,5,5848.21,1169.642
RESIDENCY HYDERABAD,4,4,5846.5,1461.625
MUMBAI SUBURBAN DIST MUMBAI,9,9,5844.92,649.4355555555555
RANGAREDDY DT,14,14,5833.1,416.65000000000003
VIMAN NAGAR PUNE,12,12,5832.9,486.075
PALGHAR VASAI,2,2,5831.5,2915.75
VEEYANNOOR,10,10,5830.8,583.08
VILE PARLE(E) MUMBAI,6,6,5830.65,971.775
MAJOR MANOJ TALWAR PARK KANPUR,4,4,5830.0,1457.5
KOPARKHAIRNE NAVI MUMBAI THANE,7,7,5827.27,832.4671428571429
DISTT-WEST MIDNAPORE P O KHARAGPUR,6,6,5826.3,971.0500000000001
SEONI,9,9,5819.54,646.6155555555556
CHICKBALLAPUR,11,11,5818.0,528.9090909090909
NOTTINGHAM,8,8,5818.0,727.25
TRIVANDRAUM,7,7,5809.0,829.8571428571429
ESTATE ANDHERI W MUMBAI,2,2,5806.54,2903.27
HOTEL BHIWANDI,6,6,5803.11,967.185
K V RENGA REDDY,17,17,5800.0,341.1764705882353
GADMALA,4,4,5789.0,1447.25
SAHIBJADA AJITSINGHNAGAR,33,33,5786.96,175.36242424242425
CHUNABHATTI SIGNAL SION E,9,9,5785.51,642.8344444444444
SIVAKASI,7,7,5785.2,826.4571428571428
JAHANGIRABAD BHOPAL,13,13,5783.42,444.8784615384615
NAMMAKAL,11,11,5782.0,525.6363636363636
MIRA ROAD EAST  MUMBAI,11,11,5778.97,525.3609090909091
VERNAKULAM,3,3,5777.0,1925.6666666666667
UDAM SINGH NAGAR,13,13,5772.42,444.0323076923077
SQUARE WO NO 22 NAGPUR,3,3,5770.0,1923.3333333333333
BENGGALOORU,4,4,5767.889999999999,1441.9724999999999
SHAHABAD MARKANDA,9,9,5766.15,640.6833333333333
CIRCLE SURAT,9,9,5766.0,640.6666666666666
DIST BHARUCH ANKLESHWAR,12,12,5763.12,480.26
MULBAGAL,10,10,5762.76,576.2760000000001
BUS STOP VASANT VIHAR THANE,9,9,5758.9,639.8777777777777
SAMARKHA,4,4,5755.15,1438.7875
KRISHNANAGAR,14,14,5755.0,411.07142857142856
BESANI ROAD VILE PARLE W MUMBAI,7,7,5755.0,822.1428571428571
BANSBERIA,6,6,5754.0,959.0
PADA DAHISAR WEST MUMBAI,6,6,5753.0,958.8333333333334
RAJASTHAN BARMER,3,3,5751.75,1917.25
SEWATA,1,1,5750.0,5750.0
NEAR GOLOK DHAM DELHI,6,6,5748.0,958.0
APPARTMENTS NEW DELHI,12,12,5747.0,478.9166666666667
KAPAHERA SOUTH WEST DELHI NEW DELHI,3,3,5743.0,1914.3333333333333
LAJPAT NAGAR DELHI,1,1,5739.0,5739.0
BAHADURGAR,3,3,5736.0,1912.0
BIMBISAR NAGAR GUREGAON (E) MUMBAI,4,4,5732.5,1433.125
NR BEDEKAR COLLEGE THANE (W),3,3,5731.0,1910.3333333333333
BALKONDA,5,5,5727.5,1145.5
ANJAR GANDHIDHAM KUTCH,5,5,5727.0,1145.4
STORES JANIGANJ SILCHAR,4,4,5724.78,1431.195
EVERARD NAGAR MUMBAI,2,2,5717.0,2858.5
KOTTARAKKARA,23,23,5716.76,248.55478260869566
TALIPARAMBA,19,19,5714.0,300.7368421052632
MALALGAON,15,15,5711.0,380.73333333333335
MUMBAI CITY (M H) MUMBAI,16,16,5708.78,356.79875
ANUPASHAHR,12,12,5707.0,475.5833333333333
RD GOREGAON EAST,5,5,5701.0,1140.2
SHAHIBAUG AHMEDABAD,1,1,5700.0,5700.0
VELVI,1,1,5694.0,5694.0
MALL PUNE,4,4,5692.0,1423.0
SAWANTWADI,9,9,5687.5599999999995,631.951111111111
NURSING MANGALORE,5,5,5687.0,1137.4
THALAVOOR,8,8,5687.0,710.875
PARVATI PUNE,6,6,5680.04,946.6733333333333
DISTT-MUMBAI SUBURBAN MUMBAI,4,4,5680.0,1420.0
SRIKAKULAM DIST,4,4,5674.0,1418.5
VASAI EAST THANE,6,6,5674.0,945.6666666666666
DATIYA,9,9,5669.0,629.8888888888889
WADGAON SHERI PUNE,16,16,5667.45,354.215625
GANJAN,3,3,5667.1900000000005,1889.0633333333335
DHURI DISTT SANGRUR,3,3,5661.0,1887.0
HOTEL BANER PUNE,11,11,5656.1,514.1909090909091
MANGALORE D K,1,1,5655.0,5655.0
SEC-127 NOIDA,3,3,5655.0,1885.0
GAURAV PLAZA MUMBAI,7,7,5654.49,807.7842857142857
PUNGANUR,6,6,5650.0,941.6666666666666
JORAPUKHURI,2,2,5645.0,2822.5
BANGALORE SESHADRIPURAM,10,10,5642.0,564.2
MARG LOWER PAREL MUMABI,3,3,5633.85,1877.95
BHANDEWADI NAGPUR,6,6,5628.639999999999,938.1066666666666
HIGHWAY GOREGAON E MUMBAI,6,6,5625.6,937.6
BADLAPUR THANE,5,5,5624.0,1124.8
KARVIR KOLHAPUR,2,2,5613.51,2806.755
MIRA BHAYANDER THANE,6,6,5612.0,935.3333333333334
VADGAON BUDRUK PUNE,5,5,5603.63,1120.726
LOWER DAREL WORLI MUMBAI,1,1,5601.88,5601.88
BANASHANKARI II STAGE BANGALORE,5,5,5600.07,1120.014
MUMBAI SUBURBAN,6,6,5599.0,933.1666666666666
RAJASTHAN NEEM KA THANA,29,29,5595.24,192.9393103448276
TEMPLE KOLLAM,4,4,5595.0,1398.75
STUDIO ANDHERI W MUMBAI,8,8,5594.6,699.325
VIRAR E,4,4,5591.3,1397.825
BLDG MUMBAI,14,14,5591.0,399.35714285714283
SARKARIRATION KI DUKAN MEERUT,3,3,5590.0,1863.3333333333333
MALWANI MUMBAI,11,11,5590.0,508.1818181818182
MAHALAKSHMIPURAM BANGALORE,11,11,5589.0,508.09090909090907
SALWA,3,3,5589.0,1863.0
BHAYANDER EAST,8,8,5587.04,698.38
THOUDAL,2,2,5582.38,2791.19
HALL TIRUPATI,5,5,5578.27,1115.654
BOISAR TAL PALGHAR,3,3,5576.93,1858.9766666666667
SHAHAJAHAYEPUR,1,1,5569.03,5569.03
ROMPICHERLA GUNTUR,6,6,5569.0,928.1666666666666
KANPUR DEHAT,30,30,5568.9,185.63
BAUPUR,2,2,5562.0,2781.0
GANGAWATI,5,5,5562.0,1112.4
DIST BELGAUM,3,3,5561.35,1853.7833333333335
INSTITUTE RMD PUNE,4,4,5561.25,1390.3125
GUGAON,2,2,5560.429999999999,2780.2149999999997
JEWELLARS THANE,25,25,5559.08,222.3632
NAGAR HIGHWAY AHMEDABAD,3,3,5559.0,1853.0
MANDIR MULUND WEST MUMBAI,4,4,5555.24,1388.81
PALE,3,3,5553.95,1851.3166666666666
PUSHPAK NIBM PUNE,4,4,5550.0,1387.5
CHAMKAUR SAHIB,2,2,5550.0,2775.0
DHANSOR,1,1,5542.0,5542.0
STATION NEW DELHI NEW DELHI,1,1,5540.0,5540.0
ZIRAKPUR ZIRAKPUR,8,8,5538.0,692.25
BHAVAN GRND NEW SIDDHARTH NGR,2,2,5525.0,2762.5
KARNAKULAM,4,4,5517.0,1379.25
KINNAUR,9,9,5509.51,612.1677777777778
TEH PAURI PAURI GARHWAL,14,14,5502.47,393.03357142857146
BANK- HINJEWADI-PUNE,1,1,5500.0,5500.0
PATRATU,5,5,5500.0,1100.0
WALUJ,2,2,5500.0,2750.0
NEAR YESBANK OPP ROAD BANGALORE,3,3,5500.0,1833.3333333333333
HOTEL SIVASAGAR,10,10,5499.0,549.9
COLONY VARANASI,3,3,5496.0,1832.0
SANTOKHGARH,5,5,5494.51,1098.902
SIGNAL SION (E) MUMBAIL,2,2,5494.25,2747.125
THENI DT,7,7,5493.0,784.7142857142857
PANCHMAHALS,17,18,5492.25,305.125
CHINCHWAD,5,5,5490.25,1098.05
CLERMONT FERRAND,5,5,5489.25,1097.85
NAGAR NEW DELHI,4,4,5488.0,1372.0
EAST MEDINIPUR,7,7,5487.0,783.8571428571429
DHARMAPURI DIST,8,8,5486.0,685.75
BANURH,7,7,5485.65,783.6642857142857
HIGHWAY GOREGOAN (EAST) MUMBAI,1,1,5485.0,5485.0
JHARGRAM,2,2,5484.0,2742.0
NAGUR,2,2,5480.05,2740.025
GANGAPUR,4,4,5475.13,1368.7825
CHUMUKEDIMA,22,22,5472.17,248.735
THANE BHAYANDER EAST THANE,3,3,5467.0,1822.3333333333333
MANKAPUR,21,21,5465.1,260.24285714285713
THANE (W) THANE,22,22,5464.04,248.36545454545455
JAISALMER,4,4,5463.0,1365.75
NR AMRITSARIAN DI FACTORY GORAYA,7,7,5452.42,778.9171428571428
PARATWADA,2,2,5450.0,2725.0
KATEMANIVALI THANE KALYAN,8,8,5449.0,681.125
TRIPLICANE CHENNAI,8,8,5447.0,680.875
LOKHANDWALA RESIDENCY WORLI MUMBAI,7,7,5443.0,777.5714285714286
CARRY SHOPPING MALL KOLKATA,4,4,5440.0,1360.0
TOWN HOSPITAL GUWAHATI,8,8,5437.0,679.625
POST NAROLI,25,25,5432.0,217.28
ARMUR,43,44,5431.8,123.45
GUDALUR,8,8,5431.139999999999,678.8924999999999
GURUKUL KUMAR SCHOOL KASA NGR SURAT,2,2,5429.47,2714.735
NABHA (PUNJAB),8,8,5428.0,678.5
MOHUDA,13,13,5426.9,417.45384615384614
PUMP BHANDUP W-MUMBA,3,3,5421.0,1807.0
2 GOREGAON (E) MUMBAI,3,3,5420.8,1806.9333333333334
NEAR BARDHAMAN,4,4,5420.0,1355.0
BHAYANDAR WEST THANE,4,4,5419.0,1354.75
KANIYAKUMARI DT,10,10,5418.0,541.8
NEYVELI TOWNSHIP,19,19,5417.0,285.10526315789474
MARG LOWER PAREL (W) MUMBAI,6,6,5402.0,900.3333333333334
RAIA SALCETE,3,3,5396.0,1798.6666666666667
NEW SHIMLA,9,9,5394.0,599.3333333333334
COMPANY NAVI MUMBAI,3,3,5392.0,1797.3333333333333
GAUHATI,3,3,5390.0,1796.6666666666667
OPP JAYVIR SOCIETY SURAT,6,6,5390.0,898.3333333333334
SALCETE,7,7,5390.0,770.0
MUSIRI,17,17,5386.139999999999,316.83176470588234
HARITAGE MART HYDERABAD,2,2,5383.0,2691.5
APPT BANGALORE,9,9,5378.76,597.64
CHEMBUR (E),2,2,5378.02,2689.01
DHOBIGHAT JACOB CIRCLE MUMBAI,8,8,5376.45,672.05625
KUNDLI,15,15,5374.96,358.3306666666667
P SANAMBATLA,3,3,5374.0,1791.3333333333333
CANNAUGHTPLACE DELHI,2,2,5372.45,2686.225
PALAMKONAM,26,26,5372.280000000001,206.62615384615387
BARDEZ BETIM,1,1,5370.6,5370.6
MOGAPPAIR,13,13,5370.0,413.0769230769231
FUN CINEMA NEW DELHI,16,16,5368.75,335.546875
MAPUSA BARDEI,9,9,5368.4,596.4888888888888
YANAMALAKUDURU VIJAYAWADA,8,8,5367.0,670.875
PENAMALURU VIJAYAWADA,2,2,5366.3,2683.15
BEGUMPURA DENA BANK SURAT,1,1,5365.0,5365.0
SRI MUKTSAR SAHIB,9,9,5364.2,596.0222222222222
SCHOOL GANNAVARAM,4,4,5360.0,1340.0
MUMBAI ANTOP HILL MUMBAI,2,2,5357.0,2678.5
MAHADEVAPURA,10,10,5354.09,535.409
BADAUT,3,3,5352.0,1784.0
MEDHASAN,9,9,5350.75,594.5277777777778
BROOKLYN,1,1,5350.0,5350.0
JODUPUR,2,2,5347.66,2673.83
MASJID GHAZIABAD,4,4,5345.0,1336.25
COMPLEX NIDADAVOLE,7,8,5337.0,667.125
T3 NEW DELHI,9,9,5334.61,592.7344444444444
NUH MEWAT,4,4,5334.0,1333.5
PATTIVEERANPATTI,12,12,5331.05,444.25416666666666
RAMOL AHMEDABAD,4,4,5330.0,1332.5
VASANT KUNJ,20,20,5329.49,266.4745
KONDHWA KHURD PUNE,10,10,5324.36,532.4359999999999
SERILINGAMPALLY NR GOOGLE HYDERABAD,6,6,5323.0,887.1666666666666
WEST KAMENG,5,5,5321.0,1064.2
GHATKOPAR MUMBAI,4,4,5317.4400000000005,1329.3600000000001
CHOOLAIMEDU CHENNAI,11,11,5315.0,483.1818181818182
HYDERSHAH KOTE RAJENDRA HYDERABAD,2,2,5310.0,2655.0
THIRUNELLAI,4,4,5306.54,1326.635
SITARAM JADHAV  MARG MUMBAI,3,3,5304.0,1768.0
LINK ROAD ANDHERI WEST MUMBAI,3,3,5304.0,1768.0
DHANETI,5,5,5300.0,1060.0
MARDOL,1,1,5298.0,5298.0
DEPO BORIVALI (E) MUMBAI,11,11,5297.27,481.57000000000005
RD P N PALAYAM COIMBATORE,3,3,5296.0,1765.3333333333333
BIHARSHARIF,8,8,5295.6,661.95
SATARA SATARA,2,2,5293.0,2646.5
ELAMKULAM,3,3,5292.0,1764.0
GAUTAMBUDHNAGAR,6,6,5290.0,881.6666666666666
HIRANAGAR,2,2,5289.0,2644.5
KARMANGHAT RANGAREDDI,7,7,5277.0,753.8571428571429
JHILO,3,3,5277.0,1759.0
NARSINGHPUR,29,30,5274.85,175.82833333333335
MELUR,1,1,5274.22,5274.22
PUNE PIMPLE NILAKH,4,4,5274.0,1318.5
BEHIND DR PANDIT CLINIC MUMBAI,5,5,5269.0,1053.8
NEAR TARINI TEMPLE CUTTACK,5,5,5269.0,1053.8
KUTTANADU,6,6,5267.0,877.8333333333334
NEDUMPURAM,5,5,5267.0,1053.4
RCHAVADY KOTTAKUPPAM VILLUPURAM,17,17,5265.0,309.70588235294116
BUSINESS PARK MAHAPE NAVI MUMBAI,19,19,5255.46,276.60315789473685
RAMBAUG 4 KALYAN W THANE,4,4,5255.0,1313.75
SCHOOL RAJKOT,6,6,5253.0,875.5
RATIONING OFFICE MUMBAI,1,1,5253.0,5253.0
OP ROAD VADODARA,14,14,5252.09,375.1492857142857
ELECTRIC OFFICE AGARTALA,6,6,5247.96,874.66
CHURCH AMBATTUR CHENNAI,6,6,5247.0,874.5
VEERA DESAI ROAD ANDHERI (W) MUMBAI,7,7,5245.5,749.3571428571429
NAUPADA THANE(W),11,11,5243.72,476.7018181818182
PRABHADEVI MUMBAI,13,13,5243.0,403.3076923076923
VYTTILA KOCHI,4,4,5242.0,1310.5
KUTTAMPZHA,2,2,5237.0,2618.5
PHOENIX MALL MUMBAI,9,9,5235.5599999999995,581.7288888888888
HOSHANGABAD SEONI MALWA,18,18,5235.0,290.8333333333333
RI-BHOI,1,1,5232.0,5232.0
RAMNAGAR DISTRICT,4,4,5231.0599999999995,1307.7649999999999
THANJAVUR DIST,5,5,5230.0,1046.0
KUMTA,8,8,5228.49,653.56125
KHERI BURA,8,8,5223.01,652.87625
MARG KURLA- W MUMBAI,6,6,5222.5599999999995,870.4266666666666
KALYAN EAST KALYAN THANE,4,4,5222.0,1305.5
AREA MOHALI,9,9,5221.35,580.1500000000001
KARAD,3,3,5215.900000000001,1738.6333333333334
KANYAKUMARIDIST,8,8,5215.87,651.98375
BELTHUNGADY,10,10,5209.6,520.96
KHARGHAR NAVIMUMBAI,4,4,5207.0,1301.75
ROAD KHARAGPUR,6,6,5206.0,867.6666666666666
VIRUDHUNAGAR VIRUDHUNAGAR,6,6,5202.75,867.125
TENALI,9,9,5202.46,578.0511111111111
GROUND NIT FARIDABAD,4,4,5202.0,1300.5
CHIKKABALLAPURA,2,2,5200.0,2600.0
OPP ROOPA HOTEL MANGALORE,2,2,5200.0,2600.0
NR ABHYUDAYA BANK MUMBAI,7,7,5193.0,741.8571428571429
KANDIVALI  WEST,1,1,5192.25,5192.25
AXIS BANK ATM KOLKATA,3,3,5192.0,1730.6666666666667
OSMANIYA RLY STN HYDERABAD,8,8,5191.6900000000005,648.9612500000001
TILLAKNAGAR,8,8,5191.0,648.875
DOABA,14,14,5184.65,370.33214285714286
BAIGUINIM,1,1,5183.0,5183.0
MAHAKALI CAVES ROAD MUMBAI,10,10,5181.03,518.103
DOYLESTOWN,1,1,5180.0,5180.0
VILLUPURAM DT,16,16,5179.38,323.71125
PUNE BALEWADI,1,1,5173.85,5173.85
WAGHOLI PUNE,4,4,5168.5,1292.125
MARIAHU,8,8,5168.0,646.0
SURYAPET TOWN AND MANDAL,6,6,5161.0,860.1666666666666
AUNDH PUNE,16,16,5160.75,322.546875
R R DIST,4,4,5157.0,1289.25
GOREGAON WEST MUMBAI,5,5,5156.0,1031.2
MOHALI CHANDIGARH,1,1,5150.0,5150.0
BULANDSHAHAR,23,23,5144.0,223.65217391304347
AND MAHARASHTRA BANK MULUND,4,4,5142.5599999999995,1285.6399999999999
MARG ELPHINSTONE WEST MUMBAI,5,5,5140.0,1028.0
NORTH  24 PARGANAS,15,15,5135.18,342.3453333333334
BHAT,2,2,5135.0,2567.5
VENKATESHWARA TEMPLE BANGALORE,6,6,5135.0,855.8333333333334
FLYWAY   NOIDA,2,2,5131.0,2565.5
KAPASHERA NEW DELHI,5,5,5125.0,1025.0
NEAR BATA MORE KOLKATA,13,13,5124.97,394.22846153846154
DIST HOOGHLY,4,4,5120.0,1280.0
UNIVERSITY PUNE,3,3,5120.0,1706.6666666666667
CHOWK PUNE,4,4,5118.62,1279.655
JUINAGAR,4,4,5114.92,1278.73
PH-IV GURGAON,4,4,5114.0,1278.5
PUDUKKOTTAI (DT),35,35,5110.0,146.0
ORAI JALAUN,2,2,5105.99,2552.995
CUDDALORE(DT),6,6,5104.95,850.8249999999999
MOUNTVIEW PUBLIC SCHOOL ZIRAKPUR,7,7,5103.0,729.0
CUMMING,1,1,5100.0,5100.0
NAGAR TALEGAON D PUNE,3,3,5096.37,1698.79
DISA,3,3,5093.71,1697.9033333333334
MANNUR,3,3,5093.02,1697.6733333333334
BHIWANDI THANE,12,12,5089.77,424.14750000000004
APPT PATNA,1,1,5088.0,5088.0
DAREWADI,2,2,5086.25,2543.125
ANANDPURI,3,3,5086.0,1695.3333333333333
DESAI RD ANDHERI (W) MUMBAI,12,12,5083.68,423.64000000000004
XAVIERS HIGH SCHOOL SURAT,1,1,5080.0,5080.0
KAROL BAGH,16,16,5076.0,317.25
SOUTH 24 PARGANS,5,5,5072.67,1014.534
DANDENONG,3,3,5072.07,1690.6899999999998
MC DONALDS BENGALURU,5,5,5072.0,1014.4
STATION ROAD KALYAN WEST,2,2,5071.0,2535.5
PUNE PUNE PMC AND RURAL PUNE,2,2,5070.0,2535.0
BESIDE CHUTNEYS HYDERABAD,4,4,5069.5,1267.375
PARAVADA,6,6,5069.14,844.8566666666667
CHANDRA SEKHARAPURAM PRAKASAM,4,4,5066.96,1266.74
SURAT DUMAS ROAD,3,3,5066.91,1688.97
MAHIM W,2,2,5064.0,2532.0
NEHRU NAGAR HYDERABAD,7,7,5061.58,723.0828571428572
HOSPITAL SAFIDON,3,3,5060.0,1686.6666666666667
NEAR BIKANER CHOICE NEW DELHI,5,5,5059.0,1011.8
TITAGARH,10,10,5057.0,505.7
DISTT KATIHAR,6,6,5055.0,842.5
BAGADGANJ NAGPUR,1,1,5054.7,5054.7
GANGAWALA PETROL PUMP MUMBAI,11,11,5054.0,459.45454545454544
GOREGAO,3,3,5054.0,1684.6666666666667
NARASARAOPET GUNTUR D T,1,1,5047.0,5047.0
SALAKHUA,3,3,5046.46,1682.1533333333334
SINGH NAGAR MOHALI,4,4,5040.51,1260.1275
AMBERNATH E THANE,13,13,5040.0,387.6923076923077
MAJIRDANGA,6,6,5039.05,839.8416666666667
BANK BANGALORE,6,6,5039.0,839.8333333333334
RUPEE BANK PUNE,5,5,5033.0,1006.6
3 NAVI MUMBAI,7,7,5026.3,718.0428571428572
VARAPETTY,2,2,5022.0,2511.0
KODARA,2,2,5020.3,2510.15
MUDIGERE,6,6,5020.0,836.6666666666666
MUMAI,3,3,5017.9,1672.6333333333332
ULHASNAGAR-1 THANE,19,19,5016.0,264.0
JHARSUGUDA-ORISSA,8,8,5009.38,626.1725
AT ROAD AURANGABAD,2,2,5009.2,2504.6
EASTERN EXPS HIGHWAY SION E MUMBAI,3,3,5008.049999999999,1669.3499999999997
SHAMSHABAD MANDAL RR DIST,2,2,5006.0,2503.0
DINDIGUL DT,10,10,5001.0,500.1
JAGDAMBA SADIHALL GOVINDPURA BHOPAL,1,1,5000.0,5000.0
BHAYANDER (WEST) THANE,13,13,5000.0,384.61538461538464
BAI HOSPITAL HOSUR,3,3,5000.0,1666.6666666666667
THOOTHUKUDI DIST,2,2,5000.0,2500.0
II STAGE BANGALORE SOUTH BANGALORE,1,1,5000.0,5000.0
RBK SCHOOL GOVANDI MUMBAI,1,1,5000.0,5000.0
BEAWAR D AJMER,1,1,5000.0,5000.0
JAMSAEDPUR,1,1,5000.0,5000.0
AUCKLAND,1,1,5000.0,5000.0
"MAHIM EAST,MUMBAI",1,1,5000.0,5000.0
RAMAN MADI,5,5,5000.0,1000.0
DIST MOHALI ZIRAKPUR,1,1,5000.0,5000.0
PHABAT RD ZIRAKPUR,1,1,5000.0,5000.0
SALMIYA,1,1,5000.0,5000.0
PATTAR KALAN,1,1,5000.0,5000.0
KHAJUWALA,3,3,5000.0,1666.6666666666667
SEHORE SEHORE,1,1,4999.0,4999.0
MONGHYR,15,15,4998.8,333.25333333333333
DIMA HASAO,3,3,4994.26,1664.7533333333333
DISTRICT BALAGHAT,2,2,4993.0,2496.5
KALAMB,1,1,4992.0,4992.0
SHIRAPUR,6,6,4990.389999999999,831.7316666666666
NEAR KADAMWADI PRAGATI SCHL MUMBAI,2,2,4985.0,2492.5
NEAR BARODA PRISTAGE SURAT,8,8,4982.8,622.85
STATION NEW DELHI,22,22,4980.08,226.36727272727273
SIVER PLAZA MIRA ROAD EAST THANE,11,11,4976.67,452.42454545454547
TOWER-C SADARAMANGALA BANGALORE,2,2,4976.0,2488.0
SCHOOL GOMATI,21,21,4974.0,236.85714285714286
BAGAHA,6,6,4970.0,828.3333333333334
ULHAS NAGAR,2,2,4967.92,2483.96
ANGAMALY,5,5,4962.0,992.4
EAST THANE MUMBAI,5,5,4959.83,991.966
GAUTAM BUDH NAGAR NOIDA,4,4,4958.0,1239.5
DISTT PUNE,21,21,4954.0,235.9047619047619
SHENCOTTAI T K,14,14,4953.0,353.7857142857143
VASTI MALEGAON,1,1,4951.0,4951.0
GARSHANKAR,3,3,4950.0,1650.0
PEDDAVADUGUR,4,4,4946.9,1236.725
DEHRADUN DEHRADUN,3,3,4945.35,1648.45
ROAD CHANNASANDRA BANGALORE SOUTH,10,10,4943.4400000000005,494.34400000000005
TIRUCHIRAPPALLI DT,4,4,4942.0,1235.5
THWAL,8,8,4940.89,617.61125
RAMANTHAPUR HYDERABAD,6,6,4931.0,821.8333333333334
ANDHERI-W-MUMBAI,1,1,4930.8,4930.8
SINGAPERUMAL KOIL,2,2,4925.0,2462.5
MANDIDEEP,6,6,4920.0,820.0
UMARKHED,5,5,4918.25,983.65
BESIDE HOTEL SITARA HYDERABAD,1,1,4908.0,4908.0
PALWANCHA,6,6,4907.35,817.8916666666668
BANDRA-E MUMBAI,3,3,4906.0,1635.3333333333333
NEW EDLHI,2,2,4903.0,2451.5
KALYANI PO-KALYANI,17,17,4902.73,288.39588235294116
PADA NO 4 THANE,1,1,4900.0,4900.0
MARATHALLI OUTER RING RD VARTHUR,10,10,4899.71,489.971
ANDHERI GHATKOPAR LINK ROAD MUMBAI,4,4,4898.69,1224.6725
AMBEDKAR STATUE HYDERABAD,7,7,4893.76,699.1085714285715
KUSHAL NAGAR KODAGU,4,4,4887.0,1221.75
WORLI COLONY MUMBAI,19,19,4883.18,257.00947368421055
NAGAR LAKE HYDERABAD,3,3,4881.67,1627.2233333333334
ELPHISTONE (W) MUMBAI,4,4,4881.0,1220.25
NORWICH,1,1,4880.0,4880.0
FARRUKH NAGAR GURGAON,1,1,4878.0,4878.0
PERUMBAVOOR,5,5,4875.0,975.0
MUZAFFARNAGAR MUZAFFARNAGAR,19,19,4874.0,256.5263157894737
VELACHERY CHEENNAI,15,15,4872.49,324.8326666666666
NALASOPARA EAST VASAI,5,5,4870.0,974.0
CROYDON,4,4,4870.0,1217.5
SAMSTIPUR,9,9,4870.0,541.1111111111111
KATRAJ MUMBAI HIGHWAY NARHE PUNE,8,8,4869.11,608.63875
BADALAPUR-W,5,5,4857.75,971.55
CHANDPUR,4,4,4856.96,1214.24
KEGAON,7,7,4856.0,693.7142857142857
VODAFONE STORE MUMBAI,7,7,4849.2,692.7428571428571
DHARAPURAM,16,16,4845.280000000001,302.83000000000004
MADURAI DT,9,9,4843.4400000000005,538.1600000000001
SHOPPING CENTER SURAT SURAT,2,2,4842.0,2421.0
MANPAL UDUPI,2,2,4840.0,2420.0
CHANDAUSI,11,11,4837.49,439.77181818181816
BENGUSARAI,15,15,4833.65,322.2433333333333
SWARUPNAGAR,15,15,4833.26,322.21733333333333
MUMBAI SAKINAKA MUMBAI,1,1,4833.0,4833.0
THIRUCHIRAPPALLI,4,4,4833.0,1208.25
NISRALE,20,20,4828.0,241.4
CHARKOP KANDIVALI WEST MUMBAI,1,1,4825.0,4825.0
KARNAUJ,4,4,4819.0,1204.75
KOVILANDY,5,5,4815.3,963.0600000000001
NANDAN,5,5,4815.0,963.0
SHIVAMANDIR BANGALORE,3,3,4812.0,1604.0
THENILGIRIS,4,4,4809.0,1202.25
ANOOPPUR,11,11,4803.5199999999995,436.6836363636363
CHATTERPUR,2,2,4801.4,2400.7
AMBATTUR,8,8,4801.0,600.125
EAST CHARALA MIDC MUMBAI,6,6,4797.9,799.65
NERUL NODE-3 THANE NAVI MUMBAI,4,4,4796.4,1199.1
RATNAGIRI CHIPLUN,7,7,4788.15,684.0214285714285
BHUBANESHWAR RASULGARH,3,3,4787.55,1595.8500000000001
CANARA BANK ATM NEW DELHI,6,6,4780.0,796.6666666666666
HALDIA,8,8,4778.0,597.25
STORE  BHUBANESWAR,4,4,4773.25,1193.3125
PUNALUR,5,5,4770.59,954.118
BTM LAYOUT BANGALORE,10,10,4768.78,476.878
MULTAI,1,1,4768.0,4768.0
RANGA REDDY DISTRICT,15,15,4765.0,317.6666666666667
JHARKHAND RANCHI,7,7,4765.0,680.7142857142857
CHHAPRA,15,15,4763.0,317.53333333333336
RAILWAY STN VIRAR WEST VASAI THANE,7,7,4762.99,680.4271428571428
SANPADA S O THANE,1,1,4762.0,4762.0
USGAON,5,5,4760.05,952.01
ST INEZ PANJIM,2,2,4758.2,2379.1
ELECTRICAL SHOP MUMBAI,8,8,4758.0,594.75
NEXT TO NEUILLE HOUSE MUMBAI,3,3,4757.96,1585.9866666666667
BARDEZ PORVORIM,3,3,4757.0,1585.6666666666667
UTHUKOTTAI,3,3,4755.0,1585.0
TO 11TH CROSS BANGALORE,13,13,4754.0,365.6923076923077
BORIAVI,6,6,4752.4,792.0666666666666
PATADHANA ROAD CHHINDWARA,13,13,4750.0,365.38461538461536
SHAHKOT,10,10,4749.0,474.9
INTERNATIONAL BODHVIHAR DIBRUGARH,5,5,4748.0,949.6
ALANDI DEVACHI PUNE,3,3,4746.37,1582.1233333333332
NARSING HOME KURANGAREDDY HYDERABAD,3,3,4746.0,1582.0
PERUMBAVOOR ERNAKULAM,4,4,4746.0,1186.5
KOVVURU,2,2,4741.0,2370.5
RAJAMANDRY,3,3,4740.15,1580.05
RAJAHMUNDRY E G DIST,4,4,4740.0,1185.0
SIOLIM BARDEZ,1,1,4740.0,4740.0
LALANGUTE,2,2,4740.0,2370.0
PANCHVATI SOC SURAT,10,10,4739.360000000001,473.93600000000004
ALAPUZHA,9,9,4737.37,526.3744444444444
SCHOOL KANDIVALI W,7,7,4735.1,676.4428571428572
G B  NAGAR,14,15,4720.66,314.71066666666667
RATIA,18,18,4715.55,261.975
TARAPUR APP THANE THANE,7,7,4713.0,673.2857142857143
BAGALKOT DIST,7,7,4712.0,673.1428571428571
BY PASS HADASAR PUNE,12,12,4710.0,392.5
ARIYALUR DISTRICT,21,22,4709.15,214.0522727272727
PALAKAD DT,19,19,4708.01,247.79000000000002
RAJ OIL MILLS MUMBAI,1,1,4708.0,4708.0
ATTINGAL,7,7,4706.0,672.2857142857143
ROAD SURAT,3,3,4703.0,1567.6666666666667
TIWRI VASAI EAST,9,9,4701.77,522.4188888888889
"KODAMBAKKAM, CHENNAI",2,2,4701.0,2350.5
VASAI VIRAR THANE,7,7,4700.22,671.46
DWARKA MORE METRO STATION NEW DELHI,2,2,4700.0,2350.0
TO BOWRING HOSPITAL BANGALORE,7,7,4699.0,671.2857142857143
NORTH 24 PARGANAS COLKATA,1,1,4698.0,4698.0
NANITAL,3,3,4696.0,1565.3333333333333
TANDUR RANGA REDDY,12,12,4690.17,390.8475
AKURDI PUNE,21,21,4687.0,223.1904761904762
CHOWK NASHIK,11,11,4685.0,425.90909090909093
VARANAASI,6,6,4676.4,779.4
(W) NEAR RAMDEV MANDIR MUMBAI,1,1,4675.37,4675.37
STORE GWALIOR,9,9,4669.0199999999995,518.78
PAS BARMER BARMER,16,16,4662.98,291.43625
BUS STAND KOLKATA,5,5,4661.15,932.2299999999999
BUDDHANAGAR NOIDA,2,2,4660.07,2330.035
SENAPATI DISTRICT,4,4,4660.0,1165.0
DEOBAND SAHARANPUR,16,16,4656.0,291.0
PURAM BANGALORE,5,5,4655.0,931.0
UTTALI SATNA,17,17,4649.9,273.5235294117647
BAPAT MARG LOWER PARELWORLI MUMBAI,3,3,4648.0,1549.3333333333333
RAJNAGAR II PALAM,3,3,4642.0,1547.3333333333333
21A FARIDBAD,3,3,4639.0,1546.3333333333333
IFC MUMBAI,5,5,4634.2699999999995,926.8539999999999
MULUND(W) MUMBAI,5,5,4632.0,926.4
TANDULWADI,1,1,4630.0,4630.0
WANOWRIE PUNE,10,10,4628.3,462.83000000000004
TIRUTHANI,8,8,4626.0,578.25
MALAD WEST DELY MUMBAI,2,2,4621.0,2310.5
GOBI,9,9,4620.0,513.3333333333334
KARIMANNOOR,3,3,4619.0,1539.6666666666667
OPP APOLO PHARMACY THANE WEST THANE,5,5,4617.0,923.4
GOTAM NAGAR,17,17,4615.0,271.47058823529414
INTERNATIONAL SCHOOL GOVANDI MUMBAI,9,9,4612.07,512.4522222222222
AUTOMOTIVE WORKSHOP SECUNDERABAD,10,10,4611.8,461.18
SHASTRI NAGAR SAKINAKA MUMBAI,6,6,4611.0,768.5
METTUPALAYAM,11,11,4601.0,418.27272727272725
BUNGLOW NASHIK,3,3,4600.16,1533.3866666666665
CHANNAPATNA,7,7,4598.0,656.8571428571429
FEET ROAD NEW DELHI,6,6,4596.5599999999995,766.0933333333332
JB NAGAR CHAKALA ANDHERI E MUMBAI,10,10,4596.0,459.6
SENEPATI,4,4,4596.0,1149.0
DOCKLANDS,1,1,4596.0,4596.0
CITY MIRA BHAYANDER THANE,6,6,4595.860000000001,765.9766666666668
THANE TEH THANE DISTT THANE THANE,11,11,4595.2,417.74545454545455
BIJNI,4,4,4594.35,1148.5875
PATPAR GUNJ DELHI SHAKARPUR E DELHI,2,2,4590.0,2295.0
BHAYANDAR WEST,5,5,4589.96,917.992
STOP HYDERABAD,5,5,4589.0,917.8
VIRAR (EAST) THANE,7,7,4580.57,654.3671428571428
SANTA CRUZ,7,7,4576.9,653.842857142857
SECTOR -11 NEW DELHI,3,3,4574.0,1524.6666666666667
KANCHIPURAM DISTRICT,4,4,4567.0,1141.75
UNION CITY,1,1,4566.0,4566.0
VADDEM,2,2,4564.71,2282.355
YEHAKANKA BANGALORE,10,10,4564.57,456.457
GANDEVI,5,5,4559.0,911.8
GHARAUNDA KARNAL,2,2,4558.3,2279.15
PANT NAGAR,11,11,4557.0,414.27272727272725
ASSOSIATOIN CULTURAL PARK MUMBAI,4,4,4552.360000000001,1138.0900000000001
PANCHMAHAL KHUDRA,3,3,4550.0,1516.6666666666667
GOKAK,4,4,4549.67,1137.4175
NUMBER 8 NARWANA JIND HARYANA,5,5,4544.49,908.8979999999999
BHUBANESHWAR KHURDA,6,6,4544.0,757.3333333333334
CHEMBUR (EAST) MUMBAI,7,7,4541.78,648.8257142857143
HIGH SCHOOL HYDERABAD,11,11,4541.71,412.88272727272727
PURULIA-1 NAMOPARA PURULIA-1,2,2,4539.0,2269.5
MANGAL KARYALAY NASHIK,6,6,4538.0,756.3333333333334
THASRA KHEDA,4,4,4535.75,1133.9375
KOVAI,11,11,4535.0,412.27272727272725
DOUBLE ROAD BANGALORE,3,3,4534.89,1511.63
KOLLAM PERUMPUZHA,5,5,4534.0,906.8
OFFICE THRISSUR,4,4,4533.8,1133.45
MULUND,4,4,4524.2,1131.05
PUMP BANGALORE,7,7,4517.7,645.3857142857142
AL SALIMYA,2,2,4515.0,2257.5
VIMANNAGAR  NAGAR ROAD PUNE,5,5,4514.94,902.9879999999999
PEN DT RAIGAD,4,4,4506.0,1126.5
THIRUPUR,4,4,4505.0,1126.25
MOREN CHANDEL,18,18,4503.66,250.20333333333332
HOBLI BANGALORE,7,7,4503.0,643.2857142857143
MUMBAI G P O,8,8,4502.0,562.75
BOOKSTORE MUMBAI,3,3,4501.0,1500.3333333333333
NEXT TO APNA MEDICAL MUMBAI,3,3,4501.0,1500.3333333333333
KANYAKUMARI VALUACHAGOSTAM,2,2,4500.0,2250.0
COLLEGE VIJAYAWADA,1,1,4500.0,4500.0
BABUPUR,2,2,4500.0,2250.0
UMROLI,2,2,4500.0,2250.0
RAI,2,2,4500.0,2250.0
THRRUVARUR,1,1,4499.0,4499.0
THANE KALWA KHOREGAON,3,3,4497.0,1499.0
AL AIN,8,8,4496.0,562.0
KALYANI NADIA,13,13,4493.0,345.61538461538464
MAHISAGAR,23,23,4491.0,195.2608695652174
MANDABAM OPP CHENNAI,2,2,4489.16,2244.58
PUDUKOTTAI DT,14,14,4487.58,320.5414285714286
DELISLE ROAD MUMBAI,3,3,4485.0,1495.0
HUKERI,17,18,4481.92,248.99555555555557
NR COSH HOSPITAL CHENNAI,2,2,4481.0,2240.5
KHAR (W) MUMBAI,11,11,4479.0,407.1818181818182
ANDAMANS,15,15,4475.0,298.3333333333333
CHEMBUR POST OFFICE MUMBAI,1,1,4474.56,4474.56
SANATORIUM,3,3,4471.0,1490.3333333333333
ARAKKONAM,13,13,4469.0,343.7692307692308
THANE VIRAR E,5,5,4468.13,893.626
JALNDHAR,6,6,4467.0,744.5
AIROLI,4,4,4461.0,1115.25
SHERI KALYANI NAGAR PUNE,18,18,4458.0,247.66666666666666
SATHYAMANGALAM,9,9,4451.0,494.55555555555554
IMMACULATE SCHOOL MUMBAI,6,6,4450.4,741.7333333333332
INSTITUTE MUMBAI,3,3,4448.030000000001,1482.676666666667
BEGUMPET SECUNDERABAD,4,4,4446.0,1111.5
JALANDHAR CITY,23,23,4443.48,193.19478260869565
KAMALGHAT,2,2,4442.75,2221.375
EGMORE CHENNAI,8,8,4441.5,555.1875
H O CHENNAI,2,2,4440.0,2220.0
NAZAFGARH,10,10,4439.0,443.9
KANJURMARG EAST,35,35,4437.62,126.78914285714285
TEHSIL-PUNE PUNE,14,14,4437.5,316.9642857142857
MAVAL DIST PUNE,1,1,4436.55,4436.55
TALUK KANCHIPURAM DIST,25,25,4431.5,177.26
MSRIT POST BANGALORE,2,2,4430.0,2215.0
SARAIKELA,14,14,4430.0,316.42857142857144
THIRUVANDRAM,11,11,4427.32,402.4836363636363
AURANGABAD AURANGABAD,15,15,4425.55,295.0366666666667
HIGH SCHOOL NAVI MUMBAI,4,4,4423.59,1105.8975
PRAYER HOUSE HYDERABAD,14,14,4423.32,315.95142857142855
FAIRLANDS BEHIND ISHA YOGA SALEM,3,3,4419.92,1473.3066666666666
HANSI,5,5,4419.8099999999995,883.9619999999999
SCARBOROUGH,1,1,4419.07,4419.07
"SION EAST, MUMBAI",12,12,4419.0,368.25
PANCHAYATH PATHANAMTHITTA,5,5,4417.28,883.4559999999999
DUTTA MANDIR PUNE,10,10,4410.0,441.0
NR ARCHANA SCHOOL SURAT,1,1,4408.0,4408.0
KASUMPATI SHIMLA,6,6,4404.5,734.0833333333334
KOTRI,12,12,4400.0,366.6666666666667
DISTRICT PURI,1,1,4394.0,4394.0
BBSR,10,10,4391.0,439.1
PALASHBARI,15,15,4390.2,292.68
PUNIGAM,25,25,4389.0,175.56
KANDIVALI  WEST MUMBAI,3,3,4383.0,1461.0
DEPOT GOREGAON (W) MUMBAI,3,3,4381.0,1460.3333333333333
SHAIKPET HYDERABAD,3,3,4380.0,1460.0
JALANDHAR JALANDHAR,4,4,4379.2,1094.8
KODAMBAKKAM CHENNAI,8,8,4378.19,547.27375
SANDOZBAUGH THANE,2,2,4378.0,2189.0
MULUND (E),3,3,4377.0,1459.0
MANIKAM ROAD AMINSIKARAI CHENNAI,4,4,4377.0,1094.25
HOSPITAL SAMALKHA,5,5,4376.91,875.382
AMBERNATH-E,10,10,4372.98,437.29799999999994
BUTIBORI NAGPUR,13,13,4371.78,336.29076923076923
KHOBAR,5,5,4370.16,874.0319999999999
SAHUPURI,3,3,4367.78,1455.9266666666665
NAGPUR (URBAN) NAGPUR,5,5,4363.78,872.756
MAIN AJMER ROAD JAIPUR,13,13,4361.51,335.50076923076927
PATWARDHAN GROUND NAGPUR,3,3,4358.0,1452.6666666666667
MANAMADURAI,3,3,4353.0,1451.0
DELY MUMBAI,3,3,4351.0,1450.3333333333333
EAGAN,2,2,4342.3,2171.15
BID,1,1,4341.23,4341.23
OLD FARIDABAD,4,4,4336.04,1084.01
KALIKA TEMPLE BANGALORE,3,3,4335.0,1445.0
ANDHERI (WEST) MUMBAI,3,3,4330.84,1443.6133333333335
THIRUPPUR,14,14,4330.0,309.2857142857143
B/H VIDYANJALI SCHOOL BANGALORE,2,2,4327.0,2163.5
JAYAPUR,2,2,4324.48,2162.24
KIDWAI NAGAR,13,13,4324.0,332.61538461538464
KURLA WEST- MUMBAI,2,2,4322.82,2161.41
ROAD VV PURAM BANGALORE,8,8,4322.0,540.25
KR PURAM HOBLI BANGALORE,7,7,4321.3,617.3285714285714
SANATH NAGAR,3,3,4315.0,1438.3333333333333
PARK-III GREATER NOIDA,7,7,4313.0,616.1428571428571
BHIWARA,13,13,4307.72,331.36307692307696
CO-OPERATIVE NEW DELHI,3,3,4304.0,1434.6666666666667
24 KARAT MUMBAI,5,5,4301.4,860.28
SHOPPING COMPLEX BHIWADI,1,1,4300.0,4300.0
SANGANI RAJKOT,2,2,4295.5,2147.75
GAGANPAHAD,7,7,4293.72,613.3885714285715
TRIPURA CANCER HOSPITAL AGARTALA,2,2,4293.0,2146.5
NAGAR HYDERABAD,11,11,4288.8,389.89090909090913
SANGALI,25,25,4287.1,171.484
HOUSE KALOOR ERNAKULAM,6,6,4286.0,714.3333333333334
RD ANDHERI W MUMBAI,1,1,4282.6,4282.6
AND 28 PAUD ROAD PUNE,9,9,4281.0,475.6666666666667
AGASHI THANE,3,3,4280.5,1426.8333333333333
PATHAPATNAM,7,7,4275.6,610.8000000000001
HI BANKURA DURGAPUR,9,9,4275.0,475.0
LONAVALA,7,7,4269.01,609.8585714285715
RADHAPURAM,2,2,4266.0,2133.0
ASALPHA GHATKOPAR WEST MUMBAI,1,1,4259.0,4259.0
PADGHA,2,2,4258.0,2129.0
MATDAR SANGH SECTOR 3A THANE,8,8,4254.55,531.81875
GREATR MUMBAI (M CORP) MUMBAI,5,5,4253.88,850.7760000000001
SCHOOL JAIPUR,10,10,4253.0,425.3
SHITAL NAGAR SOCIETY SURAT,4,4,4251.860000000001,1062.9650000000001
SCHOOL SOUTH TRIPURA,10,10,4248.35,424.83500000000004
NO-9 BLOCK-A MAHIPALPUR NEW DELHI,6,6,4244.0,707.3333333333334
JAJAPUR,3,3,4242.8,1414.2666666666667
PETROL PUMP AURANGABAD,2,2,4242.05,2121.025
EVARARD NAGAR SION (E) MUMBAI,6,6,4239.83,706.6383333333333
KADAVANTHRA,4,4,4239.6,1059.9
TRIVANDRUN,4,4,4231.0,1057.75
EYE HOSPITAL SECUNDERABAD,3,3,4225.0,1408.3333333333333
DEVANAHALLI,7,7,4220.93,602.99
VADAGAV SHINDE HAVELI PUNE,7,7,4220.0,602.8571428571429
PURBA CHAMPARAN,5,5,4218.0,843.6
WOODSIDE,4,4,4218.0,1054.5
PANCHASAYAR,5,5,4216.9,843.3799999999999
TEAMBLE CHENNAI,7,7,4216.469999999999,602.352857142857
DONAR S O T F DONAR MUMBAI,6,6,4210.0,701.6666666666666
PAHARGONDA RANCHI,1,1,4210.0,4210.0
KALPAKKAM,2,2,4210.0,2105.0
UTTAMNAGAR DWARKA WESTDELHI DELHI,4,4,4210.0,1052.5
NORTH TRIPURA,8,8,4209.9,526.2375
DISTT PATIALA,8,8,4203.9,525.4875
ATTAPPALLAM,10,10,4203.0,420.3
BIJPUR,8,8,4201.75,525.21875
KANDIVALI MUMBAI,16,16,4201.0,262.5625
TRIPURA NR UNAKOTI NORTH TRIPURA,1,1,4200.0,4200.0
PORE NAIHATI,1,1,4200.0,4200.0
KEDAL GUNJ ALWAR ALWAR,2,2,4200.0,2100.0
HIGH SCHOOL HESAG,2,2,4194.01,2097.005
BANDIPORA,2,2,4191.0,2095.5
OPP ALLAHABAD BANK MUMBAI,1,1,4190.0,4190.0
GOMEWADI,1,1,4187.0,4187.0
283984 DUBAI UAE DUBAI,8,8,4185.0,523.125
RAMNAGAR NAINITAL RAMNAGAR,6,6,4182.5,697.0833333333334
KHAMIS MUSHYAT,5,5,4182.07,836.414
BHAYANDAR EAST THANE,3,3,4179.04,1393.0133333333333
CARANZALEM PANAJI,2,2,4179.0,2089.5
JAITPUR SOUT DELHI,11,11,4178.9,379.9
NR AUDI SHOWROOM ELECTRONIC CITY PO,12,12,4178.0,348.1666666666667
TRINITY BENGALURU,2,2,4177.0,2088.5
BHANDUP W MUMBAI,8,8,4168.0,521.0
MIRA ROAD (EAST) THANE,7,7,4167.41,595.3442857142857
CHAGALLU,16,16,4165.9800000000005,260.37375000000003
GOVT SCHOOL BANGALORE,12,12,4163.0,346.9166666666667
NDAHALLI BANGALORE SOUTH BANGALORE,5,5,4158.2699999999995,831.6539999999999
MAHBUBNAGAR DIST,3,3,4156.360000000001,1385.4533333333336
VILL KR PURAM HOBLI BANGALORE,7,7,4154.7,593.5285714285714
GUDIWADA,4,4,4151.3,1037.825
BUS STOP BANGALORE,5,5,4148.0,829.6
NORTH MSRIT BENGALURU,3,3,4144.0,1381.3333333333333
METRO STN HALASURU BANGALORE,3,3,4141.0,1380.3333333333333
IND EST THANE,2,2,4140.0,2070.0
COMPLEX THANE,3,3,4137.9,1379.3
ROAD AUNDH PUNE,3,3,4134.91,1378.3033333333333
SHEKHPURA,15,15,4134.11,275.6073333333333
MANDAL K V RANGAREDDY HYDERABAD,10,10,4133.76,413.37600000000003
DISTT HAMIRPUR,3,3,4133.2,1377.7333333333333
MADINA HOTEL PUNE,1,1,4133.0,4133.0
MARATHAHALLI BANGALORE,5,5,4129.67,825.934
ORHICD HOTEL BANGALORE,2,2,4129.0,2064.5
ALLAPPUZHA,2,2,4128.0,2064.0
RANI,14,14,4127.2,294.8
WEST S O MUMBAI,8,8,4123.0,515.375
SWINDON,1,1,4122.12,4122.12
OFFICE B P LANE MUMBAI,7,7,4120.82,588.6885714285714
HILLTOP NAGPUR,7,7,4119.0,588.4285714285714
TAL IGATPURI DIST NASHIK,1,1,4118.0,4118.0
BANK RANGAREDDY,1,1,4118.0,4118.0
MANDSAUR,15,15,4115.650000000001,274.3766666666667
THANE VASAI THANE,4,4,4113.38,1028.345
KUNIYIL,16,16,4108.25,256.765625
MATHERAN ROAD NERE PANVEL,3,3,4108.25,1369.4166666666667
KATEMANIVALI KALYAN THANE,14,14,4108.0,293.42857142857144
SHOWROOM ELECTRON CITY PO BANGALORE,3,3,4107.0,1369.0
AMB,19,19,4106.0,216.10526315789474
FARIDABAD SECTOR-22 FARIDABAD,1,1,4105.0,4105.0
MADHYA PRADESH PIPARIYA,2,2,4101.0,2050.5
KALYANA MANTAPA ROAD BANGALORE,3,3,4100.0,1366.6666666666667
EAST GODAVARI DISTRICT,13,13,4099.75,315.36538461538464
KOPPARA,1,1,4099.0,4099.0
BALACHAUR,6,6,4094.0,682.3333333333334
AUTOMOBILES JHARGRAM,2,2,4094.0,2047.0
COMPOUND MUMBAI,7,7,4093.0,584.7142857142857
KOTAK MAHINDRA BANK ATM MUMBAI,1,1,4088.7,4088.7
GAUTAMBUDDHNAGAR,2,2,4075.0,2037.5
PALGHAR WEST THANE,5,5,4073.95,814.79
VILLAGE BEGUR HOBLI BANGALORE,1,1,4068.0,4068.0
VANDIPPERIYAR PANCHAYATH,8,8,4067.5,508.4375
TOPH SHERKHANIAN,2,2,4060.81,2030.405
PLAZA BORIVALI WEST MUMBAI,8,8,4060.6,507.575
NAGARKURNOOL,17,17,4060.54,238.85529411764705
DIVA THANE E,14,14,4057.69,289.835
COMPLEX BANGALORE,8,8,4053.79,506.72375
MILL OKHLA INDL ESTATE NEW DELHI,3,3,4050.0,1350.0
NAGAR DADRI,2,2,4050.0,2025.0
SUKHPAR,2,2,4047.0,2023.5
ROAD OPP FUN CINEMA NEW DELHI,12,12,4042.01,336.8341666666667
SERVICE CENTER BANGALORE,7,7,4040.07,577.1528571428572
NAGAR NAGPUR,9,9,4040.0,448.8888888888889
MONDETOWER MUMBAI,5,5,4039.0,807.8
MAHESHWARI BHAWAN ITARSI,2,2,4027.34,2013.67
BALIKUDA,14,14,4027.0,287.64285714285717
VISNAGAR,9,9,4024.94,447.21555555555557
KANDIVALI WEST,2,2,4019.4,2009.7
WEST MUMBAI MUMBAI,6,6,4019.05,669.8416666666667
KHORDA,23,23,4017.44,174.6713043478261
BUNGLOW MHADA ANDHERI W MUMBAI,8,8,4016.19,502.02375
OPP AJANTA PHARMA MUMBAI,8,8,4015.34,501.9175
METRO STATION BANGALORE,3,3,4014.0,1338.0
BHAYANDER MIRA ROAD THANE,2,2,4010.31,2005.155
PARK III GREATER NOIDA,10,10,4009.42,400.942
MANGALORE CITY,8,8,4003.3500000000004,500.41875000000005
AMBERNATH AMBERNATH AMBARNATH THANE,9,9,4002.8,444.7555555555556
WEST WAGLE I E THANE,1,1,4000.0,4000.0
DODDAMMA MARAMMA TEMPLE BANGALORE,8,8,4000.0,500.0
THIRUVANMIYUR,1,1,4000.0,4000.0
KOHINOOR CITY MALL MUMBAI,1,1,4000.0,4000.0
NGR CHAURAHA KHURRAM NGR LUCKNOW,2,2,4000.0,2000.0
PANIPAT PANIPAT,2,2,4000.0,2000.0
KOZHUVANAL,5,5,4000.0,800.0
MURADNAGAR,1,1,4000.0,4000.0
VIHAR MORADABAD,2,2,4000.0,2000.0
LUCKY RESTAURANT GIDC VAPI VAPI,4,4,4000.0,1000.0
SECTOR 93 B NOIDA,3,3,3998.0,1332.6666666666667
TADIPATRI,1,1,3998.0,3998.0
MUMBAI GHATKOPAR WEST,1,1,3998.0,3998.0
UPPER SIANG,9,9,3997.8199999999997,444.2022222222222
BALTANA ZIRAKPUR,1,1,3997.0,3997.0
GATE AGRA,3,3,3995.0,1331.6666666666667
LAKKAVARAM,39,39,3994.0,102.41025641025641
CHOWK PUNE MUMBAI HIGHWAY PUNE,3,3,3993.87,1331.29
VPO WAZIRABAD,13,13,3990.0,306.9230769230769
ROAD VISHRANTWADI PUNE,2,2,3989.0699999999997,1994.5349999999999
SONAPURA,2,2,3988.0,1994.0
PLAZA TRASPROT NAGAR DEHRADUN,11,11,3987.71,362.5190909090909
BHABHUA,2,2,3985.0,1992.5
SINNAR DISTH NASHIK,4,4,3982.0,995.5
LAYOUT J P NGR 3RD PHASE BANGALORE,6,6,3975.0,662.5
DEHRI ON SONE,3,3,3975.0,1325.0
DIST DUMKA,10,10,3975.0,397.5
NISSING,7,7,3974.0,567.7142857142857
MALAD EAST MUMBAI,7,7,3972.8199999999997,567.5457142857142
MEHATVAS,10,10,3970.31,397.031
BASSEIN ROAD,2,2,3967.0,1983.5
MANDIR NASHIK,4,4,3966.0,991.5
HIGHWAY NARHE PUNE,4,4,3964.15,991.0375
UNIVERSITY NEW DELHI,3,3,3960.0,1320.0
PRAKASAM DIST,23,23,3958.58,172.11217391304348
PAREL WEST MUMBAI,11,11,3958.49,359.8627272727272
NAGUNERI TK,3,3,3953.0,1317.6666666666667
P O POLURU,5,5,3950.39,790.078
SERCHHIP,27,27,3948.0,146.22222222222223
MALL ANDHERI WEST MUMBAI,3,3,3946.0,1315.3333333333333
SCHL SANTOSHI MATARDKALYAN (W)THANE,2,2,3945.0,1972.5
BLUE DART COURIER KOLKATA,2,2,3943.0,1971.5
ABOVE DR BATRA CLINIC BANGALORE,1,1,3939.0,3939.0
AMBER,34,34,3934.4,115.71764705882353
EXCHANGE ALLAHABAD,2,2,3933.0,1966.5
ENGG COLLEGE BARTON HILL TIRVANDRUM,5,5,3928.07,785.614
GOBINDGARH,3,3,3928.0,1309.3333333333333
SION(E),2,2,3928.0,1964.0
AHMAD NAGAR,2,2,3925.8,1962.9
SHIKOHABAD,3,3,3925.0,1308.3333333333333
3 KALYANI NAGAR PUNE,7,7,3923.0,560.4285714285714
OPP EB OFFICE COIMBATORE,3,3,3918.67,1306.2233333333334
SHAKARPUR,6,6,3912.0,652.0
RAURKELA,3,3,3911.0,1303.6666666666667
SHAKA MUMBAI,14,14,3909.0,279.2142857142857
MAKRANA,6,6,3907.1800000000003,651.1966666666667
SIHUNTA,3,3,3904.0,1301.3333333333333
VILLAS PHASE 2 HYDERABAD,9,9,3902.88,433.65333333333336
SHREYAS CINEMA MUMBAI,2,2,3901.0,1950.5
LINGAPURAM NELLORE,6,6,3900.0,650.0
GURAGON,1,1,3900.0,3900.0
NR MAHALAKSHMI TEMPLE BANGALORE,2,2,3900.0,1950.0
CROSS MANGALORE,3,3,3900.0,1300.0
CHUNGI SYANA,1,1,3899.0,3899.0
DISTRICT RAIGARH,1,1,3897.0,3897.0
TARDEO MUMBAI,4,4,3896.0,974.0
ROAD V V PURAM BANGALORE,13,13,3892.0,299.38461538461536
A THAKUR MALL THANE,4,4,3891.09,972.7725
SHOP BANGALORE,9,9,3891.0,432.3333333333333
BANGALOORU,5,5,3888.0,777.6
DASUYA PUNJAB TANDA,5,5,3886.52,777.304
DISTT BUXAR,3,3,3885.0,1295.0
TEMPLE ITPL MAIN RD BANGALORE,1,1,3884.0,3884.0
SALCETE MARGAO,10,10,3882.0,388.2
THANE(W),6,6,3881.0,646.8333333333334
TIRUPATI NGR THANE,2,2,3881.0,1940.5
GOREGOAN (EAST) MUMBAI,29,29,3879.27,133.76793103448276
MUMBAI (SUBURBAN),3,3,3879.0,1293.0
24 PGR NORTH,5,5,3878.21,775.642
ANDHERI RLY STN MUMBAI,6,6,3878.0,646.3333333333334
BHANDUP W BOMBAY,6,6,3877.5,646.25
NAGAR OPP ICICI BANK BANGALORE,4,4,3875.0,968.75
CHARKOP KANDIVALI W MUMBAI,4,4,3874.0,968.5
SURAT SURAT,14,14,3872.1,276.5785714285714
FATEHGARH,8,8,3871.1,483.8875
PO NR AGM DENTAL CLINIC TRIVANDRUM,2,2,3868.0,1934.0
COMPLEX ANDHERI WEST MUMBAI,14,14,3867.0,276.2142857142857
ESTATE FARIDABAD,2,2,3866.0,1933.0
DHANAPUR,3,3,3863.0,1287.6666666666667
AVANTICHOWK PANDRI RAIPUR CG RAIPUR,8,8,3858.0,482.25
NATIONAL HIGHWAY VIA SHIRSAD VIRAR,2,2,3858.0,1929.0
GHANDHINAGAR,23,23,3857.34,167.7104347826087
MODEL SCHOOL HYDERABAD,7,7,3856.02,550.86
RAIGARH PANVEL PANVEL,3,3,3853.0,1284.3333333333333
SANTOSH NAGAR GOREGAON E MUMBAI,33,33,3845.0,116.51515151515152
PARRA,3,3,3842.04,1280.68
BHARANG,2,2,3842.0,1921.0
BANGALORE URBAN,8,8,3834.6,479.325
UDAIPURA,7,7,3833.6400000000003,547.6628571428572
SANGUEM,2,2,3830.0,1915.0
SHEOHAR,9,9,3829.0,425.44444444444446
SEELAMPUR NR SUNHARI MASJID DELHI,2,2,3827.0,1913.5
NO 2 THANE WEST,5,5,3826.15,765.23
WALI GALI NEW DELHI,2,2,3826.0,1913.0
VIRAR (EAST),2,2,3826.0,1913.0
MITHAPUR,14,14,3825.6,273.25714285714287
MAYUR NAGAR GOREGAON EAST MUMBAI,10,10,3825.0,382.5
MITHAKHALI ELLISBRIDGE  AHMEDABAD,3,3,3824.68,1274.8933333333332
TECH WEB CENTER MUMBAI,12,12,3824.4700000000003,318.7058333333334
E G DIST (EAST GODAVARI),14,14,3822.35,273.025
SANGLA,13,13,3821.85,293.98846153846154
PHASE II GURGAON,9,9,3820.0,424.44444444444446
LUCKY RESTAURANT VAPI,3,3,3817.91,1272.6366666666665
W SOPARA NALLASOPARA W THANE,9,9,3816.0,424.0
KURLA ROAD SAKINAKA MUMBAI,11,11,3813.7799999999997,346.7072727272727
LUNGLEI,6,6,3813.7,635.6166666666667
BHUVAN SHIVAJINAGAR PUNE,5,5,3810.0,762.0
RESTAURANT MUMBAI,4,4,3808.0,952.0
CORPORATION VIRAR THANE,3,3,3807.92,1269.3066666666666
JOHAR,1,1,3800.1,3800.1
TIRUVALLUR CHENNAI,3,3,3800.0,1266.6666666666667
SAI,4,4,3795.0,948.75
BANDRA KURLA COMPLEX KURLA W MUMBAI,1,1,3795.0,3795.0
GHUMARWIN,15,15,3795.0,253.0
BANK OF INDIA ATM NEW DELHI,2,2,3794.0,1897.0
VANGANI E,1,1,3794.0,3794.0
WADKHAL,7,7,3793.63,541.9471428571429
MARKAPUR,7,7,3793.5,541.9285714285714
OLD GOA TISWADI,5,5,3792.0,758.4
PUNE  PUNE,5,5,3790.0,758.0
BHATKAL,5,5,3788.8,757.76
HOTEL SHUBHAM PALACE NEW DELHI,1,1,3784.0,3784.0
THURKAPALLI,27,27,3782.0,140.07407407407408
KOOTHATTUKULAM,9,9,3781.95,420.21666666666664
SANJIVANI BLD MUMBAI,1,1,3780.43,3780.43
MADIPPAKKAM,6,6,3779.65,629.9416666666667
NALASOPRA EAST,11,11,3779.0,343.54545454545456
ANDHERI(EAST) MUMBAI,2,2,3778.43,1889.215
DOMBIVALI (E) DIST-THANE,1,1,3772.42,3772.42
CIVIL LINES NORTH DELHI DELHI DELHI,3,3,3767.0,1255.6666666666667
NIZAMPET QUTUBULLAPUR KV RANGAREDDY,3,3,3766.63,1255.5433333333333
MUMBAI ANDHERI EAST,2,2,3766.3,1883.15
GROUND FLR ALLIPURAM VISAKHAPATNAM,1,1,3765.0,3765.0
KALYAN STN RD KALYAN W KALYAN,4,4,3763.2999999999997,940.8249999999999
PHASE  BANGALORE,4,4,3763.0,940.75
TA AND DIST-ANAND,8,8,3761.06,470.1325
NAMAKKAL TD,3,3,3760.0,1253.3333333333333
MALABAR HILL MUMBAI,2,2,3758.42,1879.21
ZUNHEBOTO,1,1,3756.0,3756.0
ENCLAVE HOWRAH,3,3,3753.9700000000003,1251.3233333333335
ANDHERI W,1,1,3752.0,3752.0
KAMATH HOTEL NASHIK,5,5,3752.0,750.4
PAUD ROAD PUNE,6,6,3751.95,625.3249999999999
ANDHER W MUMBAI,5,5,3750.0,750.0
VIKASNAGAR DEHRADUN,4,4,3750.0,937.5
GUJARAT BOTLLING CROSS RD AHMEDABAD,5,5,3746.0,749.2
JACOB CIRCLE SO MUMBAI,6,6,3740.0,623.3333333333334
SENAPATI BAPAT ROAD PUNE,23,23,3739.0,162.56521739130434
MARKET NASHIK,16,16,3739.0,233.6875
NASEERA BAD MASJID BHIWANDI,8,8,3738.4700000000003,467.30875000000003
WALAJA,3,3,3736.5,1245.5
CO-OPERATIVE BANK DELHI,10,10,3734.0,373.4
SAKI NAKA MUMBAI,1,1,3731.0,3731.0
NAERCOIL,2,2,3731.0,1865.5
CHOWKY MUMBAI,12,12,3726.73,310.56083333333333
A TEMPLE HYDERABAD,9,9,3726.0299999999997,414.00333333333333
AIRPORT BANGALORE,34,34,3719.63,109.40088235294118
EDAPUZA,6,6,3716.1600000000003,619.36
BAHADVR GARH,11,11,3715.48,337.7709090909091
VISAKHAPATNAM URBAN VISAKHAPATNAM,3,3,3715.0,1238.3333333333333
BRIDAGE MUMBAI,5,5,3712.49,742.4979999999999
VENKATESHWRA TEMPLE HYDERABAD,5,5,3710.0,742.0
PERAMBALUR DISTRICT,2,2,3706.0,1853.0
BANAGLORE,6,6,3704.34,617.39
MAUNATH BHANJAN,7,7,3699.0,528.4285714285714
TELIBAGH,10,10,3696.0,369.6
GUJRAT VADODARA,1,1,3695.34,3695.34
ENCLAVE ROAD SAKET NEW DELHI,1,1,3690.0,3690.0
ANJUNA,4,4,3690.0,922.5
HARIJ,16,16,3687.9,230.49375
TITWALA EAST,1,1,3686.41,3686.41
TEMPLE VASCO,7,7,3684.0,526.2857142857143
GROUND MUMBAI,1,1,3675.0,3675.0
LINE SCHOOL HYDERABAD,4,4,3670.55,917.6375
K V RANGAREDDY HYDERABAD,3,3,3670.0,1223.3333333333333
TEMPLE THANE,5,5,3667.8,733.5600000000001
ELPHISTONE ROAD MUMBAI,5,5,3667.0,733.4
SUNGHBHUM JAMSHEDPUR,8,8,3666.0,458.25
APT  MUMBAI,2,2,3665.0,1832.5
KANAKAPUR TQ RAMANAGAR,3,3,3663.96,1221.32
VIDHYALAY DAMAN,2,2,3662.0,1831.0
WALLERS RD CHINTARIPERT CHENNAI,4,4,3656.77,914.1925
TAL DIST PALGHAR,16,16,3652.3199999999997,228.26999999999998
KHAIRTAL,8,8,3650.48,456.31
POONITHURA,9,9,3650.0,405.55555555555554
OPP MEGHANA BIRYANI POINT HYDERABAD,4,4,3649.0,912.25
EXTENSION BANGALORE SOUTH BANGALORE,5,5,3649.0,729.8
TOWARDS ASHOK NAGAR HYDERABAD,3,3,3648.5,1216.1666666666667
RATAN MANDIR MUMBAI,11,11,3647.47,331.5881818181818
DADAR-WEST BHAWANI SHANKAR MUMBAI,2,2,3644.0,1822.0
SECUNDERABAD HYDERABAD SECUNDERABAD,2,2,3640.7,1820.35
AUROVILLE,6,6,3637.0,606.1666666666666
KAIMANAM THIRUVANATHAPURAM,4,4,3631.74,907.935
VADGAON,1,1,3630.0,3630.0
BUS STOP MALAD W MUMBAI,5,5,3627.0,725.4
K V RANGAREDDY VAISHALINAGAR,8,8,3626.0,453.25
CROSS LANE MUMBAI,3,3,3624.0,1208.0
FACTORY ANDHERI EAST MUMBAI,1,1,3622.4,3622.4
DIST NASHIK,15,15,3620.0,241.33333333333334
STATION SRIRAMPURAM BANGALORE,6,6,3619.0,603.1666666666666
RLY STN NAVI MUMBAI,1,1,3616.0,3616.0
TUENSANG,39,39,3615.0,92.6923076923077
PHASE-I HINJEWADI PUNE,10,10,3613.0,361.3
EAST AAREMILK COLONY MUMBAI,5,5,3610.62,722.124
TEMPLE RAJKOT,2,2,3607.0,1803.5
POST OFF NTR GARDENS HYDERABAD,3,3,3607.0,1202.3333333333333
NOWGAON,10,10,3606.29,360.629
TIJARA DISTT ALWAR BHIWADI,4,4,3605.0,901.25
COLLEGE PATNA,4,4,3597.41,899.3525
SEC 49 GURGAON,4,4,3595.0,898.75
NALASOPARA WEST,3,3,3590.51,1196.8366666666668
ROOM ELECTRONIC CITY PO BANGALORE,4,4,3586.0,896.5
GOLD 1 AND 2 MUMBAI,2,2,3583.19,1791.595
TIRUMALAGIRI HMT TOWNSHIP HYDERABAD,2,2,3583.1000000000004,1791.5500000000002
DHARMAPURI DT,3,3,3582.5,1194.1666666666667
SHERI PUNE,6,6,3582.09,597.015
IT/ITES SEZ NANAKRAMGUDA HYDERABAD,4,4,3581.2,895.3
BHIVPURI ROAD KARJAT,16,16,3580.0299999999997,223.75187499999998
NAGAR MORAR,3,3,3580.0,1193.3333333333333
VASANIYA,6,6,3577.0,596.1666666666666
HINDUPUR,6,6,3577.0,596.1666666666666
PANCHMAHAL,4,4,3576.89,894.2225
TRIPURANTHAKAM,5,5,3574.5,714.9
SWEETS KASHIPUR,2,2,3574.0,1787.0
GOPALPURI TALUKA ANJAR GANDHIDHAM,26,26,3564.7200000000003,137.10461538461539
BOISAR (W),5,5,3563.0,712.6
KOPARKAIRNE,2,2,3561.34,1780.67
MADINIPUR,18,18,3555.0,197.5
BEACH CHENNAI,6,6,3553.0,592.1666666666666
HAILAKANDI,16,16,3551.63,221.976875
BADLAPUR KULGAON THANE,14,14,3551.54,253.68142857142857
PASCHIM MEDNIPUR,2,2,3549.4,1774.7
MAHALUNGE PUNE,7,7,3547.2999999999997,506.7571428571428
PLAZA HOTEL SURAT,1,1,3543.8,3543.8
DAPODI PUNE,7,7,3543.18,506.1685714285714
THALASSERY MUNICIPALITY,9,9,3541.0,393.44444444444446
AL NAKHEEL,2,2,3540.79,1770.395
BANGALORE DIST,9,9,3535.0,392.77777777777777
KUMARAKOM,16,16,3533.0,220.8125
SINGBHUM,3,3,3532.0,1177.3333333333333
ABOVE REDWOOD FURNITURES BANGALORE,7,7,3531.0,504.42857142857144
SIRSOD,3,3,3530.0,1176.6666666666667
KARJAT,5,5,3529.9,705.98
AIT,3,3,3529.75,1176.5833333333333
NIZAMABAD BANSWADA,2,2,3527.0,1763.5
MALERKOTLA,8,8,3516.87,439.60875
NR CHUNABHATTI DEPO AND STN MUMBAI,6,6,3515.05,585.8416666666667
CHENKODI,2,2,3513.25,1756.625
2ND A CROSS BENGALURU,4,4,3509.55,877.3875
SOUTH HEDLAND,3,3,3506.0,1168.6666666666667
DIST MAHESANA,15,15,3505.83,233.722
SOUTH KONANAKE BANGALORE,10,10,3503.0,350.3
PADRA,4,4,3502.86,875.715
MILLS MUMBAI,3,3,3502.19,1167.3966666666668
EPIP AREA WHITE FIELD BANGALORE,5,5,3502.0,700.4
COMPANY THANE,15,15,3500.98,233.39866666666666
CHEM FACTORY THANE W,4,4,3500.0,875.0
NEAR RAGHU NATH MANDIR SAMALKHA,2,2,3500.0,1750.0
JAWALI,1,1,3500.0,3500.0
KADIRI,6,6,3500.0,583.3333333333334
MAHALAXMI(EAST) MUMBAI,1,1,3500.0,3500.0
TORNA GARDEN PUNE,3,3,3500.0,1166.6666666666667
OPP-KALIBARI GANGTOK,1,1,3500.0,3500.0
HUNG HOM,1,1,3500.0,3500.0
ORPINGTON,2,2,3500.0,1750.0
KALUPUR AHMEDABAD,2,2,3500.0,1750.0
BHUMI GARDEN MUMBAI,3,3,3499.14,1166.3799999999999
JHUNJHUNUN,1,1,3499.0,3499.0
LINK RD GOREGAON W MUMBAI,1,1,3499.0,3499.0
ALATHUR,1,1,3498.0,3498.0
HSP(HOSHIARPUR),1,1,3495.0,3495.0
CHUNAR,3,3,3493.1,1164.3666666666666
SHETTY ROAD NEAR RMO MUMBAI,2,2,3489.6400000000003,1744.8200000000002
HUJURNAGAR,12,12,3487.0,290.5833333333333
SAHIB STRT BANGALORE,4,4,3485.05,871.2625
HARIOM SOCIETY VIRAR W THANE,4,4,3484.0,871.0
OFFICE SALEM,2,2,3483.7000000000003,1741.8500000000001
SHRIRAMPUR,6,6,3482.1,580.35
SAHIBABAD GHAZIABAD,1,1,3481.14,3481.14
TURUVEKERE,5,5,3473.0,694.6
NAGARI,11,11,3469.2,315.3818181818182
NAGAR KOTA KOTA,1,1,3468.54,3468.54
THIRD FLOOR GURGAON,3,3,3467.7,1155.8999999999999
BAVLA AHMEDABAD,6,6,3467.58,577.93
VILLAGE KANDIVALI EAST MUMBAI,1,1,3467.0,3467.0
KUSHALNAGAR,24,24,3466.7200000000003,144.4466666666667
EAST RB MARG MUMBAI,4,4,3464.0,866.0
MAIN RD NR ASTRON CHOWK RAJKOT,1,1,3462.0,3462.0
DEVLALI NASHIK,5,5,3460.0,692.0
JAIPUR JAIPUR,3,3,3459.0,1153.0
MUMBRA THANE,12,12,3458.0,288.1666666666667
SANT KABIRNAGAR,7,7,3457.0,493.85714285714283
PACHASIL NAGAR,3,3,3455.0,1151.6666666666667
LIVERPOOL,3,3,3454.0,1151.3333333333333
INT.SCH GOVANDI MUM,2,2,3453.25,1726.625
HSR LAYOUT BANGALORE,3,3,3452.0,1150.6666666666667
EZHUMATTOOR,2,2,3452.0,1726.0
KORAMANGALAM BANGALORE,5,5,3451.0,690.2
PAREL BHOIWADA,1,1,3450.0,3450.0
JWELLERS THANE,7,7,3450.0,492.85714285714283
JANJGIR CHAMPA,4,4,3449.55,862.3875
WINES MIRJALGUDA HYDERABAD,5,5,3445.0,689.0
ROAD SAKET DELHI,1,1,3445.0,3445.0
(BENAKA MDTS) BANGALORE,20,21,3442.05,163.90714285714287
IGATAPURI DIST NASHIK NASHIK,5,5,3441.3,688.26
CHOWK PUNE-MUMBAI HIGHWAY PUNE,1,1,3437.0,3437.0
KALAMBOLI,4,4,3437.0,859.25
RENTON,3,3,3432.0,1144.0
ESTATE ANDHERI(W) MUMBAI,1,1,3430.0,3430.0
MADHURAI,4,4,3429.38,857.345
DIST ZUNHEBOTO,2,2,3429.0,1714.5
AREZZO,8,8,3427.13,428.39125
BHAYANDER ROAD THANE,6,6,3426.6,571.1
CANSAULIM,4,4,3422.0,855.5
TEHSIL-DIDIHAT PITHORAGARH,7,7,3417.7400000000002,488.24857142857144
AL NAHDA,1,1,3416.47,3416.47
GURUVAYOOR,3,3,3415.0,1138.3333333333333
ARPORA,7,7,3414.1,487.7285714285714
STATION MUMBAI,14,14,3414.0,243.85714285714286
SIDE CHENNAI,4,4,3412.24,853.06
CHIKHALI PUNE,3,3,3411.0,1137.0
KOLLAKADAVU,2,2,3408.9,1704.45
BAPATMARG LOWER PAREL WORLI MUMBAI,2,2,3406.66,1703.33
LOHARADAGA,32,32,3405.0,106.40625
CHICKMAGALUR,9,9,3405.0,378.3333333333333
CIRCLE LALBAG RD BANGALORE,8,8,3401.6,425.2
SAMITY CHANDANNAGAR,8,8,3400.0,425.0
WEST THANE MAHARASHTRA,1,1,3400.0,3400.0
TOLLYGUNGE PO TOLLYGUNGE KOLKATA,2,2,3400.0,1700.0
INORBIT MALL MALAD (W) MUMBAI,1,1,3400.0,3400.0
ASSAM NEAR SBI JORHAT,1,1,3398.0,3398.0
BANNARI AMMAN KOIL COIMBATORE,5,5,3393.0,678.6
KRISHNAGIRI DT,5,5,3391.48,678.296
AXA SIGNAL BANGALORE,1,1,3391.0,3391.0
BANDRA (W),1,1,3387.95,3387.95
KUKATPALLY BESIDE LEE PHARMA,3,3,3387.5,1129.1666666666667
NEAR POTTISRIRAMULU STREET GUNTUR,5,5,3382.0,676.4
RUKMINI COLONY ULSOOR BANGALORE,8,8,3381.0,422.625
RUIA HOUSE MUMBAI,2,2,3380.0,1690.0
SENAPATI DIST,11,11,3378.0,307.09090909090907
CHAKALA MIDC CHAKALA MIDC MUMBAI,17,17,3376.0,198.58823529411765
CLUB MIRA RD E THANE,1,1,3375.0,3375.0
PHASE-1 HINJEWADI PUNE,13,13,3372.0,259.38461538461536
MAHABNAGAR,3,3,3371.87,1123.9566666666667
ADITYA MALL GHAZIABAD,8,8,3371.66,421.4575
KARIMNAGAR DT,6,6,3371.0,561.8333333333334
4 DELHI,4,4,3370.0,842.5
MUMBAI BHANDUP COMPLEX MUMBAI,4,4,3370.0,842.5
KANKINARA,5,5,3369.64,673.928
VARCA SALCETE,3,3,3361.0,1120.3333333333333
MOHAN NAGAR CHINCHWAD,1,1,3359.0,3359.0
CHARODA,13,13,3354.0,258.0
PO NARANPURA VISTAR AHMEDABAD,4,4,3352.06,838.015
THURAVOOR,22,22,3350.7,152.30454545454543
MARIPEDA WARANGAL,1,1,3350.0,3350.0
NAGAR ANDHERI (WEST) MUMBAI,2,2,3350.0,1675.0
DHANKAWADI PUNE,2,2,3347.0,1673.5
KARBI ANGLONG,45,45,3343.0,74.28888888888889
KANCHIPURAM DIST,10,10,3342.0,334.2
MITUANI,1,1,3341.0,3341.0
IE PALGHAR,1,1,3338.13,3338.13
PENHA DE FRANCE,3,3,3337.0,1112.3333333333333
PANCH SHEEL SOC MUMBAI,7,7,3335.84,476.54857142857145
SCIENCE NAVI MUMBAI,9,9,3326.0,369.55555555555554
MUZAFFAR NAGAR,17,17,3325.59,195.6229411764706
LUDHIANAN,2,2,3320.45,1660.225
4 BUNGLOW MUMBAI,12,12,3318.0,276.5
PALIKA VAPI,13,13,3317.7,255.2076923076923
MANKAPUR NAGPUR NAGPUR,6,6,3316.7200000000003,552.7866666666667
PHUNCHAWNG,3,3,3315.0,1105.0
OPP FUN CINEMA NEW DELHI,3,3,3312.95,1104.3166666666666
TANJAVUR,4,4,3311.0,827.75
CHEMBUR TILAK NAGAR MUMBAI,8,8,3310.0,413.75
PRADESH VISAKHAPATNAM,2,2,3305.49,1652.745
NAGAR AGRA,6,6,3305.0,550.8333333333334
INDORA,2,2,3302.0,1651.0
MUNDGOD,5,5,3301.43,660.286
AMBERNATH WEST,7,7,3300.0,471.42857142857144
ALLD,1,1,3300.0,3300.0
KANDIVALI EAST MUMBAI MUMBAI,2,2,3300.0,1650.0
DAULATPUR,4,4,3300.0,825.0
KUMATA DIST,1,1,3300.0,3300.0
GODAWARI RAJAHMUNDRY,2,2,3300.0,1650.0
KAROL BAGH NEW DELHI DELHI,5,5,3300.0,660.0
KOTRI RAJSAMAND,1,1,3299.0,3299.0
BUILDING MUMBAI,10,10,3298.14,329.81399999999996
BHAYANDAR (W),10,10,3297.85,329.78499999999997
KALYAN NILJE THANE,2,2,3297.21,1648.605
ATA CHAKKI KHARAR,1,1,3297.0,3297.0
24  P G S (S),4,4,3294.0,823.5
SALAI CHENNAI,10,10,3293.0,329.3
BESIDE HYDERABAD,11,11,3290.0,299.09090909090907
SINGAPORE CHENNAI,5,5,3290.0,658.0
VILLAGE KR PURAM HOBLI BANGALORE,6,6,3284.8,547.4666666666667
NEW PANVEL MUMBAI,5,5,3282.9,656.58
OFFICE MUMBAI,5,5,3282.0,656.4
JALOUN,1,1,3280.0,3280.0
HIGHWAY AKURDI PUNE,7,7,3278.0,468.2857142857143
VASANTHNAGAR,4,4,3275.0,818.75
CHANDIGARH (UT),3,3,3274.6800000000003,1091.5600000000002
HYDERABD,2,2,3268.0,1634.0
CHAKALA MIDC MUMBAI MUMBAI,23,23,3267.0,142.04347826086956
MEMPHIS,4,4,3267.0,816.75
PERIYAR NAGAR ERODE,3,3,3263.0,1087.6666666666667
PAKALA,3,3,3261.46,1087.1533333333334
NAGAR MUMBAI ANDHERI WEST,2,2,3258.0,1629.0
HALL YAPRAL JAWAHANGR KV RANGAREDDY,8,8,3257.84,407.23
K K DIST,10,10,3256.5299999999997,325.65299999999996
KAIKINI,2,2,3255.6800000000003,1627.8400000000001
CHOWRASTA HAORA,5,5,3254.0,650.8
TIRUPPUR DISTRICT,5,5,3253.0,650.6
UKBRUL,1,1,3252.08,3252.08
VASAI VIRAR CITY (M CORP) PALGHAR,1,1,3251.04,3251.04
GARDEN JEOGESHWI (W) MUMBAI,4,4,3250.0,812.5
SAFED POOL KURLA ANDHERI RD MUMBAI,10,10,3250.0,325.0
GANDHI NAGAR EAST DELHI DELHI,3,3,3249.48,1083.16
SANKARAGUPTAM EAST GODAVARI,3,3,3247.44,1082.48
MANDIR BHIWANDI,1,1,3244.91,3244.91
MIRAJ,2,2,3240.72,1620.36
MOSES RD MAHALAXMI MUMBAI,3,3,3240.0,1080.0
CHIKALI CHIKALI  BULDHANA CHIKALI,2,2,3240.0,1620.0
HOTEL HYDERABAD,2,2,3240.0,1620.0
PUMP HINJEWADI PUNE,16,16,3238.0,202.375
VASNA,9,9,3234.0,359.3333333333333
COIMBATORE SOUTH,2,2,3233.0,1616.5
NEAR MINI MART BANGALORE,3,3,3229.0,1076.3333333333333
VENKURINNJI,1,1,3221.56,3221.56
BAKROL (PART),1,1,3220.0,3220.0
DHUPGURI,8,8,3217.75,402.21875
GAUTAMBUDDHANAGAR,4,4,3211.0,802.75
PO BHADRAKALI,16,16,3211.0,200.6875
INDIAN OIL NGR,1,1,3210.0,3210.0
THALASSERI,3,3,3204.0,1068.0
KURLA RD ANDHERI (E) MUMBAI,5,5,3204.0,640.8
BUILDING KOLKATA,9,9,3200.0,355.55555555555554
RAIPUR DIST,2,2,3200.0,1600.0
BUILDER OFFICE MUMBAI,1,1,3200.0,3200.0
DIST-SONIPAT GOHANA,1,1,3199.0,3199.0
JANGAREDDIGUDEM,3,3,3195.0,1065.0
NAGAR SION (E) MUMBAI,4,4,3194.34,798.585
PETROL PUMP AHMEDABAD,15,15,3188.5,212.56666666666666
CHIREMIRI,31,31,3188.0,102.83870967741936
NAWPARA,1,1,3185.0,3185.0
NR GAONDEVI TEMPLE NAVI MUMBAI,2,2,3180.0,1590.0
GAYATRI TEMPLE SURAT,6,6,3179.0,529.8333333333334
BASSEIN THANE,4,4,3175.34,793.835
WEST TRIPURA AGARTALA,1,1,3175.0,3175.0
BAVLA  AHMEDABAD,36,36,3172.0,88.11111111111111
CATHOLIC CHURCH PUNE,5,5,3170.4100000000003,634.0820000000001
SARUD,2,2,3163.85,1581.925
DWARKA MORH,4,4,3163.38,790.845
(KH) TAL MULSHI PUNE,4,4,3161.24,790.31
APARTMENT BANGALORE,5,5,3160.0,632.0
AMRISTSAR,5,5,3159.8,631.96
CENTRAL POST OFFICE JAVAL MUMBAI,6,6,3159.59,526.5983333333334
NEW PANVEL RAIGARH,1,1,3158.2,3158.2
MAHAPE NAVI MUMBAI,4,4,3157.9,789.475
VRINDABAN,2,2,3156.27,1578.135
AMALNER,5,5,3155.29,631.058
KOVILPATTI,10,10,3155.2,315.52
RAMNAGAR NAINITAL,3,3,3154.0,1051.3333333333333
ANIMOOR,2,2,3153.0,1576.5
SCHOOL SILCHAR,7,7,3150.13,450.0185714285714
DIST BAHARAICH,5,5,3150.0,630.0
BHAYANDER,12,12,3145.0,262.0833333333333
(BRINDA BAN ) KOLKATA,5,5,3143.0,628.6
CASTLE PANCHAVATI NASHIK,14,14,3137.0,224.07142857142858
C P NEW DELHI,8,8,3135.33,391.91625
UTTARAKHAND (PITHORAGARH),1,1,3131.0,3131.0
POST TIRUPUR,1,1,3127.5,3127.5
KOPARKHAIRANE NAVI MUMBAI,2,2,3125.79,1562.895
BAIJNATH,3,3,3125.0,1041.6666666666667
AHMEDABAD G P O AHMEDABAD,2,2,3125.0,1562.5
VANBHORI,1,1,3125.0,3125.0
KOTDWARA GARHWAL,9,9,3125.0,347.22222222222223
KRISHNAPURAM,3,3,3124.9,1041.6333333333334
MERCES TISWADI,4,4,3121.0,780.25
(SAHIBABAD) GHAZIABAD,3,3,3119.0,1039.6666666666667
TIRUCHANUR,18,18,3117.0,173.16666666666666
INDL ESTATE ANDHERI WEST MUMBAI,2,2,3116.0,1558.0
HARYANA,2,2,3114.0,1557.0
KHADAKPADA KALYAN WEST THANE,2,2,3110.8599999999997,1555.4299999999998
BAIRIYA,1,1,3110.0,3110.0
OFFICE PURBA MEDINIPUR,24,24,3103.0,129.29166666666666
SANGVI FAMOUS CHOWK PUNE,6,6,3100.02,516.67
CORPUS CHRISTI,2,2,3099.0,1549.5
WESTERN RLY WORKSHOP MUMBAI,8,8,3097.3199999999997,387.16499999999996
JHARSUGUDA,1,1,3092.3,3092.3
KALWA THANE,4,4,3092.0,773.0
VIKARABAD,6,6,3092.0,515.3333333333334
ONGOLE,5,5,3090.63,618.126
PALAKKAD DT,2,2,3089.0,1544.5
JYOTI PHULE NAGAR,5,5,3088.0,617.6
IAF AVADI CHENNAI,4,4,3088.0,772.0
PANCHAYATH PERINGANADU,3,3,3088.0,1029.3333333333333
CHAKLASI,3,3,3082.0,1027.3333333333333
MUVATTUPUZHA ERNAKULAM,2,2,3080.0,1540.0
DENKANIKOTTAI,9,9,3077.53,341.9477777777778
THAKURLI EAST THANE,10,10,3077.27,307.727
ORISSA,2,2,3074.85,1537.425
MEHENDRAGARH,2,2,3071.37,1535.685
PHURSUNGI PUNE HAVELI PUNE,11,11,3071.08,279.1890909090909
BEAWER,1,1,3068.0,3068.0
MADHAPAR (GUJARAT),5,5,3066.26,613.2520000000001
MIRA BHAYANDER,3,3,3065.9,1021.9666666666667
SHAKARPUR GANDHI NAGAR EAST DELHI,3,3,3064.87,1021.6233333333333
CENTRE MAJIWADA THANE,4,4,3064.63,766.1575
JAROD,3,3,3062.73,1020.91
BARODA VADODARA,17,17,3056.24,179.77882352941174
APOLO PHARMACY THANE WEST THANE,1,1,3054.65,3054.65
CHANGA,13,13,3053.5,234.8846153846154
CLUB SOUTH 24 PARGANAS,7,7,3053.0,436.14285714285717
COLLEGE DURGAPUR,2,2,3050.0,1525.0
CHUNABHATTI DEPO AND STN MUMBAI,7,7,3048.0,435.42857142857144
HANUMAN TEMPLE RR DIST RANGAREDDY,6,6,3045.63,507.605
DIYUN,23,23,3039.0,132.1304347826087
DOMBIVALI W MUMBAI,8,8,3036.0,379.5
ST JOSE DE AREAL,1,1,3034.5,3034.5
ALLOOR,9,9,3034.0,337.1111111111111
NEAR JOTHI THEATRE CHENNAI,6,6,3033.0,505.5
MUNCIPALCORPORATIONVIRARVASAI THANE,9,9,3032.0,336.8888888888889
NAVI DAMAN,2,2,3029.0,1514.5
SHERI TALUKA HAVELI VIMAN NGR PUNE,3,3,3026.45,1008.8166666666666
KANCHEEPURAM (NORTH) (C),2,2,3026.0,1513.0
MANIPUR IMPHAL WEST,2,2,3025.8,1512.9
DHURI DIST SANGRUR,2,2,3025.5,1512.75
SINNAR,9,9,3022.17,335.7966666666667
GANJAM-DISTRICT,2,2,3021.56,1510.78
NARASPUR,3,3,3021.34,1007.1133333333333
SUPRE STORE BANGALORE,9,9,3020.4,335.6
NABARANGPUR,13,13,3020.11,232.31615384615387
OPP SIDDHARTH COLLEGE MUMBAI,2,2,3020.0,1510.0
ARMOOR,8,8,3015.75,376.96875
KHAJURAHO,9,9,3012.0,334.6666666666667
WEST THANE KASARVADAVALI,4,4,3011.27,752.8175
MUMBAI AZAD NAGAR MUMBAI,4,4,3010.55,752.6375
ROAD NEW DELHI,4,4,3010.0,752.5
THANJORE DT,18,18,3006.0,167.0
OPPOSIETE PUNE,7,7,3003.16,429.0228571428571
SHYAMPUKUR,4,4,3003.0,750.75
KHARAG PUR,5,5,3002.33,600.466
ATM MUMBAI,1,1,3001.0,3001.0
JANDIALA GURU,1,1,3000.0,3000.0
DEEPAK HOSPITAL MIRA ROAD (E) THANE,3,3,3000.0,1000.0
ROAD MALAD (W) MUMBAI,2,2,3000.0,1500.0
NEAR POCHAMMA TEMPLE HYDERABAD,2,2,3000.0,1500.0
PANDALAM,1,1,3000.0,3000.0
KAROLEE,1,1,3000.0,3000.0
EAST SAHAR P AND T COLONY MUMBAI,1,1,3000.0,3000.0
13 GORAKHPUR,1,1,3000.0,3000.0
DHARMPUR,1,1,3000.0,3000.0
LANE BOWRAMPET HYDERABAD,4,4,3000.0,750.0
LAKDIKAPOOL HYDERABAD,1,1,3000.0,3000.0
GOPALAN LEGACY MALL BANGALORE,2,2,3000.0,1500.0
KALANAUR,1,1,3000.0,3000.0
SIMADA SURAT,1,1,3000.0,3000.0
RAILWAY TRACK CROSSING COIMBATORE,1,1,3000.0,3000.0
SHIRALA,1,1,3000.0,3000.0
GAMDI ANAND,5,5,2999.98,599.996
DIVA EAST THANE,11,11,2999.0,272.6363636363636
BIZPUR,26,26,2999.0,115.34615384615384
JALARAM STORES MUMBAI,3,3,2999.0,999.6666666666666
SOCIETY SURAT,2,2,2998.0,1499.0
VILLAGE GHATKOPAR WEST MUMBAI,1,1,2996.0,2996.0
SCHOOL PANVEL RAIGARH NAVI MUMBAI,10,10,2994.7200000000003,299.47200000000004
DHIRUBHAI LIFE SCIENCE NAVI MUMBAI,1,1,2991.28,2991.28
MEDAVAKKAM CHENNAI,9,9,2988.8,332.0888888888889
NARASINGHOME TANUKU,3,3,2987.85,995.9499999999999
SRIVILLIPUTTUR,6,6,2985.51,497.58500000000004
VADAGAON SHERI PUNE,5,5,2984.0,596.8
ELPHINSTON MUMBAI,4,4,2983.13,745.7825
AMLA,4,4,2981.08,745.27
NEAR BANSAL PHARMA TOHANA,9,9,2978.52,330.94666666666666
MULUND EAST MUMBAI,4,4,2977.88,744.47
OT CHENNAI,10,10,2977.5,297.75
ROHAN WINE SHOP MUMBAI,5,5,2976.7,595.3399999999999
SIR J J RD THANE,7,7,2976.4700000000003,425.21000000000004
DEVKHEDA,2,2,2974.5,1487.25
EAST SIANG,1,1,2974.0,2974.0
MUMBAI SUB URBAN MUMBAI,5,5,2970.31,594.062
SATAVNAGAR HADAPSAR PUNE,10,10,2970.29,297.029
MATUNGA EAST MUMBAI,1,1,2970.0,2970.0
KASAVANAHALLI BENGALURU,4,4,2966.0,741.5
ANAPARTHI MANDAL,2,2,2965.0,1482.5
KALYANI DT-NADIA,2,2,2963.0,1481.5
MANI STORE MUMBAI,2,2,2960.0,1480.0
MORVI,1,1,2960.0,2960.0
DT-KENDRAPARA,4,4,2955.0,738.75
DIST SIBSAGAR,4,4,2952.21,738.0525
PANNA,8,8,2950.0,368.75
NR POORNIMA THEATRE KALYAN WEST,1,1,2948.66,2948.66
NARDIGANJ NAWADA,20,20,2946.75,147.3375
DHARUHERA REWARI,13,13,2945.0,226.53846153846155
MUMA,1,1,2940.91,2940.91
AGRICULTURE AGARTALA,3,3,2940.0,980.0
ROAD ABOVE SUZUKI BANGALORE,5,5,2940.0,588.0
SWIMMING POOL BANGALORE,1,1,2936.0,2936.0
STANDARD CHARTERED BANK HYDERABAD,6,6,2934.0,489.0
BALLABGARH FARIDABAD,11,11,2933.0,266.6363636363636
CHENNAI VEGITABLES CHENNAI,3,3,2924.5,974.8333333333334
EMAKULAM,1,1,2923.0,2923.0
KHATIMA,4,4,2920.0,730.0
DHADKA,2,2,2919.92,1459.96
OPP AGARWAL HOS PUNE,11,11,2919.5,265.40909090909093
BANKI,6,6,2917.83,486.305
JANDIALAGURU,7,7,2913.75,416.25
DINDORI,7,7,2912.48,416.06857142857143
BANGALORE HEBBAL,5,5,2911.02,582.204
DESAI RD ANDHERI (W)MUMBAI,7,7,2911.0,415.85714285714283
MILAN INDUSTRIES KALACHOWKI MUMBAI,6,6,2908.0,484.6666666666667
UTTARAKHAND,3,3,2907.67,969.2233333333334
PRODDATUR,11,11,2905.98,264.18
NR BHATAR TRADE CENTRE SURAT,1,1,2902.0,2902.0
DARGAMITTA,7,7,2900.67,414.38142857142856
THANJAVVR,1,1,2900.0,2900.0
KHED PUNE RAJGURUNAGAR,3,3,2900.0,966.6666666666666
GUDGAON,1,1,2899.0,2899.0
ROAD EMP ID P 12002 BANGALORE,3,3,2898.38,966.1266666666667
BORDA MARGAO SALCETE,4,4,2895.34,723.835
NAGPURRASTRA,4,4,2894.51,723.6275
THIRUVALUR DT,5,5,2889.0,577.8
BYCULLA E MUMBAI,2,2,2886.3,1443.15
GUNDIYAL,4,4,2885.83,721.4575
MAVELIKKARA,2,2,2885.0,1442.5
EXTENSION BANGALORE,2,2,2883.36,1441.68
SO NERUL NODE-III THANE,1,1,2883.0,2883.0
POINT SILCHAR,3,3,2882.02,960.6733333333333
HINJEWADI -PUNE,9,9,2882.0,320.22222222222223
NIDADAVOLE,2,2,2880.0,1440.0
RANNI,8,8,2880.0,360.0
RASIPURAM,8,8,2879.48,359.935
KANGRA HP DHARAMSHALA,6,6,2876.6,479.43333333333334
NAGAR DOMBIVALI WEST THANE,2,2,2873.0,1436.5
AAKASH WINE SHOP MUMBAI,5,5,2871.49,574.298
HOSPITAL THANE WEST,6,6,2871.0,478.5
SOCIETY GATE MUMBAI,3,3,2870.0,956.6666666666666
MORIA,7,7,2869.0,409.85714285714283
KALYAN VISHNUNAGAR THANE,6,6,2868.02,478.00333333333333
VILLAGE ANDHERI E MUMBAI,1,1,2867.0,2867.0
SCHOOL CHANDNI CHOWK DELHI,3,3,2864.0,954.6666666666666
SANVORDEM,4,4,2864.0,716.0
YSR,3,3,2863.0,954.3333333333334
PIMPLE SAVDAGAR PUNE,2,2,2862.95,1431.475
WASHIM DIST,2,2,2860.0,1430.0
VANGNI W,31,31,2860.0,92.25806451612904
HALL NEAR HYDERABAD,6,6,2859.93,476.655
INDORE NEAR ICICI BANK INDORE,4,4,2857.0,714.25
"JEHANGIR HOSP, PUNE",6,6,2856.0,476.0
D MART KANJURMARG (W) MUMBAI,10,10,2852.2,285.21999999999997
NEAR TALAO NAVI MUMBAI,1,1,2852.0,2852.0
DHOOL SIRAS NEW DELHI,13,13,2850.0,219.23076923076923
MAUN,1,1,2849.0,2849.0
MOHANIA,2,2,2845.0,1422.5
RELIANCE SUPER MARKET HYDERABAD,1,1,2840.0,2840.0
SUJANPUR,2,2,2838.8599999999997,1419.4299999999998
PRATHIPADU,7,7,2835.0,405.0
BHILAI I,11,11,2833.63,257.6027272727273
BETHANY PUNE,5,5,2830.65,566.13
TIRUCHENGODE,11,11,2830.01,257.2736363636364
MANIMANGALAM,1,1,2829.0,2829.0
NERUL NR POWER HOUSE NAVI MUMBAI,22,23,2827.09,122.91695652173914
PRATTIPADU WEST GODAVARI,3,3,2827.0,942.3333333333334
TELANGANA HYDERABAD,8,8,2825.0,353.125
ANDHERI E SAKINAKA MUMBAI,3,3,2824.71,941.57
RD MALAD EAST MUMBAI,1,1,2823.5,2823.5
MURADABAD,7,7,2823.26,403.3228571428572
STREET MANNADY CHENNAI,3,3,2822.0,940.6666666666666
BHODBUNDER ROAD THANE,1,1,2820.4,2820.4
BANK NASHIK,3,3,2819.5,939.8333333333334
KAIMUR,14,14,2817.6,201.25714285714284
NARESHWARI NGR NASARAHALLI BANGALOR,3,3,2816.0,938.6666666666666
RAJAHYUNDRY,4,4,2815.0,703.75
SANTHOSH SUPER MARKET CHENNAI,2,2,2814.9,1407.45
GZBD,2,2,2812.0,1406.0
DADAR,7,7,2811.9,401.7
DIST NAVSARI,20,20,2809.01,140.4505
KHORDHA ORISSA BHUBANESWAR,8,8,2807.9,350.9875
ANGUL - ORISSA,4,4,2807.0,701.75
PUDUKKOTTAI,8,8,2806.0,350.75
HIGHWAY GOREGAON (EAST) MUMBAI,8,8,2805.0,350.625
RESI WARJE PUNE,2,2,2805.0,1402.5
FATEHNAGAR,7,7,2804.9,400.7
OFFICE GUNTUR,1,1,2804.0,2804.0
KALYAN (EAST) THANE,2,2,2801.8599999999997,1400.9299999999998
KAITHATHARA,2,2,2800.21,1400.105
NEW MILFORD,1,1,2800.0,2800.0
BANQUETS MUMBAI,1,1,2800.0,2800.0
AMBELIM,1,1,2800.0,2800.0
MOREWASTI CHIKHALI PUNE,4,4,2800.0,700.0
RAJASMAND,3,3,2799.0,933.0
CHIKHODRA,22,22,2798.0,127.18181818181819
SHANSHABAD HYDERABAD,4,4,2798.0,699.5
PETA VIJAYAWADA,2,2,2798.0,1399.0
BEVERLY PARK MIRAROAD THANE,2,2,2796.8,1398.4
N H ENGLISH SCHOO MIRA ROAD MUMBAI,2,2,2787.85,1393.925
RA PURAM,7,7,2785.0,397.85714285714283
AUTOMOBILE CENTER MUMBAI,2,2,2784.8,1392.4
VIDYANAGARA,2,2,2784.0,1392.0
STN WOC ROAD RAJAJINAGAR BANGALORE,18,18,2783.0,154.61111111111111
BASAWESHWAR NAGAR BANGALORE,6,6,2782.73,463.78833333333336
GURGAON BUNDAHERA GURGAON,7,7,2781.0,397.2857142857143
BANK NAVIMUMBAI,3,3,2776.26,925.4200000000001
SIDDHARTH NAGAR,40,40,2776.0,69.4
DHRANGADHRA,6,6,2774.3100000000004,462.38500000000005
COMPLEX LALJI PADA MUMBAI,4,4,2773.45,693.3625
PARAPALAYAM TIRUPUR,4,4,2772.17,693.0425
MULTIPLEX PUNE,7,7,2769.27,395.61
J P NGR 3RD PHASE BANGALORE,7,7,2768.0,395.42857142857144
BUTTAREDDY GUDEM,8,8,2762.65,345.33125
JANJGIR-CHAMPA,1,1,2760.0,2760.0
ROAD JAIPUR,4,4,2759.7,689.925
HARINGHATA,13,13,2754.0,211.84615384615384
LILUAH,3,3,2753.5,917.8333333333334
NR LAMBODAR BLD MUMBAI,4,4,2750.0,687.5
YANAM,4,4,2744.42,686.105
CHATRAPUR,3,3,2737.0,912.3333333333334
RAIGADH,9,9,2730.04,303.3377777777778
NICOBAR ISLANDS PORT BLAIR,3,3,2720.0,906.6666666666666
NATNAVL,8,8,2712.0,339.0
KORABUT,3,3,2711.0,903.6666666666666
MAHUWA,2,2,2708.29,1354.145
JADHAV MARG LOWER PAREL WEST MUMBAI,6,6,2708.0,451.3333333333333
SCHOOL CHAKALA ANDHERI EAST MUMBAI,42,42,2708.0,64.47619047619048
RING RD DEMLUR AREA BANGALORE,8,8,2706.76,338.345
SANTKABIR NAGAR,11,11,2705.0,245.9090909090909
OPP HDFC BANGALORE,20,20,2702.4,135.12
NAR,1,1,2700.0,2700.0
OPP UNN JAKAT NAKA SURAT,1,1,2700.0,2700.0
PAINTING AND HARDWARE MUMBAI,2,2,2700.0,1350.0
BANTWALA,6,6,2699.0,449.8333333333333
CINEMA KOLKATA,1,1,2695.0,2695.0
DARWAJA SURAT,14,14,2693.0,192.35714285714286
CHEERALA,1,1,2692.36,2692.36
DIST WEST SINGHBHUM,6,6,2691.0,448.5
VEDURUKUPPAM,3,3,2690.0,896.6666666666666
NIT FARIDABAD,2,2,2689.44,1344.72
KAURTHALA,7,7,2688.0,384.0
VIJAYNAGAR BANGALORE,4,4,2687.0,671.75
TEHRIGARHWAL,12,12,2687.0,223.91666666666666
INDIRA NAGAR THANE,1,1,2686.55,2686.55
KAVIYOOR,17,17,2686.37,158.02176470588233
OPP LAKE CITY MALL (W) THANE,4,4,2682.0,670.5
KARANJ SURAT,11,11,2680.0,243.63636363636363
BADLAPUR WEST THANE,3,3,2680.0,893.3333333333334
NAGASANDRA BANGALORE,5,5,2678.0,535.6
NIZAM PALACE KOLKATA,2,2,2678.0,1339.0
KOLLEGAL,3,3,2676.6,892.1999999999999
PRISTAGE VARACHHA ROAD SURAT,6,6,2675.9,445.98333333333335
VISHAKAPATNAM,5,5,2675.0,535.0
CONSULTANT MUMBAI,4,4,2674.0,668.5
GOZARIYA,2,2,2673.0,1336.5
KOPAR W,6,6,2672.94,445.49
PHULWARI SHARIF,3,3,2672.0,890.6666666666666
KANIYAKUMARI,6,6,2671.5,445.25
TABALPUR,2,2,2669.0,1334.5
CINEMAS GHATKOPAR W,3,3,2667.57,889.19
KHED DISTRICT PUNE PUNE,1,1,2664.81,2664.81
GANGARAMPUR,14,14,2663.0,190.21428571428572
SINDHNUR,2,2,2660.0,1330.0
QUPEM,12,12,2658.0,221.5
RD AHMEDABAD,1,1,2656.55,2656.55
OLD FARIDABAD FBD,2,2,2655.0,1327.5
STOP SECUNDERABAD,2,2,2650.45,1325.225
SADAVALI,2,2,2650.33,1325.165
NADALA,1,1,2650.0,2650.0
HIND SCHOOL BANGALORE,1,1,2650.0,2650.0
PURANPUR,4,4,2648.0,662.0
FARM OLD BOWENPALLY TIRUMALAGIRI,4,4,2646.55,661.6375
VASHI NR VASHI RLY STN NAVI MUMBAI,4,4,2645.0,661.25
NAMAKKAL (D T),3,3,2644.85,881.6166666666667
FARM ROAD ANDHERI EAST MUMBAI,4,4,2641.52,660.38
NEXT TO MANASHAKTI KENDRA PUNE,4,4,2638.0,659.5
PERNEM NORTH GOA,2,2,2637.0,1318.5
CINEMA KIRTI NAGAR NEW DELHI,6,6,2636.45,439.4083333333333
PANGADA,2,2,2636.0,1318.0
MARG SANTOSH NGR GOREGAON E MUMBAI,4,4,2635.0,658.75
DOMBIVALI WEST KALYAN,3,3,2634.63,878.21
KANND,5,5,2633.45,526.6899999999999
VILAMPUR,3,3,2633.0,877.6666666666666
80 FEET RD BANGALORE,1,1,2633.0,2633.0
BHADESAR,27,27,2628.0,97.33333333333333
B/H SHOPPER STOP BEGAMPET HYDERABAD,4,4,2626.98,656.745
SHOBHA HOSPITAL BANGALORE,3,3,2625.0,875.0
BANK ATM HYDERABAD,2,2,2623.0,1311.5
NOIDA GBN,2,2,2622.0,1311.0
HEIGHTS HYDERABAD,2,2,2620.0,1310.0
KARANTHNAGAR BANGALORE,6,6,2619.0,436.5
MATHOOR,2,2,2616.0,1308.0
POOJA PARK KAROL BAGH NEW DELHI,3,3,2616.0,872.0
WADGAONIHERI PUNE,6,6,2614.71,435.785
MINTO BRIDGE NEW DELHI,4,4,2614.0,653.5
A AND N ISLANDS,4,4,2613.0,653.25
TURBE STOR VASH-23,4,4,2613.0,653.25
KULITHALAI,4,4,2612.0,653.0
SARBERIA,25,25,2611.0,104.44
BUDH NAGAR NOIDA,4,4,2604.0,651.0
MAHUVA,9,9,2603.9,289.32222222222225
SPEYER,1,1,2602.0,2602.0
BHOGPUR,7,7,2602.0,371.7142857142857
FARRAKHABAD,5,5,2600.0,520.0
AQUEM MARGAO,3,3,2598.0,866.0
JUBBAL,7,7,2596.62,370.94571428571425
TRICHY RURAL,9,9,2595.0,288.3333333333333
BINA,7,7,2590.0,370.0
B/H ATM UNION BANK OF INDIA NASHIK,5,5,2590.0,518.0
WORLI,2,2,2589.0,1294.5
MALL MUMBAI CENTRAL MUMBAI,2,2,2589.0,1294.5
MANKHURD E MUMBAI,2,2,2588.1,1294.05
INJARAM EAST GODAVARI,2,2,2588.0,1294.0
KANKROLI,5,5,2585.0,517.0
KASAULI,2,2,2583.0,1291.5
BENGALOORE,12,12,2582.0,215.16666666666666
POOL ANDHERI E MUMBAI,4,4,2582.0,645.5
NORTH 24 PARGANA,9,9,2580.27,286.69666666666666
PAREL (E) MUMBAI,3,3,2580.2,860.0666666666666
SERILINGAMPALLY MANDAL HYDERABAD,4,4,2577.0,644.25
AMBIVLI WEST,1,1,2576.2,2576.2
DISTRICT GANJAM,5,5,2575.35,515.0699999999999
SIDHPUR,4,4,2571.5,642.875
ASSOCIATION KOLKATA,4,4,2570.0,642.5
DARBAR GORAYA,2,2,2570.0,1285.0
SAIBABA MANDIR MUMBAI,5,5,2569.0,513.8
RESIDENCY BANGALORE,4,4,2567.0,641.75
DLAPAZHA,5,5,2565.49,513.098
VETERINARY HOSPITAL GHAZIPUR,9,9,2563.0,284.77777777777777
SUB URBAN MUMBAI,19,19,2561.89,134.83631578947367
DIST UKHR UL,5,5,2560.0,512.0
SHOWROOM VIKHROLI (W) MUMBAI,3,3,2560.0,853.3333333333334
AHMEDBAD,2,2,2556.88,1278.44
MUMBAI JOGESHWARI,3,3,2554.5,851.5
TERMINAL 2 WADALA EAST MUMBAI,3,3,2554.0,851.3333333333334
CBE1,4,4,2552.0,638.0
KANDIVALI (E) MUMBAI,4,4,2551.7,637.925
KANNAPURAM,4,4,2551.0,637.75
HAVELI SOUTH OF MUTHA RIVER PUNE,10,10,2550.05,255.00500000000002
LALIT PUR,1,1,2550.0,2550.0
VISAKHAPATNAM (URBAN) VISAKHAPATNAM,3,3,2550.0,850.0
TROMBAY,1,1,2550.0,2550.0
MANGALORE TQ,2,2,2549.0,1274.5
JORABAGAN KOLKATA,2,2,2548.16,1274.08
UDUMALPET,5,5,2546.95,509.39
KHORDHA BHUBANESWAR,4,4,2542.48,635.62
MATHABHANGA,2,2,2541.0,1270.5
KAVALAPPARA PALAKKAD,6,6,2537.0,422.8333333333333
VRINDAVAN,1,1,2536.0,2536.0
ROAD KALOOR POST,8,8,2535.32,316.915
(WEST) DELHI,3,3,2535.0,845.0
RINGROAD VARTHUR HOBLI BANGALORE,4,4,2533.0,633.25
PITAMPURA,5,5,2531.0,506.2
BANGALORE NORT,6,6,2528.09,421.34833333333336
(W) MUMBAI MUMBAI,2,2,2528.0,1264.0
SUNDAR NAGAR,3,3,2526.3,842.1
J P NAGAR,3,3,2524.0,841.3333333333334
PALAKKAD DIST,2,2,2523.0,1261.5
NAGANUR,1,1,2522.0,2522.0
GOTRI ROAD BARODA,3,3,2522.0,840.6666666666666
BHAWANI CHAWK THANE,5,5,2520.0,504.0
KOTAGIRI,3,3,2519.0,839.6666666666666
EAST RIFFA,1,1,2518.81,2518.81
CHUVACHANPUR,1,1,2518.05,2518.05
EAST S O MUMBAI MUMBAI,9,9,2518.0,279.77777777777777
TUPRAN(MANDAL) MEDAK,3,3,2516.31,838.77
STATION SION MUMBAI,2,2,2515.0,1257.5
BORIVALI E,5,5,2511.96,502.392
FZCO DUBAI,1,1,2511.35,2511.35
VIKHROLI WEST MUMBAI,11,11,2510.0,228.1818181818182
INTERNATIONAL SCHOOL PUNE,7,7,2509.0,358.42857142857144
JN ABOVE REDWOOD BANGALORE,2,2,2509.0,1254.5
SECTOR 27 NOIDA,1,1,2506.0,2506.0
SEEPZ ANDHERI E MUMBAI,11,11,2504.0,227.63636363636363
24 PARGANAS NORTH,1,1,2500.0,2500.0
BHAJAN PURA DELHI,1,1,2500.0,2500.0
DISTT-FARIDABAD,3,3,2500.0,833.3333333333334
MOHALI ZIRAKPUR,1,1,2500.0,2500.0
LAXMIGANAPATHI TEMPLE RANGAREDDY,3,3,2500.0,833.3333333333334
BAGH KALINDI KUNJ NEW DELHI,1,1,2500.0,2500.0
STATION NA HYDERABAD,1,1,2500.0,2500.0
SRI HARGOBINDPUR,8,8,2500.0,312.5
S O MUMBAI MULUND WEST,1,1,2500.0,2500.0
MAHIPAL PUR,4,4,2500.0,625.0
JANDIALA AMRITSAR,1,1,2500.0,2500.0
DIST SHIMLA TEHSIL SHIMLA SIMLA,1,1,2500.0,2500.0
RINGANWADA NANI DAMAN DAMAN,1,1,2500.0,2500.0
BISHUNPUR,1,1,2499.5,2499.5
GURUKUL-DRIVE IN ROAD AHMEDABAD,5,5,2499.14,499.828
LUDHUINANA,1,1,2495.01,2495.01
S A S NAGAR MOHALI,11,11,2495.0,226.8181818181818
MAZGAON MUMBAI,1,1,2495.0,2495.0
MACHILIPATNAM,5,5,2495.0,499.0
DEONAR MUMBAI,2,2,2492.42,1246.21
PAYYAVOOR,23,23,2490.0,108.26086956521739
MUNIRABAD,2,2,2489.85,1244.925
BADSHAPUR,4,4,2489.2,622.3
DEPOT BANGALORE,6,6,2488.58,414.7633333333333
JOGESHWARI (E) MUMBAI,4,4,2488.0,622.0
KHORODI MUMBAI,13,13,2482.96,190.99692307692308
KALYAN DC THANE,3,3,2480.26,826.7533333333334
"SAFED POOL A K RD ANDHERI E,MUMBAI",4,4,2480.0,620.0
MORAR GWALIOR,3,3,2480.0,826.6666666666666
GLASGOW,7,7,2479.73,354.2471428571429
BUNK KANCHIPURAM DT,3,3,2479.2,826.4
NALASOPARA E MUMBAI,3,3,2477.33,825.7766666666666
SOPARA  MUMBAI,9,9,2477.0,275.22222222222223
THALAYOLAPARAMBU,11,11,2476.0,225.0909090909091
TECHNO SCHOOL VISAKHAPATNAM,17,17,2473.0,145.47058823529412
PAREL E MUMBAI,5,5,2470.31,494.062
KALYAN THANE THANE,10,10,2470.0,247.0
AND 15/738 HAJI ALI MUMBAI,4,4,2470.0,617.5
NAGARBHAVI BANGALORE,6,6,2468.2799999999997,411.37999999999994
BUSINESS PARK MUMBAI,5,5,2468.0,493.6
PETHAPUR GANDHI NAGAR,6,6,2467.0,411.1666666666667
INDUSTRIAL ESTATE PAREL MUMBAI,2,2,2467.0,1233.5
KHAIRTHAL,9,9,2465.53,273.9477777777778
BORAS,2,2,2465.0,1232.5
DISTRICT CUTTACK,2,2,2465.0,1232.5
JWALAPUR TEH HARIDWAR HARIDWAR,1,1,2464.88,2464.88
BIRIYANI POINT BANGALORE,22,22,2463.0,111.95454545454545
PURAPUZHA,4,4,2460.84,615.21
JAMNER,4,4,2460.12,615.03
GOWDOWN NEW DELHI,6,6,2460.0,410.0
MALKANGIRI,8,8,2457.26,307.1575
KURUM PADA,2,2,2457.0,1228.5
GANJAM O,3,3,2453.1800000000003,817.7266666666668
PALA KOTTAYAM,4,4,2452.01,613.0025
JANJGIR,8,8,2451.0,306.375
ROUTA PURNEA,15,15,2451.0,163.4
MEDEK,2,2,2450.0,1225.0
PHATA NASHIK,5,5,2447.0,489.4
MATHTHIGATTI,4,4,2445.0,611.25
PUMP MHAPE NAVI MUMBAI,5,5,2442.0,488.4
HAVELI PUNE,3,3,2442.0,814.0
SWAMY TEMPLE GUNTUR,1,1,2441.0,2441.0
SANGHA KOLKATA,4,4,2441.0,610.25
BORIVALI (W) MUMBAI,8,8,2441.0,305.125
RD ABOVE SUZUKI SHOWROOM BANGALORE,12,12,2440.4,203.36666666666667
NEAR SPINE CITY MALL PUNE,1,1,2440.0,2440.0
VILLAGE SAKINAKA  MUMBAI,6,6,2439.55,406.5916666666667
NALLASOPARA (EAST),6,6,2439.08,406.5133333333333
CHINSURAH,6,6,2439.0,406.5
CLINIC BHIWANDI,1,1,2434.0,2434.0
GAUTAMBUDDHA NAGAR,3,3,2431.0,810.3333333333334
BOUDH,2,2,2430.0,1215.0
BHEL,1,1,2429.1,2429.1
RANGA REDDY DIST,10,10,2428.76,242.87600000000003
KALIDAS NAGAR,3,3,2428.0,809.3333333333334
KOKANRATNA HOTEL KALYAN WEST,1,1,2427.0,2427.0
AZAWL,1,1,2426.22,2426.22
BURLI,11,11,2425.0,220.45454545454547
LT DEPT THANE,1,1,2423.3,2423.3
DAVORLIM,4,4,2421.0,605.25
MASTKHALANDAR RESTAURANT BANGALORE,3,3,2420.0,806.6666666666666
VIDYANJALI SCHOOL BANGALORE,3,3,2418.0,806.0
CHANDIWALA ESTATE KALKAJI,14,14,2416.0,172.57142857142858
GOLDEN AC TEMPLE MUMBAI,2,2,2416.0,1208.0
KAMALA NURSING HOME VISAKHAPATNAM,1,1,2416.0,2416.0
MAHALAXMI (W) MUMBAI,3,3,2415.0,805.0
COLONY KHAMTARAI 2 KHAMTARAI RAIPUR,8,8,2413.0,301.625
TEZPUR SONITAPUR,4,4,2412.94,603.235
TOWNSHIP KOLKATA,24,24,2412.75,100.53125
TIRUKOILUR,2,2,2412.0,1206.0
YEDTHARE,3,3,2410.45,803.4833333333332
CHELGAL,2,2,2410.0,1205.0
NIZAMPATNAM,3,3,2406.94,802.3133333333334
KULATHOOR,13,13,2404.0,184.92307692307693
GOREGAON WEST-MUMBAI,2,2,2404.0,1202.0
SALEEM DS,6,6,2402.48,400.41333333333336
DOMBIVLI E THANE,3,3,2402.0,800.6666666666666
BLDG ANDHERI EAST MUMBAI,2,2,2402.0,1201.0
CINEMA CHEMBUR MUMBAI,2,2,2400.0,1200.0
JOGESHWARI-E-MUMBAI,2,2,2400.0,1200.0
SAMITY RANCHI,2,2,2400.0,1200.0
BAKERY NAVI MUMBAI,1,1,2400.0,2400.0
DAV PUBLIC SCHOOL HYDERABAD,1,1,2400.0,2400.0
ABHUDAYA BANK NEW PANVEL,1,1,2399.0,2399.0
MYSURU CITY,1,1,2397.72,2397.72
NR BUDHA MANDIR MUMBAI,9,9,2397.18,266.3533333333333
CENTER SANT NAGAR PUNE,5,5,2397.0,479.4
MHOLEL,11,11,2394.0,217.63636363636363
RAYAMANGALAM,4,4,2391.4,597.85
CINEMA DELHI,3,3,2391.1400000000003,797.0466666666667
CHANGANACHERRY,10,10,2389.9,238.99
ANANDPURR SAHIB,3,3,2389.4,796.4666666666667
GHODBUNDER ROAD THANE,5,5,2389.0,477.8
EDARAPALLI,10,10,2386.0,238.6
AMALAPURAM,8,8,2385.6,298.2
SHEETHAL BHIWADI,1,1,2385.0,2385.0
PAZHAYANNUR,2,2,2382.5,1191.25
KAITHAL KAITHAL,3,3,2381.0,793.6666666666666
GATE SAHAKARNAGAR BANGALORE,5,5,2380.0,476.0
SAMASTIPUR SAMASTIPUR,3,3,2380.0,793.3333333333334
BATHINDA CANTT,6,6,2378.8,396.4666666666667
SIANA,5,5,2376.0,475.2
ABOVE TOTAL SUPERSTORE BANGALORE,2,2,2376.0,1188.0
HDFC BANK BANGALORE,1,1,2375.0,2375.0
OPP ANTOPHILL FIRE BRIGADE MUMBAI,3,3,2373.06,791.02
NAGDA UJJAIN DIST,2,2,2372.63,1186.315
GARDEN WEST DELHI,14,14,2370.0,169.28571428571428
VADTHAL,1,1,2368.92,2368.92
NELLORE-II(U) NELLORE,2,2,2365.0,1182.5
PARAVUR,4,4,2363.45,590.8625
GARHWAL TEHRI,7,7,2363.0,337.57142857142856
SOUTH SIKKIM,3,3,2360.9300000000003,786.9766666666668
DIST. AHMEDABAD,1,1,2358.0,2358.0
SEMORE,8,8,2354.6,294.325
RING RD DEVERABESANAHALLI BANGALORE,6,6,2353.0,392.1666666666667
TIRUCHIRAPALLI DISTRICT,7,7,2351.22,335.8885714285714
TARAORI,7,7,2349.16,335.5942857142857
BULSAR VALSAD,5,5,2348.41,469.68199999999996
HRODYLYA HOSPITAL JAMESHEDPUR,2,2,2347.0,1173.5
MANARCADU,4,4,2347.0,586.75
ANDHERI E B/H AKRUTI STAR MUMBAI,7,7,2345.26,335.0371428571429
TUNI EAST GODAVARI,13,13,2342.1800000000003,180.16769230769233
QURESHI ELECTRICITY WORKS NEW DELHI,2,2,2340.5,1170.25
JIRANIA,1,1,2340.0,2340.0
ELPHINSTONE ROAD WEST MUMBAI,1,1,2340.0,2340.0
SHIVAJI NAGAR MUMBAI,11,11,2336.0,212.36363636363637
NAGALAND,4,4,2335.0,583.75
KANNR DIST,4,4,2330.92,582.73
PANTALOOMS MUMBAI,1,1,2330.0,2330.0
ARIYAPPAPURAM,5,5,2329.0,465.8
BADLAPUR(E),4,4,2328.29,582.0725
BANSGAON,8,8,2328.0,291.0
KALYAN-W,1,1,2327.9,2327.9
PALPA,6,6,2327.0,387.8333333333333
MOHALI MOHALI,1,1,2326.46,2326.46
RASULIYA,3,3,2326.0,775.3333333333334
JAMBUDA,1,1,2324.45,2324.45
TALAV VIRAR (EAST) THANE,2,2,2324.26,1162.13
CHAPAD,6,6,2318.0,386.3333333333333
KONDA VIJAYAWADA,1,1,2317.0,2317.0
KOTESHWARA,1,1,2316.0,2316.0
NAGAR KANPUR,16,16,2315.0,144.6875
NAMAN PLAZA MUMBAI,2,2,2315.0,1157.5
OPP TO YES BANK BANGALORE,3,3,2313.0,771.0
K R PURAM BANGALORE,4,4,2310.0,577.5
CHICKMAGALORE,14,14,2310.0,165.0
THANE KALYAN D C THANE,13,13,2308.0,177.53846153846155
BODI,3,3,2308.0,769.3333333333334
NORTH 24 PARGANAS JYANGRA,4,4,2307.0,576.75
BUS DEPOT BORIVALI (E) MUMBAI,2,2,2306.9,1153.45
AIRPORT RD EMP IN P11875 BANGAORE,42,42,2303.0,54.833333333333336
NEAR HITEXEXBITION CENTER HYDERABAD,1,1,2302.0,2302.0
EAST CHAKALA MIDC MUMBAI,5,5,2301.45,460.28999999999996
MEERUT CITY,11,11,2301.38,209.21636363636364
OFF BKC MUMBAI,3,3,2300.26,766.7533333333334
VILLAGE MALAD E  MUMBAI,1,1,2300.0,2300.0
PARK SOC SURAT,1,1,2300.0,2300.0
KADUTHURUTHY,1,1,2300.0,2300.0
MANIGACHHI,1,1,2300.0,2300.0
SAHARANPUR SAHARANPUR,1,1,2299.0,2299.0
RANAPRATAP NAGAR NAGPUR,1,1,2298.85,2298.85
LINGAMGUNTLA GUNTUR,2,2,2298.0,1149.0
MH 06 KHARAGPUR,1,1,2296.0,2296.0
NARELA DELHI,2,2,2295.0,1147.5
VILE PARLE EAST,2,2,2295.0,1147.5
MANAVADAR,9,9,2294.0,254.88888888888889
PATHAYELLAPUR,2,2,2290.0,1145.0
PARK TIRUPATI,1,1,2286.0,2286.0
THA THANE,2,2,2285.9300000000003,1142.9650000000001
HOTEL BANGALORE,4,4,2285.58,571.395
E MOSES ROAD MAHALAXMI MUMBAI,5,5,2285.5,457.1
MILITARY SCHOOL,2,2,2284.0,1142.0
SIMLA,1,1,2283.0,2283.0
BILARA,2,2,2282.0,1141.0
CHOWK SHIMPOLI MUMBAI,7,7,2278.58,325.51142857142855
BAPAT MARG LOWER PAREL,1,1,2275.0,2275.0
DOMBIVALI WEST THANE,1,1,2275.0,2275.0
BELAUKH,1,1,2274.89,2274.89
CIRCLE KATARGAM SURAT,1,1,2273.84,2273.84
NAMCHI,1,1,2272.0,2272.0
QUEPEM GOA,1,1,2269.95,2269.95
BELLENDUR POST BANGALORE,5,5,2268.0,453.6
CENTRE VIJAYAWADA,1,1,2268.0,2268.0
NAVI KOPAR KHAIRANE,6,6,2267.74,377.95666666666665
VEDASANDUR,12,12,2266.0,188.83333333333334
T-3 NEW DELHI,9,9,2265.0,251.66666666666666
MADHUPARK ROAD MUMBAI,2,2,2262.87,1131.435
DOMBIVALI-W,1,1,2261.0,2261.0
GOPALPURI TALUKA-ANJAR GANDHIDHAM,17,17,2261.0,133.0
PURAM HOBLI BANGALORE,4,4,2260.0,565.0
BALLABGHAR,12,12,2258.0,188.16666666666666
NEW CANTT ALLAHBAD,6,6,2258.0,376.3333333333333
UDALI KHURD,1,1,2256.0,2256.0
RAMDEV TEMPLE RANGAREDDY,1,1,2254.64,2254.64
GURGAON WEST,9,9,2254.11,250.45666666666668
THIRUNINRAVAR,1,1,2254.0,2254.0
SHOW ROOM RAJKOT,8,8,2250.0,281.25
BELLANDUR POST BANGALORE,2,2,2247.1499999999996,1123.5749999999998
ALPPEY,3,3,2247.0,749.0
VALAVANNOOR,4,4,2246.95,561.7375
GUNJAN GIDC VAPI VAPI,3,3,2244.91,748.3033333333333
RISHRA,2,2,2244.0,1122.0
KANYAKUMARI DT,4,4,2243.0,560.75
SAPROON SOLAN,2,2,2240.0,1120.0
AKSHAYA NAGAR,1,1,2240.0,2240.0
NO 1 BANJARA HILLS HYDERABAD,5,5,2237.42,447.48400000000004
VILLAGE MALAD EAST MUMBAI,3,3,2235.82,745.2733333333334
PALLA,10,10,2233.0,223.3
JINDWARI,1,1,2233.0,2233.0
PART VISAKHAPATNAM,12,12,2223.0,185.25
SAN JOSE,3,3,2220.53,740.1766666666667
OLD PANVEL,4,4,2220.0,555.0
SRIKALAHASTI,13,13,2217.0,170.53846153846155
KV RANGAREDDY,11,11,2212.0,201.0909090909091
KUNDAPURA,4,4,2211.8,552.95
NEW NARODA HANSPURA AHMEDABAD,3,3,2211.49,737.1633333333333
CHILIMBI MANGALORE,2,2,2210.0,1105.0
MORMUGAO SOUTH GOA,10,10,2210.0,221.0
FARIDABAD FARIDABAD,6,6,2210.0,368.3333333333333
CHARTERED BANK SOMAJIGUDA HYDERABAD,3,3,2209.0,736.3333333333334
ANDHERI E,4,4,2207.11,551.7775
NR HANUMAN TEMPLE HYDERABAD,2,2,2207.0,1103.5
CHITTATTUKARA,34,34,2207.0,64.91176470588235
NEW LINK ROAD ANDHERI (W) MUMBAI,3,3,2205.0,735.0
MALAD WEST DELY WEST MUMBAI,5,5,2204.0,440.8
ROHAN,1,1,2204.0,2204.0
NO3 MUMBAI,2,2,2203.0,1101.5
MITAI BANDAR HYDERABAD,3,3,2202.0,734.0
KAVANAD,3,3,2201.0,733.6666666666666
MUMMALLAPALLE,2,2,2200.0,1100.0
MUNNAR,4,4,2200.0,550.0
ROPNAGAR,1,1,2200.0,2200.0
EDUCATIONAL SOCIETY HYDERABAD,1,1,2200.0,2200.0
KASARGODE (DIST),4,4,2198.7,549.675
DASPUR II,2,2,2198.0,1099.0
HALL OPP JEHANGIR HOSPITAL PUNE,3,3,2197.0,732.3333333333334
DIST KOTA,2,2,2193.94,1096.97
KHONGJOM,1,1,2193.0,2193.0
SADAR,2,2,2192.7200000000003,1096.3600000000001
THEATRE LBS MARG GHATKOPAR W MUMBAI,1,1,2191.4,2191.4
PICKET CIRCLE HYDERABAD,1,1,2189.89,2189.89
MANNADY CHENNAI,3,3,2188.0,729.3333333333334
RBI GANGTOK,5,5,2187.0,437.4
BAGPAT,8,8,2184.92,273.115
BARELLIY,3,3,2184.8,728.2666666666668
KAUSHMBI,2,2,2183.02,1091.51
NERUL NAVI MUMBAI,9,9,2181.7,242.4111111111111
RAS AL KHAIMAH,3,3,2175.35,725.1166666666667
HOUSE BACK SIDE NEW DELHI,3,3,2174.0,724.6666666666666
HILL MUMBAI,6,6,2172.0,362.0
HUZUR,6,6,2171.4,361.90000000000003
DEBNAGAR,2,2,2170.0,1085.0
BOKO,42,42,2168.0,51.61904761904762
FARM GR NOIDA,2,2,2166.0,1083.0
MOHALI SAS NAGAR,2,2,2164.75,1082.375
NANDIVALI KALYAN EST,5,5,2164.1,432.82
CIRCLE ST THOMAS TOWN PO BANGALORE,4,4,2164.0,541.0
HIGHWAY UNAVA UNJHA UNJHA,2,2,2164.0,1082.0
KARUVAMBARAM,1,1,2163.0,2163.0
EDAICODE,3,3,2162.0,720.6666666666666
VIDYAMANDIR SOUTH 24 PARGANAS,5,5,2160.0,432.0
MULUND E  MUMBAI,3,3,2160.0,720.0
LATHUR,5,5,2159.3,431.86
BAHULA NASHIK,1,1,2155.99,2155.99
C/O VISHAL SANCHETI KOLKATA,2,2,2151.0,1075.5
DISTRICT GWALIOR,7,7,2150.0,307.14285714285717
ZIRA,4,4,2145.0,536.25
KOZHENCHERRY,3,3,2144.69,714.8966666666666
NAGAR PADA NO 4 THANE WEST THANE,14,14,2144.41,153.17214285714286
NAVI MUMBAI VASHI,3,3,2143.84,714.6133333333333
W G DISTRICT (WEST GODAVARI),4,4,2143.0,535.75
NAMAKKAL (DT),5,5,2138.0,427.6
SIGNAL SION-E MUMBAI,1,1,2135.0,2135.0
GANGAPUR CITY,3,3,2133.0,711.0
CHIRAG MOTORS SION E MUMBAI,7,7,2133.0,304.7142857142857
BONASOLA,1,1,2130.0,2130.0
CUDDALORE DIST,18,18,2127.84,118.21333333333334
BELAPUR,1,1,2126.0,2126.0
DISTT NASHIK NASHIK,1,1,2125.65,2125.65
SUBURBAN MUMBAI,8,8,2123.7,265.4625
IDUKKI DIST,2,2,2114.0,1057.0
WATER PARK-THANE W,3,3,2109.65,703.2166666666667
GHATKESAR,7,7,2108.7799999999997,301.2542857142857
KALYAN TILAKNAGAR THANE,1,1,2105.64,2105.64
VERNA CITY,6,6,2105.0,350.8333333333333
METRO STATION DELHI,6,6,2104.5,350.75
HIGH STREET PHOENIX MUMBAI,1,1,2104.0,2104.0
OMAXE GURGAON,1,1,2101.0,2101.0
SCHOOL ALIGARH,3,3,2101.0,700.3333333333334
GAUTAM BUDDHA NGR,1,1,2100.0,2100.0
KANSHIRAM NAGAR,6,6,2100.0,350.0
GOSSAIPUR,1,1,2100.0,2100.0
NEAR RAILWAY PALTFORM NO 1 THANE,3,3,2100.0,700.0
CHANOD VAPI,2,2,2100.0,1050.0
ULHASNAGAR THANE,3,3,2100.0,700.0
SURYAPETA NALGONDA DIST,1,1,2100.0,2100.0
NAGPUR-1 NAGPUR,5,5,2100.0,420.0
SIRSALA,9,9,2100.0,233.33333333333334
EAST GANGTOK,1,1,2099.0,2099.0
PHENSONG,1,1,2098.0,2098.0
HEALTH CLUB HOSHANGABAD,1,1,2097.14,2097.14
CHHIBRAMAU,2,2,2097.0,1048.5
MUMBAI MAHIM WEST,2,2,2095.0,1047.5
GRAETER NOIDA,3,3,2093.0,697.6666666666666
AUTO GUARAGE THANE,4,4,2092.9700000000003,523.2425000000001
AIROLI MUMBAI,5,5,2092.0,418.4
BEGAMWADI RING RD SURAT SURAT,2,2,2088.0,1044.0
VAPADA,2,2,2086.0,1043.0
NOKRA,5,5,2085.3,417.06000000000006
AMBALACANTT,1,1,2082.0,2082.0
THERKU VENGANALLUR,1,1,2081.59,2081.59
NAWALPARASI,18,19,2078.0,109.36842105263158
EDINBURGH,1,1,2078.0,2078.0
KATTUPAKKAM,2,2,2077.26,1038.63
MIRABHAYANDER THANE MIRA ROAD,14,14,2077.19,148.37071428571429
VIDHYALAY KOLKATA,9,9,2076.75,230.75
KANCHEEPURAM TK AND DT,23,23,2076.0,90.26086956521739
THANE MIRA ROAD THANE,13,13,2076.0,159.69230769230768
NEYVELI TS,6,6,2074.0,345.6666666666667
SHOP KOLKATA,2,2,2074.0,1037.0
KURICHI,3,3,2073.5,691.1666666666666
MADURAI CITY,6,6,2073.0,345.5
GANJAM DISTRICT,3,3,2073.0,691.0
NARMADA,3,3,2072.8,690.9333333333334
KHANDESHWAR,2,2,2072.0,1036.0
GOLLAPELLY,5,5,2071.52,414.304
BAZAAR KANDIVALI WEST MUMBAI,1,1,2071.0,2071.0
NR MAHABALESHWAR HOTEL PUNE,1,1,2071.0,2071.0
"SURYAPET,NALGONDA(DIST)",1,1,2070.0,2070.0
TEMPLE NAVI MUMBAI,1,1,2068.85,2068.85
LINK ROAD ANDHERI MUMBAI,1,1,2067.9,2067.9
DHAISAR EAST,2,2,2067.0,1033.5
ARAKONAM,1,1,2067.0,2067.0
GARDEN BORIVALI E MUMBAI,1,1,2066.0,2066.0
BANGLOWS RAJKOT,3,3,2065.05,688.35
BANLA DIST,6,6,2063.1,343.84999999999997
HANUMAN MANDIR BHIWANDI,1,1,2062.97,2062.97
NAMAKKAL TK DT,4,4,2062.27,515.5675
SHAHDARA S O EAST DELHI,9,9,2061.66,229.07333333333332
DISTRICT-RANCHI,3,3,2060.7799999999997,686.9266666666666
MAYUR HOTEL NAVI MUMBAI,1,1,2060.0,2060.0
DURGA LODGE THANE,2,2,2060.0,1030.0
NR  CYCLE SHOP BANKURA,6,6,2054.6,342.43333333333334
OFF HAL AIRPORT BANGALORE,2,2,2050.0,1025.0
RAMANATHAPURAM DT,3,3,2050.0,683.3333333333334
TAL DIST BHIND,9,9,2050.0,227.77777777777777
BHIMPUR,11,11,2048.0,186.1818181818182
THRUVANNAMALAI,7,7,2047.8,292.54285714285714
SUBURBAN TEHSIL BORIVALI MUMBAI,1,1,2047.2,2047.2
ROAD MUMBAI CHAKALA MIDC MUMBAI,12,12,2046.95,170.57916666666668
KHARSWAN,3,3,2045.32,681.7733333333333
HIGH SCHOOL BANGALORE,1,1,2045.0,2045.0
TALAKAVERI BANGALORE,5,5,2044.0,408.8
STADIUM PUNE,5,5,2044.0,408.8
STATUE SECUNDERABAD,7,7,2042.6,291.8
KARU VARAKUNDU,4,4,2041.73,510.4325
BULANDSHAR,4,4,2040.94,510.235
TAL PALGHAR DIST PALGHAR,1,1,2040.0,2040.0
MARG LOWER PAREL,1,1,2038.81,2038.81
KADMA,2,2,2038.0,1019.0
CHANDRAPUR (MH) CHANDRAPUR,5,5,2038.0,407.6
NAIHATI 24PGS NORTH,2,2,2038.0,1019.0
DINDIGUL DISTRICT,6,6,2036.0,339.3333333333333
KORAMANGLA 1ST BLOCK BANGALORE,1,1,2034.32,2034.32
SANJAN,2,2,2034.0300000000002,1017.0150000000001
BHAYA SONPUR,3,3,2031.0,677.0
AHMADPUR,1,1,2030.0,2030.0
DAMODAR HALL VASAI PALGHAR,4,4,2027.0,506.75
AMBALAL DOSHI MARG FORT MUMBAI,1,1,2025.27,2025.27
BHAYANDAR E,2,2,2024.44,1012.22
AMBAWADI,6,6,2023.8200000000002,337.30333333333334
PONNAGAR TRICHY,1,1,2022.0,2022.0
ERNAKULAM DIST,2,2,2022.0,1011.0
CROSS BANGALORE,6,6,2020.0,336.6666666666667
DEVERABE SANAHALLI VILL BANGALORE,6,6,2019.13,336.5216666666667
GHODBUNDER ROAD THANE W THANE,2,2,2019.0,1009.5
MEGHPAR BORICHI,4,4,2019.0,504.75
DIGHI PUNE,6,6,2019.0,336.5
GRAMMER HIGH SCHOOL HYDERABAD,2,2,2019.0,1009.5
MANDALGARH,2,2,2017.2,1008.6
AND LANCO HILLS HYDERABAD,1,1,2015.0,2015.0
PADANAKKARA,3,3,2014.79,671.5966666666667
SECUDERABAD,10,10,2013.0,201.3
FACTORY BANGALORE,3,3,2012.5,670.8333333333334
NEVILLEHOUSE MUMBAI,3,3,2010.95,670.3166666666667
SHANIVARASANTHE,14,14,2010.0,143.57142857142858
MOSABANI,5,5,2009.0,401.8
BUNK KANCHIPURAM-DISTRICT,9,9,2007.0,223.0
KRISHNARAJPET,9,9,2005.0,222.77777777777777
SOHANA,11,11,2003.0,182.0909090909091
MIDC NAGPUR,1,1,2002.0,2002.0
DELHI CANTT,1,1,2002.0,2002.0
PATANCHERU HYDERABAD,2,2,2002.0,1001.0
HAARLEM,2,2,2001.01,1000.505
STATION ELPHINSTONE ROAD MUMBAI,2,2,2001.0,1000.5
NALASOPARA E,1,1,2000.0,2000.0
NAGAR (MOHALI) KURALI,2,2,2000.0,1000.0
HILLS HYDERABAD,2,2,2000.0,1000.0
BEHIND PROFESSIONAL COURIER HOSUR,1,1,2000.0,2000.0
WALCHANDNAGAR,1,1,2000.0,2000.0
APRA,1,1,2000.0,2000.0
EMPORIUM MUMBAI,2,2,2000.0,1000.0
JOGESHWARI E MUMBAI,3,3,2000.0,666.6666666666666
BHAYANDAR,1,1,2000.0,2000.0
PARK BORIVALI WEST MUMBAI,1,1,2000.0,2000.0
19D VASHI NAVI MUMBAI,1,1,2000.0,2000.0
A GHATKOPAR WEST MUMBAI,1,1,2000.0,2000.0
DINDIGUAL,2,2,2000.0,1000.0
CLINIC GURGAON,2,2,2000.0,1000.0
BLK JAKKASANDRA BANGALORE,1,1,2000.0,2000.0
DOKIPARRU,2,2,2000.0,1000.0
ROAD GUNJAN VAPI VAPI,2,2,2000.0,1000.0
BADULI SAHARANPUR,1,1,2000.0,2000.0
LAXMI NAGAR HYDERABAD,1,1,2000.0,2000.0
BIG BAZAR BANGALORE,1,1,2000.0,2000.0
SADARAMANGALA BANGALORE,1,1,1999.0,1999.0
RAILWAY STATION (ASSAM) DIBRUGARH,4,4,1998.37,499.5925
MAKARABA AHMEDABAD,3,3,1998.0,666.0
SEVALIA,2,2,1997.2,998.6
S K NAGAR,12,12,1997.0,166.41666666666666
OLD GOA,5,5,1997.0,399.4
SANGHA CLUB HOOGHLY,1,1,1995.0,1995.0
BORIVALI MUMBAI,2,2,1995.0,997.5
SCHOOL SIBSAGAR,1,1,1994.02,1994.02
NARENDRA NAGAR TEHRI GARHWAL,2,2,1994.0,997.0
ERANDWANE PUNE,2,2,1993.0,996.5
LAYOUT BANGALORE NORTH,7,7,1993.0,284.7142857142857
NEAR BOMBAY BAZAAR MUMBAI,2,2,1990.0,995.0
SAROOP NAGAR AZAD PALACE DELHI,1,1,1990.0,1990.0
DUTTA LANE BIRENDRA APPT SILCHAR,1,1,1990.0,1990.0
TILAK NAGAR CHEMBUR,6,6,1985.0,330.8333333333333
KASAGANJ,2,2,1985.0,992.5
PATRATUR,11,11,1983.0,180.27272727272728
RAIGAD NAVI MUMBAI,2,2,1983.0,991.5
KODAMBAKKAM,7,7,1983.0,283.2857142857143
PERTH,1,1,1980.0,1980.0
JANDALI,2,2,1977.0,988.5
VIRUDHU NAGAR,7,7,1976.0,282.2857142857143
OKALIPURAM PETROL BANK BANGALORE,2,2,1975.0,987.5
NR ACCENTURE PUNE,3,3,1974.0,658.0
BRAJARAJNAGAR,1,1,1973.57,1973.57
KALYAN-THANE,2,2,1973.0,986.5
RAHON,1,1,1970.0,1970.0
SHREYAS CINEMA GHATKOPAR W MUMBAI,2,2,1970.0,985.0
WEST FASHION LOOK CHENNAI,2,2,1970.0,985.0
ANDHERI (WEST)  MUMBAI,1,1,1970.0,1970.0
WILSON GARDEN BANGALORE,5,5,1970.0,394.0
ESANTHIMANGALAM,13,13,1968.75,151.44230769230768
NALAGONDA DISTRICT,1,1,1968.0,1968.0
VISAKAPATNAM DIST,5,5,1967.0,393.4
LAKE CITY MALL W THANE,10,10,1965.2,196.52
HOME ALIGARH,2,2,1964.0,982.0
MAYYIL,1,1,1962.0,1962.0
HR SEC SCHOOL SALEM,2,2,1961.65,980.825
MANAPAKKAM,7,7,1961.0,280.14285714285717
NEW COLONY DHANBAD,1,1,1960.53,1960.53
SION HOSPITAL MUMBAI,2,2,1960.0,980.0
DISTT MUMBAI MUMBAI,4,4,1960.0,490.0
CYBERABAD,2,2,1958.0,979.0
PUNE DIGHI CAMP PUNE,6,6,1957.0,326.1666666666667
DOMBIVALI (EAST) KALYAN THANE,5,5,1956.0,391.2
KUTTAMPUZHA,2,2,1956.0,978.0
MUNNAR PANCHAYATH,7,7,1956.0,279.42857142857144
JOGESHWARI (WEST) MUMBAI,3,3,1954.0,651.3333333333334
SMARAK NAGPUR,2,2,1950.0,975.0
VANGOAN,2,2,1949.0,974.5
BH SRUNGERI SERVICE STATION,1,1,1947.0,1947.0
ALIGANJ,2,2,1945.7599999999998,972.8799999999999
HINGANGHAT DIST WARDHA,4,4,1945.54,486.385
HYDERABAD RANGAREDDY,3,3,1936.6,645.5333333333333
GOLDSMITH SCHOOL SOUTH 24 PARGANAS,31,31,1936.0,62.45161290322581
DUNDAHERA GHAZIABAD,3,3,1935.0,645.0
WORKS AHMEDABAD,7,7,1935.0,276.42857142857144
DOMBIVALI E THANE,10,10,1934.15,193.41500000000002
AMBATHUR CHENNAI,1,1,1934.0,1934.0
TALUKA KHED DIST PUNE RAJGURUNAGAR,7,7,1931.94,275.99142857142857
C GURGAON,1,1,1928.24,1928.24
HADAPSAR PUNE CITY PUNE,5,5,1925.7,385.14
RIFFA,3,3,1924.0,641.3333333333334
MAHENDER GARH,10,10,1922.95,192.29500000000002
HOSPITAL MIRAROAD EAST THANE,10,10,1922.0,192.2
PANTI,4,4,1920.0,480.0
PUNJAB NANGAL,3,3,1920.0,640.0
MUDHICHUR CHENNAI,1,1,1917.0,1917.0
MATHURA ROAD FARIDABAD,3,3,1917.0,639.0
PANCHAMAHAL,2,2,1914.65,957.325
W OPP PENINSULA CORP PARK MUMBAI,2,2,1913.0,956.5
DEPT SILCHAR,9,9,1911.0,212.33333333333334
KOVILAMBAKKAM CHENNAI,1,1,1910.0,1910.0
TIRPUR,2,2,1908.0,954.0
MUMBAI KANDIVALI EAST MUMBAI,3,3,1907.6,635.8666666666667
I E BHILAI DURG,1,1,1907.0,1907.0
CHINCHINIM,2,2,1907.0,953.5
DHAMLEY,17,17,1906.0,112.11764705882354
WALLISELLEN,7,7,1904.38,272.05428571428575
SAKAKA,2,2,1904.0,952.0
NANDGAON,14,14,1902.03,135.8592857142857
DEHGAM,12,12,1901.0,158.41666666666666
TAL PALGHAR DIST THANE BOISAR,1,1,1900.0,1900.0
MARIGOLD PREMISES KALYANI NGR PUNE,3,3,1900.0,633.3333333333334
JAYANKONDAM,1,1,1900.0,1900.0
BARSHI,1,1,1900.0,1900.0
AIROL AIROLI THANE,8,8,1900.0,237.5
CORPORATION THANE,1,1,1900.0,1900.0
ALTO ST CRUZ ILHAS,1,1,1900.0,1900.0
FOREST OFFICE SHAHAPUR,3,3,1900.0,633.3333333333334
NEAR METRO SUPER MARKET HYDERABAD,4,4,1900.0,475.0
NR BALBIR KARTANA STORE AMRITSAR,4,4,1898.0,474.5
RAMANAGAR DIST,2,2,1895.0,947.5
RAJENDRANAGAR,4,4,1894.95,473.7375
ICHALKARANJI,6,6,1894.6,315.76666666666665
EAST MIRA BHAYANDER THANE,5,5,1891.9,378.38
SCHOOL CHAKALA ANDHERI MUMBAI,2,2,1891.0,945.5
AMBEWADI ANDHERI EAST MUMBAI,5,5,1888.0,377.6
ALLEPEY,3,3,1887.8899999999999,629.2966666666666
MUMBAI MULUND WEST MUMBAI,1,1,1887.0,1887.0
BHAJAN PURA,8,8,1887.0,235.875
SOCIETY NO 4 MUMBAI,2,2,1887.0,943.5
GODOWN TRICHY DIST,6,6,1885.0,314.1666666666667
HYDERABAD PATNAM,4,4,1885.0,471.25
VIHAR THANE WEST,4,4,1884.98,471.245
BUDAPEST,22,22,1884.52,85.66
TELANAGANA,4,4,1882.02,470.505
VILLIPURAM DIST,3,3,1882.0,627.3333333333334
AK ROAD SURAT,3,3,1880.0,626.6666666666666
HOSPITAL TRICHY,1,1,1880.0,1880.0
HOSANAGARA,6,6,1879.0,313.1666666666667
FUNCTION HALL VAYUPURI HYDERABAD,6,6,1878.0,313.0
NEKNAM,10,10,1875.0,187.5
TENKASI,5,5,1874.0,374.8
DESAI RD ANDHERI EAST MUMBAI,14,14,1873.0,133.78571428571428
ERNAKULAM DT,7,7,1871.2,267.31428571428575
DMART THANE,2,2,1870.65,935.325
TIRUPATI (RURAL),3,3,1870.0,623.3333333333334
PONDA NORTH GOA,1,1,1868.0,1868.0
NALLASOPARA EAST THANE,2,2,1866.45,933.225
BAREILLY BAREILLY,2,2,1863.0,931.5
DASAJ,6,6,1863.0,310.5
BANSULA,11,11,1862.8,169.34545454545454
TECHNO SCHOOL BANGALORE,5,5,1861.49,372.298
MAZHAVANTHANGAL VILLAGE,6,6,1860.5,310.0833333333333
WAZIRGANJ,2,2,1858.83,929.415
MIRA RD,5,5,1855.92,371.184
NAGAON DIST,15,15,1855.5,123.7
CANDOLIN BARDEZ,3,3,1855.0,618.3333333333334
UNCHAHAR,10,10,1854.2,185.42000000000002
TO PET S SHOP KADAVANTHRA KOCHI,2,2,1854.0,927.0
SOHNA ROAD GURGAON,4,4,1854.0,463.5
METRO STATION FARIDABAD,1,1,1850.17,1850.17
HARYANA TOHANA,2,2,1850.0,925.0
NR JAGAT FARM GREATER NOIDA,1,1,1850.0,1850.0
EKSAR ROAD MUMBAI,1,1,1850.0,1850.0
PANOHAYATH,15,15,1847.0,123.13333333333334
NALLAKUNTA HYDERABAD,4,4,1844.49,461.1225
MANKUVA KUTCH,1,1,1843.75,1843.75
ULHASNAGAR 3 THANE,2,2,1842.38,921.19
HOBLI NELAMANGALA BANGALORE,1,1,1841.0,1841.0
TIRUPUR DISTRICT,10,10,1840.8600000000001,184.086
PARDI,2,2,1839.9,919.95
YELLAPUR,2,2,1839.01,919.505
SHAHADA,4,4,1839.0,459.75
NALLOSAPARA,1,1,1838.86,1838.86
KATEMANIVALI KALYAN THANE KALYAN,4,4,1838.23,459.5575
CHIKUWADI SHIMPOLY KANDIVALI W,2,2,1837.0,918.5
HIGH SCHOOL MAYURBHANJ,9,9,1837.0,204.11111111111111
PERUVAYAL,3,3,1836.0,612.0
COLLEGE NASHIK,1,1,1836.0,1836.0
DOGRA SKIN CARE CLINIC LUDHIANA,1,1,1836.0,1836.0
KADRI MANGALURU,3,3,1835.24,611.7466666666667
MAHAD,3,3,1831.2399999999998,610.4133333333333
ANTARJAL,6,6,1831.0,305.1666666666667
OZAR MIG,3,3,1830.0,610.0
PETER S SCHOOL MAZGAON MUMBAI,2,2,1830.0,915.0
NR ST JOSEPHS HIGH SCHOOL HYDERABAD,4,4,1829.9099999999999,457.47749999999996
THEATRE CHENNAI,3,3,1829.0,609.6666666666666
MIHIJAM,9,9,1829.0,203.22222222222223
MUNNEKOLALA MARATHALLI BANGALORE,6,6,1826.92,304.4866666666667
AMBERNATH EAST,4,4,1826.45,456.6125
BUILDING CUTTACK,2,2,1826.0,913.0
KARIAPATTI,5,5,1825.0,365.0
SAMALPUR,3,3,1821.0,607.0
MOHINDARGARH,2,2,1820.56,910.28
VILLAGE SIRIFORT ROAD NEW DELHI,10,10,1820.0,182.0
MADANPURI MUMBAI,2,2,1818.0,909.0
ELCO MARKET BANDRA (W) MUMBAI,5,5,1818.0,363.6
LALKUAN,3,3,1816.0,605.3333333333334
SHAMA,18,18,1816.0,100.88888888888889
AMRAVATI DISTT AMRAVATI,2,2,1815.0,907.5
PAOMATA,2,2,1812.75,906.375
EDOGAWA-KU,2,2,1810.51,905.255
KAYANI NAGAR PUNE,10,10,1810.4,181.04000000000002
METRO STN NEW DELHI,2,2,1810.0,905.0
TANUKU,7,7,1810.0,258.57142857142856
NAGTHAT,16,16,1806.1,112.88125
UTTARAHALLI BANGALORE,4,4,1806.0,451.5
BADLAPUR (E) THANE,2,2,1804.0,902.0
CROSS SCHOOL THANE,2,2,1803.78,901.89
ROAD NEAR JAGAT FARM GREATER NOIDA,1,1,1800.0,1800.0
ROAD ANAND,2,2,1800.0,900.0
NAMASKAR APARTMENT MUMBAI,3,3,1800.0,600.0
BERGEN,1,1,1800.0,1800.0
GANDHI STACHE NASHIK,6,6,1800.0,300.0
DADAR MUMBAI,5,5,1800.0,360.0
PARASWADA DIST BALAGHAT,3,3,1800.0,600.0
UDYOG VIHAR PHASE-IV GURGAON,2,2,1798.0,899.0
CHANDRASEKHARPUR BHUBANESWAR,1,1,1797.0,1797.0
TAMILNADU MADURAI,9,9,1797.0,199.66666666666666
CHARKHI DADRI,3,3,1795.0,598.3333333333334
KAMEPALLY MANDAL,2,2,1795.0,897.5
SINGHBUM,4,4,1794.56,448.64
BEGUMPET,1,1,1793.0,1793.0
ULLHASNAGARTHANE ULLHASNAGAR-4THANE,2,2,1791.15,895.575
EXTENSION OSHIWARA MUMBAI,2,2,1790.0,895.0
BALOTARA,3,3,1787.0,595.6666666666666
CHICALIM,2,2,1787.0,893.5
HAILY MANDI,1,1,1787.0,1787.0
KANGRA KANGRA,3,3,1783.0,594.3333333333334
TANSHIPUR TEHSIL ROORKEE NR SCHL,2,2,1782.05,891.025
NEYYOOR POST,3,3,1781.15,593.7166666666667
PUNE HAVELI PUNE,10,10,1779.0,177.9
THANE HANUMAN NAGAR,2,2,1779.0,889.5
KHARSIA,5,5,1778.0,355.6
KHARDAH,11,11,1777.75,161.61363636363637
GOVERDHAN CHOWK RAJKOT,3,3,1777.0,592.3333333333334
KHADO SURAT,1,1,1773.6,1773.6
SHYAM DHAM MANDIR KATHODRA RD SURAT,8,8,1773.0,221.625
BAZAR HYDERABAD,8,8,1771.45,221.43125
TIRUCHI,1,1,1771.0,1771.0
KOCHIIN,11,11,1769.28,160.84363636363636
BHORANJ,2,2,1768.76,884.38
GORAMATI,5,5,1768.0,353.6
OPP NAAZ HOTEL MUMBAI,9,9,1767.96,196.44
JAIPUR HIGHWAY GURGAON,3,3,1767.69,589.23
ABHISHEK VEG PUNE,1,1,1764.47,1764.47
KILKUNDAH,2,2,1763.0,881.5
DAUND,2,2,1762.94,881.47
KHARKHARA,8,8,1761.0,220.125
SEWNDERABAD OPP SK GUPTHA HYDERABAD,2,2,1759.26,879.63
LTD ANDHERI WEST MUMBAI,5,5,1759.0,351.8
DEHAT,3,3,1758.0,586.0
RI BHOI,8,8,1757.0,219.625
ANKOLA,3,3,1754.0,584.6666666666666
SCHOOL BURDWAN,7,7,1753.63,250.51857142857145
PORUR TOLL GATE CHENNAI,1,1,1750.0,1750.0
KURICHIKKRAR,2,2,1750.0,875.0
COLA WORLI MUMBAI,2,2,1749.0,874.5
CHAMAPAWAT,4,4,1743.42,435.855
PATHANMTHITTA,2,2,1742.37,871.185
THILLAINAGAR TRICHY,1,1,1742.0,1742.0
CHOWK BADLAPUR,6,6,1741.3,290.21666666666664
DUBAI -UNITED ARAB EMIRATES DUBAI,1,1,1741.0,1741.0
SHOPPING COMPLEX THIRUVANATHAPURAM,2,2,1740.0,870.0
ROAD KARELI BAUG VADODARA,4,4,1739.69,434.9225
DHARAWAD,2,2,1739.0,869.5
ADYAR,6,6,1738.75,289.7916666666667
BUNK PURVA VANTAGE APT BANGALORE,5,5,1738.0,347.6
J B NAGAR MUMBAI,11,11,1738.0,158.0
WEST MUMBAI SAKINAKA,12,12,1737.0,144.75
VITTOO TIKKI WALA NEW DELHI,1,1,1737.0,1737.0
SUNDARNA,11,11,1736.0,157.8181818181818
SONARPUR,5,5,1733.28,346.656
RD PUNE,6,6,1733.26,288.87666666666667
MAGRODA,19,19,1733.0,91.21052631578948
ADARSHA JALPAIGURI,1,1,1733.0,1733.0
PAVANSERE,1,1,1733.0,1733.0
MARINE LINES MUMBAI,9,9,1732.81,192.53444444444443
554/4 MODERN COLLEGE RD PUNE,7,7,1731.48,247.3542857142857
COMPANY BANGALORE,1,1,1731.2,1731.2
AREA BANGALORE,3,3,1729.0,576.3333333333334
GAJRAULA,3,3,1726.76,575.5866666666667
SARJAPUR ROAD BANGALORE,2,2,1726.0,863.0
CHOWKI BAVDHAN PUNE,4,4,1724.4099999999999,431.10249999999996
PERAMBAKKAM,41,41,1722.0,42.0
ARUSHA,1,1,1720.69,1720.69
MAHASAMUND,6,6,1720.27,286.71166666666664
NGR MAIN RD HAL3RD STAGE BANGALORE,2,2,1720.0,860.0
KODUR,1,1,1719.0,1719.0
DISTT-THANE THANE,5,5,1716.5,343.3
LEIKAI,1,1,1714.0,1714.0
VIRUPAKSHAPURA,1,1,1713.22,1713.22
DHAKOLI,1,1,1712.26,1712.26
SCHOOL DOMBIVALI WEST,1,1,1710.97,1710.97
HAZARIBAG,5,5,1710.2,342.04
CITY NOIDA,2,2,1709.0,854.5
NEAR WATER TANK HYDERABAD,4,4,1708.37,427.0925
PAULS HIGH SCHOOL MIRA ROAD E THANE,3,3,1708.0,569.3333333333334
INDUSTRIAL AREA HOSUR RD BANGALORE,1,1,1707.0,1707.0
MARKET VISAKHAPATANAM,2,2,1706.0,853.0
KILKATA,2,2,1705.9099999999999,852.9549999999999
COLONY HYDERABAD,2,2,1705.8899999999999,852.9449999999999
COLONY JAMMU,1,1,1705.0,1705.0
SAKOLI,2,2,1704.0,852.0
BORCHEM CARANZALEM,2,2,1703.0,851.5
CHUNABHATTI MUMBAI,6,6,1702.0,283.6666666666667
GOVT HOSPITAL HYDERABAD,2,2,1700.0,850.0
KALYAN EAST KATEMANIVALI THANE,6,6,1700.0,283.3333333333333
BHAJJU,2,2,1700.0,850.0
AMBALA CANTT.,1,1,1700.0,1700.0
COMPLEX MUMBAI,1,1,1700.0,1700.0
GARI CHOWK GHAZIABAD,1,1,1700.0,1700.0
NR KEREGUDDADAHALLI BUS STOP,1,1,1700.0,1700.0
SIMURALI,1,1,1700.0,1700.0
TAMBHERE,1,1,1700.0,1700.0
RESAPUVANIPALEM VISAKHAPATNAM,3,3,1699.71,566.57
ANDHERI (W) MUMBAI MUMBAI,5,5,1699.42,339.884
GOPALPURA,1,1,1698.0,1698.0
CHOMU JAIPUR,1,1,1698.0,1698.0
LAUBANJ,4,4,1694.41,423.6025
ANDHERI RAIL WAY STN MUMBAI,5,5,1693.0,338.6
FARM PUNE,2,2,1690.0,845.0
THIRUTHANI,3,3,1690.0,563.3333333333334
KALHER VILLAGE BHIWANDI THANE,1,1,1690.0,1690.0
PETROL PUMP NAGPUR,1,1,1690.0,1690.0
KARODU,5,5,1688.0,337.6
WADALA E MUMBAI,8,8,1685.46,210.6825
AJIVALI PANVEL,2,2,1685.0,842.5
JODHPUR JODHPUR,2,2,1684.0,842.0
ASSOLNA SALCETE,2,2,1683.0,841.5
LANE MUMBAI,2,2,1680.0,840.0
PH 2 HYDERABAD,1,1,1679.0,1679.0
NR KARISHMA SOCIETY PUNE,1,1,1676.0,1676.0
KARANTH NAGAR BANGALORE,3,3,1675.0,558.3333333333334
MANIMAJRA CHANDIGARH,2,2,1675.0,837.5
KAILASH NEW DELHI,2,2,1674.02,837.01
SATPURA,12,12,1673.0,139.41666666666666
HYDERBAD,1,1,1670.0,1670.0
SINGHWARA,14,14,1669.9,119.27857142857144
RAMANTHALI,2,2,1668.95,834.475
KARMAGORA JEALGORA DHANDBAD,2,2,1666.0,833.0
ASANSOL NORTH ASANSOL,1,1,1665.88,1665.88
VASAI MUMBAI,2,2,1665.0,832.5
VIJAYANAGAR BANGALORE,2,2,1665.0,832.5
DWARKA (GUJARAT),2,2,1661.7,830.85
PERAMBUR CHENNAI,2,2,1660.0,830.0
VALLABH VIDHYANAGAR,4,4,1659.08,414.77
AMBARNATH EAST THANE,6,6,1659.0,276.5
TIRTHOL,11,11,1659.0,150.8181818181818
BASMAT,1,1,1657.0,1657.0
RAIGARH NAVI MUMBAI,2,2,1656.63,828.315
MAHABUBABAD,5,5,1656.28,331.256
STREET MUMBAI,1,1,1656.0,1656.0
POLUR,2,2,1655.0,827.5
BHAINDAR GODADEV TEHSIL THANE,2,2,1654.0,827.0
KARAKULAM,3,3,1652.6399999999999,550.88
BAULPUR,2,2,1651.0,825.5
TEMPLE MUMBAI,3,3,1650.0,550.0
SANKARANDAMPALAYAM,3,3,1649.52,549.84
ELECTRONIC CITY P O BANGALORE,4,4,1645.0,411.25
MANDAPAM CHENNAI,3,3,1645.0,548.3333333333334
LOWER PAREL E MUMBAI,2,2,1644.0,822.0
RAJIYAWAS,7,7,1641.84,234.54857142857142
CHAKALA ANDHERI (EAST) MUMBAI,4,4,1640.0,410.0
DIDWANA,4,4,1639.0,409.75
SATTUR,3,3,1638.0,546.0
SHIKRAPUR,9,9,1638.0,182.0
TAL KANCHEEPURAM DIST KANCHEEPURAM,1,1,1635.0,1635.0
INDRANA,1,1,1635.0,1635.0
AKANKHA KOLKATA,5,5,1634.0,326.8
HOSPITAL ERNAKULAM,7,7,1634.0,233.42857142857142
VILE PARLE WEST,2,2,1633.0,816.5
ALTO-PROVORIM,1,1,1633.0,1633.0
SAHIPURI,3,3,1633.0,544.3333333333334
GARDENS NAVI MUMBAI,5,5,1632.0,326.4
PALAMANER,4,4,1631.0,407.75
TIRUVANNAMALAI(DT),2,2,1630.0,815.0
HYDERABAD R R DIST,2,2,1630.0,815.0
WARJE PUNE,3,3,1629.25,543.0833333333334
HIGHWAY KANDIVALI E MUMBAI,2,2,1629.25,814.625
TAMPA,1,1,1629.0,1629.0
CHUNNABHATTI SIGNAL SION (E) MUMBAI,2,2,1628.56,814.28
EXTN NEW DELHI,1,1,1628.0,1628.0
PASCHIM VIHAR DELHI,9,9,1628.0,180.88888888888889
NEW BOMBAY KHARGHAR,2,2,1626.9099999999999,813.4549999999999
ABV AXIS BANK NAGPUR,2,2,1626.22,813.11
DATTAWADI THANE KALWA W THANE,2,2,1625.0,812.5
JC RESIDENCY MADURAI,3,3,1620.0,540.0
VASHINAKA MUMBAI,1,1,1619.0,1619.0
BAUG CIRLCE SURAT,1,1,1619.0,1619.0
DEALERS SHOP KAVERY NGR BANGALORE,1,1,1619.0,1619.0
WORKOUT GYM MUMBAI,4,4,1618.0,404.5
VILL K R PURAM HOBLI BANGALORE,6,6,1616.15,269.35833333333335
PIMPRI PUNE,2,2,1616.0,808.0
BHADURGARH,1,1,1615.04,1615.04
HYDRARABAD,3,3,1615.0,538.3333333333334
SARAN CHAPRA,3,3,1615.0,538.3333333333334
RAIGARH C G RAIGARH,25,25,1614.52,64.5808
TPR,3,3,1614.0,538.0
WEST (MUMBAI),1,1,1613.0,1613.0
CACORA,4,4,1611.0,402.75
MARKET KIRIT NAGAR NEW DELHI,5,5,1610.55,322.11
BUVAPADA AMBERNATH W,4,4,1610.0,402.5
KANDIVALI W-MUMBAI,1,1,1610.0,1610.0
NARNAUL MAHENDRAGARH,15,15,1610.0,107.33333333333333
KUNNATHUNAD,2,2,1606.95,803.475
KHOIJUMAN,28,28,1605.0,57.32142857142857
RR DIST,11,11,1604.4,145.85454545454547
BALUGAON,1,1,1601.0,1601.0
CITY AHMEDABAD,7,7,1600.3700000000001,228.62428571428572
KLINE SK AHIRE MARG WORLI MUMBAI,1,1,1600.0,1600.0
TIKRIKILLA,4,4,1600.0,400.0
GHODBUNDER ROAD THANE WEST THANE,3,3,1600.0,533.3333333333334
BORIVALI WEST,1,1,1600.0,1600.0
PALAJ,2,2,1600.0,800.0
MULUND W,6,6,1599.0,266.5
DT HOSUR,1,1,1599.0,1599.0
TARA VIDHYALAY SURAT,5,5,1598.0,319.6
ARACKULAM,3,3,1597.98,532.66
PARGANAS NR UNIQUE HOMEOLAB KOLKATA,2,2,1597.6,798.8
GANESH MANDIR BHANDARA,1,1,1595.0,1595.0
27B FARIDABAD,4,4,1595.0,398.75
NAVI  MUMBAI,2,2,1595.0,797.5
ALIAS DAULATPUR NASIRABAD63 GURGAON,1,1,1595.0,1595.0
KATRIYA HOTEL HYDERABAD,1,1,1595.0,1595.0
SADARI,3,3,1593.0,531.0
GIDDERBAHA,6,6,1592.2,265.3666666666667
UTKOOR,4,4,1590.0,397.5
MHASAWAD,1,1,1589.55,1589.55
SUPER MARKET HYDERABAD,3,3,1588.5,529.5
OSL TOWER II CUTTACK,2,2,1588.0,794.0
JHANDUTA,3,3,1584.2,528.0666666666667
JAHANGIR HOSP PUNE,1,1,1583.0,1583.0
KURLA WEST-MUMBAI,1,1,1580.0,1580.0
CHERUPUZHA,4,4,1579.0,394.75
IND AREA HOSUR RD BANGALORE,2,2,1579.0,789.5
AMBUR VELLORE,4,4,1579.0,394.75
KENDUJHAR,3,3,1579.0,526.3333333333334
TAMLUK,26,26,1577.0,60.65384615384615
CAMP PUNE,2,2,1576.23,788.115
POWDIKONAM,2,2,1575.0,787.5
CHERUVALLOOR,1,1,1575.0,1575.0
MALUGRAM SILCHAR,2,2,1573.46,786.73
NAMAKKAL (TK) (DT),25,25,1572.41,62.8964
NAVIMUMBAI NERUL NODE-3 THANE,2,2,1570.0,785.0
PERUMBAKKAM CHENNAI,6,6,1565.0,260.8333333333333
HOSTEL GOVT COLONY MUMBAI,11,11,1565.0,142.27272727272728
BHAYANDER E,3,3,1564.0,521.3333333333334
GARDEN RD NR JEHANGIR HOSPITAL PUNE,13,13,1561.0,120.07692307692308
NOIDA UP,4,4,1560.0,390.0
CHAR RISTA KATARGAM SURAT,8,8,1560.0,195.0
GHAZIAHBAD,2,2,1557.0,778.5
NAUPADA THANE WEST,1,1,1555.0,1555.0
RAEBARELY,8,8,1555.0,194.375
COPENHAGEN,1,1,1554.0,1554.0
STORE KAIKONDARAHALLI BANGALORE,2,2,1552.0,776.0
SANGRUR DHURI,1,1,1550.0,1550.0
DOMBIVLI (E),1,1,1550.0,1550.0
GADKHOL,2,2,1550.0,775.0
BASSEIN ROAD THANE,4,4,1547.92,386.98
KOVVUR,4,4,1545.71,386.4275
TOSHAM,1,1,1543.0,1543.0
PATTAN,5,5,1543.0,308.6
CHINCHBUNDER  MUMBAI,3,3,1542.94,514.3133333333334
RAIGAD NR BANSAL FARM KHALAPUR,1,1,1542.0,1542.0
FLYOVER KHARADI BYPASS PUNE,3,3,1540.0,513.3333333333334
RANIKHET,9,9,1539.29,171.03222222222223
KAKHERI,5,5,1538.0,307.6
OFFICE VAPI,6,6,1536.77,256.12833333333333
SAHARASA,53,54,1536.0,28.444444444444443
DHARAPURAM MAIN ROAD TIRUPUR,1,1,1535.0,1535.0
NADAUN,1,1,1534.0,1534.0
KRISHNA NAGAR,1,1,1533.0,1533.0
3RD FLR HYDERABAD,2,2,1532.0,766.0
KOTTAM CHENNAI,1,1,1531.0,1531.0
EXTENSION MUMBAI,4,4,1530.59,382.6475
SITE DELHI,5,5,1530.0,306.0
ANDHERI LINK ROAD ANDHERI W MUMBAI,6,6,1529.0,254.83333333333334
SHEOPUR,11,11,1528.0,138.9090909090909
MYSORE NAZARABAD,3,3,1526.7,508.90000000000003
THARAMANGALAM BUS STAND SALEM,3,3,1526.0,508.6666666666667
DESAI ROAD EXTN ANDHERI W MUMBAI,2,2,1525.0,762.5
TIMBANA,4,4,1524.55,381.1375
BUDH NAGAR,3,3,1523.8,507.93333333333334
KUNDAPUR,2,2,1521.0,760.5
AMBERNATH-E THANE,3,3,1519.0,506.3333333333333
KARNAVATI PARK AHMEDABAD,4,4,1518.0,379.5
DIST-RAIGAD,7,7,1517.0,216.71428571428572
SIMBEGA,1,1,1516.0,1516.0
H S S ALUVA ERNAKULAM,11,11,1515.96,137.81454545454545
COURSE ROAD GURGAON,4,4,1515.28,378.82
PLESEANT PARK MIRA RD THANE,3,3,1514.58,504.85999999999996
MUNICIPAL CORPORATION THANE,10,10,1514.1599999999999,151.416
KUSTAGI,1,1,1512.94,1512.94
HARSOLI,1,1,1512.94,1512.94
MASKI,1,1,1512.94,1512.94
KHAMGAON,1,1,1512.94,1512.94
PUNE RAJGURUNAGAR,1,1,1512.94,1512.94
ASHRAM JAHANGIRPURA RANDER SURAT,1,1,1512.75,1512.75
HINGANGHAT,1,1,1512.75,1512.75
GORAKH PUR,1,1,1512.75,1512.75
AKRUTI TRADE CENTRE MUMBAI,3,3,1510.27,503.42333333333335
MUMBAI MIRA RD E,2,2,1510.0,755.0
MARGAON,21,21,1507.0,71.76190476190476
MAHA RAJA HOTEL HYDERABAD,3,3,1506.3,502.09999999999997
RAJAH RAJAHMUNDRI,2,2,1505.0,752.5
CHOMO JAIPUR,4,4,1501.71,375.4275
MUSHEERABAD MAIN RD HYDERABAD,1,1,1500.0,1500.0
MANDIR NEEMRANA,7,7,1500.0,214.28571428571428
DISTT ALWAR BHIWADI,1,1,1500.0,1500.0
VIKAS NAGAR,3,3,1500.0,500.0
VANASTALIPURAM K V RANGAREDDY,2,2,1500.0,750.0
PILLAR NO 725 NEW DELHI,1,1,1500.0,1500.0
KOPERKAIRNE,1,1,1500.0,1500.0
VITA,1,1,1500.0,1500.0
TEMPLE PORT BLAIR,1,1,1500.0,1500.0
NEEM KA THANA NEEM KA THANA,1,1,1500.0,1500.0
KHAR KHAR DELIVERY MUMBAI,2,2,1500.0,750.0
MHADA MUMBAI,1,1,1500.0,1500.0
ROAD CHURCHGATE MUMBAI,1,1,1500.0,1500.0
VARTAK NAGAR THANE,2,2,1500.0,750.0
GANDEED,1,1,1500.0,1500.0
CINEMA MAHIM MUMBAI,1,1,1500.0,1500.0
TAVEREKERE BANGALORE,1,1,1500.0,1500.0
AHMEDABAD SANAND,1,1,1500.0,1500.0
KALYAN EAST KALYAN,4,4,1500.0,375.0
PARK -III GREATER NOIDA,4,4,1500.0,375.0
HYDERABAD 44,2,2,1500.0,750.0
NALASOPARA-THANE,1,1,1500.0,1500.0
NAHSIK,2,2,1500.0,750.0
BARAMATI PUNE BARAMATI,2,2,1500.0,750.0
VIDYA MANDIR MUMBAI,2,2,1499.0,749.5
TALEIGAO PANAJI,1,1,1499.0,1499.0
OXFORD COLLEGE OF ENGG BANGALORE,5,5,1499.0,299.8
DISTT MUMBAI SUBURBAN DIST(MH),2,2,1497.97,748.985
GOHARGANJ,9,9,1497.0,166.33333333333334
COLLEGE VASNA AHMEDABAD,6,6,1497.0,249.5
KARVIR KOLHAPUR KOLHAPUR,5,5,1497.0,299.4
1601672 BANGALOE,1,1,1495.4,1495.4
LAYOUT 2ND SECTOR BANGALORE,1,1,1495.0,1495.0
SCHOOL GOREGAON (E) MUMBAI,2,2,1495.0,747.5
KUKATPALLY HYDERABAD HYDERABAD,1,1,1494.0,1494.0
SHARJAH KARAMA,2,2,1494.0,747.0
VARCA SALCETTE,1,1,1490.0,1490.0
JAKASANDRA BANGALORE,5,5,1490.0,298.0
CHURU RATANGARH,4,4,1488.0,372.0
ROAD VASHI NAVI MUMBAI,4,4,1486.0,371.5
KATEMANIVALI THANE KALYAN THANE,3,3,1486.0,495.3333333333333
J B NGR ANDHERI E MUMBAI,6,6,1486.0,247.66666666666666
BOMMAHAHALLI BANGALORE,2,2,1484.0,742.0
BANK VISAKHAPATNAM,2,2,1484.0,742.0
KHATIMA UDHAM SINGH NAGAR,4,4,1483.45,370.8625
CHICKABALLAPUR,3,3,1483.0,494.3333333333333
NALHAR NUH MEWAT,9,9,1482.4,164.7111111111111
MANTAPA HALL MANGALORE,1,1,1482.0,1482.0
MUMBAI VILE PARLE EAST,3,3,1480.0,493.3333333333333
TAGORE NAGAR MUMBAI,5,5,1479.0,295.8
BAHADUR GARH,6,6,1477.0,246.16666666666666
DHAKHOLI,10,10,1476.0,147.6
KANJIRAPPALLY,8,8,1474.0,184.25
UTTAM NAGAR DELHI,5,5,1473.5,294.7
PLACE NEW DELHI,2,2,1473.0,736.5
TO J P PARK BANGALORE,5,5,1472.0,294.4
TRIRUPATI NAGAR II VIRAR W THANE,1,1,1470.0,1470.0
DIGHA NAVI MUMBAI,2,2,1468.7,734.35
SIKANDAR SOLAPUR,12,13,1467.5,112.88461538461539
VILLAGE ATHAL,9,9,1466.0,162.88888888888889
PUNAGAM SURAT,1,1,1465.0,1465.0
DOMBVALI,3,3,1465.0,488.3333333333333
BADLAPUR EAST (THANE),1,1,1459.0,1459.0
DENKANIKOTTA TALUK HOSUR,1,1,1459.0,1459.0
DIST DURG,9,9,1454.34,161.59333333333333
(THANE),4,4,1453.5700000000002,363.39250000000004
CHANGANASSSERY,2,2,1452.21,726.105
SBK IIND STAGE BANGALORE,2,2,1451.0,725.5
THIDANADU,1,1,1450.0,1450.0
MALAD(W) MUMBAI,2,2,1449.0,724.5
RAJARAJESWARI NAGAR BANGALORE,3,3,1448.3,482.76666666666665
ISNAPUR X ROAD PATANCHERU HYDERABAD,3,3,1448.1599999999999,482.71999999999997
RD NR KRISHNA SAGAR HOTEL KALYAN E,5,5,1448.0,289.6
VELIM SALCETE,3,3,1446.9,482.3
MOGRI,11,11,1446.2,131.47272727272727
ADARSH NAGAR PUNE,4,4,1445.0,361.25
PUDUKKOTTAI DISTRICT,2,2,1443.0,721.5
IT SOLUTIONS BANASWADI BENGALURU,8,8,1442.0,180.25
NGR KEMPAPURA HEBBAL BANGALORE,7,7,1441.0,205.85714285714286
LUCKNOE,2,2,1440.0,720.0
"BORIVALI, MUMBAI",8,8,1440.0,180.0
DEN HAAG,1,1,1440.0,1440.0
VIKHROLI (EAST),6,6,1439.0,239.83333333333334
THANE P O BHAYANDER (E) THANE,4,4,1438.9,359.725
DHARAMSALA,13,13,1438.0,110.61538461538461
BHATLURU,2,2,1438.0,719.0
HEBRI P KARKALA TQ UDUPI D,2,2,1437.0,718.5
PALANWA,3,3,1437.0,479.0
KOZHA,1,1,1435.0,1435.0
NO 2 KOLKATA,1,1,1431.0,1431.0
SAHA GANG,11,11,1431.0,130.0909090909091
SWAAI MADHOPUR,2,2,1430.0,715.0
CARMONA SALCETTE,1,1,1429.0,1429.0
SOUTH DINAJPUR,8,8,1426.0,178.25
THANE AMBARNATH,2,2,1425.0,712.5
HUSHIARPUR,1,1,1419.0,1419.0
PARK RAJKOT,4,4,1418.0,354.5
ADSULIM SALCETE,1,1,1418.0,1418.0
JHARIA,2,2,1416.0,708.0
OPP ROSE GEMS SURAT,6,6,1415.0,235.83333333333334
KHANDAJ,2,2,1414.63,707.315
DUNGARAPUR,11,11,1410.0900000000001,128.19000000000003
NAVI MUMABI,3,3,1410.0,470.0
UDALPUR,1,1,1409.0,1409.0
C C PUR,1,1,1409.0,1409.0
FLYOVER ROAD FARIDABAD,3,3,1409.0,469.6666666666667
KURUSHETRA,5,5,1405.18,281.036
KUDAL,4,4,1405.0,351.25
VASSI,13,13,1402.48,107.88307692307693
TAINAN,1,1,1401.27,1401.27
STUDIO MERTA CITY,1,1,1400.0,1400.0
KUBRI,1,1,1400.0,1400.0
CHATARA,1,1,1400.0,1400.0
RAJKOT MAVDI,2,2,1400.0,700.0
PANCHAYATHA KOLLAM,1,1,1399.0,1399.0
SHIRSUFAL,1,1,1399.0,1399.0
SHANIMAHATHMA TEMPLE BANGALORE,4,4,1399.0,349.75
APARTMENTS CHENNAI,5,5,1398.0,279.6
CHINCHPOKLI EAST MUMBAI,2,2,1397.0,698.5
VASAI BASEEIN ROAD VASAI THANE,3,3,1396.57,465.5233333333333
SECTOR-14 CBD BELAPUR,2,2,1396.54,698.27
BALAJI MANDIR MUMBAI,9,9,1396.0,155.11111111111111
LAYOUT 5TH PHASE JP NGR BANGALORE,1,1,1395.0,1395.0
SEBASTIAN CHURCH KOCHUPALLY,1,1,1394.0,1394.0
EVARARD NAGAR SION E MUMBAI,2,2,1394.0,697.0
NO 54 VIJAYNAGAR A B ROAD INDORE,6,6,1391.06,231.84333333333333
BANGALORE HSR LAYOUT,1,1,1391.0,1391.0
GALIVEEDU,2,2,1390.0,695.0
PS-WEST AGARTALA WEST TRIPURA,1,1,1390.0,1390.0
MAIN NAJAFGARH RD NEW DELHI,6,6,1390.0,231.66666666666666
LOWERPAREL WEST MUMBAI,4,4,1390.0,347.5
GURDAS PUR,1,1,1387.0,1387.0
KASARAGODE,2,2,1386.0,693.0
SV ROAD KANDIVALI WEST MUMBAI,4,4,1382.08,345.52
DOUBLE RD BANGALORE,4,4,1381.52,345.38
COLLEGE CHENNAI,2,2,1379.97,689.985
SAKHANDRA,3,3,1376.0,458.6666666666667
NEVILLE HOUSE THANE,2,2,1375.0,687.5
DARABHANGA,11,11,1375.0,125.0
BHAYANDER THANE,1,1,1373.96,1373.96
SHANKHWALI,2,2,1373.67,686.835
SILIGURU,3,3,1373.0,457.6666666666667
LAXMANGARH,12,12,1373.0,114.41666666666667
VAIKOM,19,19,1372.0,72.21052631578948
NAGA PATTINAM,13,13,1372.0,105.53846153846153
TIRUVARUR,27,27,1372.0,50.81481481481482
LIMITED BILASPUR,2,2,1371.0,685.5
SAMTRA,4,4,1370.0,342.5
NEW PANVEL W,1,1,1370.0,1370.0
THANE ULHASNAGAR,3,3,1369.6,456.5333333333333
PARK HYDERABAD,2,2,1366.0,683.0
SANTIPUR,5,5,1365.63,273.12600000000003
TEMPLE U BALANKA EAST GODAVARI DT,1,1,1365.0,1365.0
LUCKNOIW,1,1,1365.0,1365.0
KANCHEEPURAM DIST,27,27,1364.0,50.51851851851852
V MUMBAI AGRA ROAD NASHIK TEHSIL,2,2,1363.0,681.5
SIVAGIRI,3,3,1363.0,454.3333333333333
KURLA MUMBAI,1,1,1362.0,1362.0
BUHANA,2,2,1361.72,680.86
THERUMMAL,2,2,1361.0,680.5
NALLOSPARE E THANE,17,17,1359.12,79.94823529411764
TIRUMALGERRY SECUNDERADAD,1,1,1359.0,1359.0
DIST BIKANER,2,2,1359.0,679.5
BAKERY SECUNDERABAD,2,2,1358.0,679.0
TAL HAVELI DIS PUNE,5,5,1355.0,271.0
MARIHAN,6,6,1354.8400000000001,225.8066666666667
ANNAPURNESHWARI TEMPLE RD BANGALORE,1,1,1354.0,1354.0
SUMBAL,1,1,1354.0,1354.0
MUMBAI GOREGAON EAST,3,3,1353.0,451.0
SERAIKELA,2,2,1352.29,676.145
PAT ANCHERU,15,15,1352.0,90.13333333333334
UTTARPARA,2,2,1351.0,675.5
BETTIAH,4,4,1350.0,337.5
MANGUESHI,1,1,1350.0,1350.0
MARG ELPHINSTONE MUMBAI,3,3,1350.0,450.0
STCRUZ,1,1,1350.0,1350.0
E KALYAN TILAK NGR THANE,2,2,1346.0,673.0
HASAN,1,1,1345.0,1345.0
READING,2,2,1344.0,672.0
NAGAR PARVATI NAGAR NAGPUR NAGPUR,1,1,1343.0,1343.0
DABHOLI ROAD SURAT,1,1,1342.5,1342.5
PALAYAM COIMBATORE,3,3,1340.0,446.6666666666667
JAGATSINGHAPUR,2,2,1338.0,669.0
OLIVIA BLDG HYDERABAD,11,11,1337.0,121.54545454545455
LINGARAJAPURAM BANGALORE,1,1,1335.0,1335.0
KALYAN E THANE,3,3,1335.0,445.0
CORTALIM,3,3,1334.0,444.6666666666667
BHUVAN NALLASOPARA EAST THANE,8,8,1334.0,166.75
TALUKA ANJAR  GANDHIDHAM,1,1,1331.0,1331.0
BYCULLA,3,3,1330.74,443.58
GOVT SCHOOL SHIMLA,3,3,1330.0,443.3333333333333
NEAR AYYAPPA MANDIR NAVI MUMBAI,1,1,1330.0,1330.0
HAYATPUR RURKI,1,1,1329.0,1329.0
RAMANATHAPURAM (DT),7,7,1329.0,189.85714285714286
SOUTH WEST DELHI NEW DELHI,2,2,1326.4,663.2
NIPANI AMRAVATI,26,27,1326.0,49.111111111111114
SWEETS PUNE,1,1,1324.0,1324.0
MURSHIDABA,8,8,1322.0,165.25
NORTH 24 PARGANS,1,1,1320.0,1320.0
BHALEJ RD ANAND,2,2,1319.5,659.75
VASAI RD W,3,3,1319.0,439.6666666666667
KAKRABAN H S SCHOOL GOMATI,1,1,1318.75,1318.75
TECH PARK BANGALORE,6,6,1317.95,219.65833333333333
DEBAI,1,1,1316.0,1316.0
ROAD EMP ID P11581 BANGALORE,3,3,1315.83,438.60999999999996
SHAHAR PUNE,4,4,1315.0,328.75
KRISHNAGIRI-TK AND DT,10,10,1315.0,131.5
DEVAGHAR,1,1,1313.0,1313.0
ARUMBAKKAM,9,9,1312.0,145.77777777777777
CENTRAL CAMERA BUILDING MUMBAI,2,2,1311.0,655.5
PARK PHASE-1 HINJEWADI PUNE,4,4,1310.53,327.6325
R R DIST RANGAREDDY DIST,2,2,1310.4499999999998,655.2249999999999
ELECTRONICS NEW BUS STAND SALEM,1,1,1310.28,1310.28
TRICHYA,1,1,1310.0,1310.0
BISWANATH CHARIALI,2,2,1309.0,654.5
ASHRAM ROAD AHMEDABAD,1,1,1306.25,1306.25
BARAI,1,1,1304.0,1304.0
NAGAR AJMER,11,11,1304.0,118.54545454545455
MGRNAGAR CHENNAI,2,2,1301.0,650.5
DHAKOLA,1,1,1301.0,1301.0
DRIVING SCHOOL BANGALORE,4,4,1300.0,325.0
ARKI,2,2,1300.0,650.0
LALLAGUDA NEAR RRB HYDERABAD,2,2,1300.0,650.0
FOUNDATION BHOSARI PUNE,3,3,1300.0,433.3333333333333
BAUG CIRCLE SURAT,6,6,1300.0,216.66666666666666
GHODAPDEV MUMBAI,1,1,1300.0,1300.0
THEKKUMBHAGAM,2,2,1300.0,650.0
BUSDEPOT MUMBAI,1,1,1300.0,1300.0
SIGNAL CHENNAI,2,2,1300.0,650.0
POLE SHAHPUR AHMEDABAD,1,1,1299.5,1299.5
CITY LIGHT RD BHARTHANA VESU SURAT,1,1,1299.0,1299.0
TRIVANDRUM DT,1,1,1299.0,1299.0
NAMSAI,1,1,1298.0,1298.0
PARK OUTER RING RD SHAOXING,1,1,1298.0,1298.0
SARAGADA,4,4,1296.3,324.075
GOKUL NAGAR MUMBAI,4,4,1293.62,323.405
KHACHROD,2,2,1293.35,646.675
NVAI MUMBAI,1,1,1292.0,1292.0
CHOWK MOTA VARACHHA SURAT,4,4,1291.0,322.75
ISLAMPUR NALANDA,2,2,1291.0,645.5
SALEM (DT),1,1,1288.0,1288.0
PATTI,5,5,1288.0,257.6
MUMBAI KONKAN BHAVAN THANE,1,1,1287.0,1287.0
SAIDPUR,3,3,1286.5,428.8333333333333
DISTRICT GHAZIABAD GHAZIABAD,1,1,1286.0,1286.0
BRIDGE SANTACRUZ E MUMBAI,2,2,1286.0,643.0
CAMBRIDGE SCHOOL MUMBAI,3,3,1286.0,428.6666666666667
HILL GOREGAON (W) MUMBAI,3,3,1285.81,428.6033333333333
KULTI,7,7,1284.0,183.42857142857142
SHOWROOM SV RD ANDHERI (W) MUMBAI,1,1,1283.27,1283.27
HOSUR ROAD BANGALORE,1,1,1280.0,1280.0
KRISHNAGIRI(DT) HOSUR,1,1,1280.0,1280.0
PO ERNAKULAM,1,1,1280.0,1280.0
BASSI PATHANA,8,8,1278.0,159.75
KALYAN (EAST),1,1,1275.15,1275.15
MUMBAI CHINCHBUNDER MUMBAI,2,2,1273.0,636.5
68A 69 69A KAMOTHE NAVI MUMBAI,1,1,1272.3,1272.3
RLY CROSS AHMEDABAD,4,4,1271.81,317.9525
BAGHPAT BARAUT,1,1,1271.6,1271.6
NR JAGAJOG SANGHA GAYESHPUR,2,2,1270.0,635.0
DEOGARH DEOGARH RAJSAMAND,1,1,1270.0,1270.0
PANVEL PANVEL RAIGAD,1,1,1270.0,1270.0
KHATAULI,12,12,1270.0,105.83333333333333
PYDHONIE MUMBAI MUMBAI MANDVIMUMBAI,2,2,1269.3,634.65
KURNOOL DT,4,4,1267.52,316.88
PARSAON,2,2,1266.96,633.48
DELHI DLEHI,1,1,1263.86,1263.86
PATHANKOT PATHANKOT,3,3,1263.0,421.0
KODINAR,1,1,1261.5,1261.5
LOTUS BUS STOP WORLI MUMBAI,1,1,1260.0,1260.0
NARSANDA,3,3,1258.63,419.54333333333335
LONAR,1,1,1258.0,1258.0
COLVA,2,2,1253.0,626.5
BERI,1,1,1250.5,1250.5
SAKINAKA JUNCTION  ANDHERE E MUMBAI,2,2,1250.0,625.0
THAKURANI KOLKATA,1,1,1250.0,1250.0
CHOWKI NASHIK,2,2,1250.0,625.0
TAMLUK TAMLUK,3,3,1250.0,416.6666666666667
GANTOK,2,2,1248.8899999999999,624.4449999999999
HERO HONDA SHOW ROOM HOSUR,2,2,1247.63,623.815
BAHARACHHAT TEH MARIHAN MIRZAPUR,2,2,1244.75,622.375
ETUMANOOR,6,6,1243.85,207.3083333333333
AMBARNATH THANE THANE,12,12,1243.15,103.59583333333335
NANEKARWADI PUNE,1,1,1241.49,1241.49
KHAR (WEST) MUMBAI,5,5,1240.0,248.0
KURUNG KUMEY,3,3,1240.0,413.3333333333333
ATM BANGALORE,5,5,1239.99,247.998
GIDC SACHIN SURAT,1,1,1239.1,1239.1
ELPHINSTON (W),3,3,1239.0,413.0
HOHIARPUR,5,5,1238.0,247.6
DATTAPADA ROAD BORIVALI-EAST MUMBAI,4,4,1238.0,309.5
MAHIM,3,3,1237.0,412.3333333333333
PURBA MIDNAPUR,1,1,1234.0,1234.0
OPP MODERN HIGH SCHOOL PUNE,2,2,1230.0,615.0
HOTEL GREATER NODIA,3,3,1226.65,408.8833333333334
LUDDALORE,2,2,1225.64,612.82
AL WAKRA,1,1,1225.0,1225.0
BEHIND THE ACRE CLUB CHEMBUR MUMBAI,3,3,1223.71,407.90333333333336
BAYAD,1,1,1222.84,1222.84
PEDNEM,8,8,1221.0,152.625
NALBARI,4,4,1220.0,305.0
PRAMUKH PARK SURAT,2,2,1219.0,609.5
MARUTI SUZUKI SHOWROOM GURGAON,4,4,1218.0,304.5
AMORHA,11,11,1218.0,110.72727272727273
SOMALI REGION,4,4,1217.0,304.25
STATION SOUTH 24 PARGANAS,3,3,1216.0,405.3333333333333
BHAWAN KOLKATA,2,2,1215.0,607.5
400012,2,2,1213.8,606.9
ISTAGE IST BLOCK BANGALORE,2,2,1213.8,606.9
BORHAT,14,14,1213.0,86.64285714285714
ABASAN KOLKATA,1,1,1212.0,1212.0
BACKSIDE HUBLI,5,5,1212.0,242.4
KATEMANIVALI KALYAN THANE THANE,2,2,1211.91,605.955
VISAKHA PATNAM,1,1,1211.0,1211.0
BHAVANI TK ERODE,5,5,1209.63,241.92600000000002
RAMACHANDRAPURAM HE  MEDAK,3,3,1208.7,402.90000000000003
NUNGAMBAKKAM CHENNAI,1,1,1207.0,1207.0
EXT NEW DELHI,6,6,1205.0,200.83333333333334
KASARAGOD DT,1,1,1205.0,1205.0
HOSHIYARPUR,16,16,1204.0,75.25
NORTH PARAVUR,1,1,1203.0,1203.0
NAVI MUMBAI NERUL NODE 3 THANE,3,3,1200.1799999999998,400.05999999999995
(BEFORE YMCA BLDG) CHENNAI,1,1,1200.0,1200.0
LAWNS NASHIK,3,3,1200.0,400.0
REIS MAGOS,1,1,1200.0,1200.0
SOPARA MUMBAI THANE,1,1,1200.0,1200.0
HOSAKEREHALLI BANGALORE,2,2,1200.0,600.0
TARAPUR APP THANE,1,1,1200.0,1200.0
SADESATRANALI HADAPSAR PUNE,7,7,1200.0,171.42857142857142
RAPAR,1,1,1200.0,1200.0
SANCOALE,1,1,1200.0,1200.0
NAGAR BUSSTOP BANGALORE,1,1,1200.0,1200.0
MIRA RD E THANE,1,1,1200.0,1200.0
SOLAN  BADDI,3,3,1200.0,400.0
SURAT CITY SURAT KATARGAM SURAT,1,1,1200.0,1200.0
"DHARUHERA, REWARI",1,1,1200.0,1200.0
HOSHANGABAD ITARSI,1,1,1199.0,1199.0
U J B UDYAN MUMBAI,5,5,1196.05,239.20999999999998
KHAR W MUMBAI,4,4,1195.83,298.9575
JAWAJA,1,1,1194.0,1194.0
BANASHANKARI III STAGE BANGALORE,5,5,1193.0,238.6
DEVBHUMI DWARKA,9,9,1191.0,132.33333333333334
RAIGARH SUDHAGAD RAIGARH,8,8,1189.0,148.625
BORIVALI(E) MUMBAI,3,3,1184.9,394.9666666666667
STATION KAUSHAMBI,3,3,1184.0,394.6666666666667
PUMP CHAKALA ANDHERI E MUMBAI,2,2,1184.0,592.0
DAHISAR MUMBAI,4,4,1182.02,295.505
VIRAR EAST VIRAR (EAST) THANE,1,1,1180.0,1180.0
BHD SPLENDER HALL NASHIK,4,4,1180.0,295.0
TALUK CHENNAI DISTRICT CHENNAI,2,2,1177.0,588.5
NAZAFGARD,2,2,1177.0,588.5
PUKHURIA,12,12,1176.68,98.05666666666667
KOVAIPUDUR,2,2,1176.0,588.0
AMBARNATH THANE BADLAPUR,1,1,1175.0,1175.0
UJWAL PRINTING PRESS PUNE,2,2,1174.0,587.0
VASIND,4,4,1174.0,293.5
LAIKOL,1,1,1174.0,1174.0
SRIPERUMBUDHUR,1,1,1172.0,1172.0
MANANTHAVADY,2,2,1171.76,585.88
RETAIL INDIA LTD BANGALORE,4,4,1171.0,292.75
VIKHARNI NASHIK,11,11,1170.0,106.36363636363636
MADITAKKAM KANCHEEPURAM,3,3,1169.0,389.6666666666667
PAHADA UDAIPUR,4,4,1169.0,292.25
NAGAR AMBEDKAR NAGAR,3,3,1168.31,389.43666666666667
SOUTH JAYANAGAR III BLOCK BANGALORE,1,1,1168.0,1168.0
HABRA (WB),11,11,1167.7,106.15454545454546
NR COMMUNITY HALL SURAT,1,1,1165.74,1165.74
CITY FEROZEPUR,5,5,1165.3,233.06
BHANDARKAR MARG LOWER PAREL MUMBAI,3,3,1165.0,388.3333333333333
SAFDARJUNG ENCLAVE NEW DELHI,5,5,1165.0,233.0
DODDAKALLASANDRA BANGALORE,2,2,1164.0,582.0
STATION GURGAON,2,2,1163.0,581.5
PLOT NO 9/10/11/12 SURAT,6,6,1163.0,193.83333333333334
KOPERKHARINE,1,1,1160.0,1160.0
SUBHASH NAGAR GHATKOPAR WEST MUMBAI,1,1,1160.0,1160.0
AXIS BANK DURGAPUR,1,1,1158.0,1158.0
B LORE NORTH BANGALORE,2,2,1158.0,579.0
BELATHUR,2,2,1157.0,578.5
DHARAPURAM TK,3,3,1155.5,385.1666666666667
BHADRAKALI,10,10,1154.55,115.455
SHIRPUR,2,2,1154.0,577.0
SCHOOL KANDIVALI E MUMBAI,3,3,1154.0,384.6666666666667
OSHIWARA ANDHERI W MUMBAI,2,2,1154.0,577.0
TALUKA-ANJAR GANDHIDHAM,2,2,1154.0,577.0
ILOL,5,5,1153.0,230.6
CHOWK AURANGABAD,8,8,1151.0,143.875
KALAYAT,1,1,1151.0,1151.0
HADAPSAR POST OFFICE PUNE,2,2,1150.0,575.0
GEORAI BEED,9,9,1150.0,127.77777777777777
TULSIWADI MUMBAI MUMBAI,4,4,1150.0,287.5
HOSAKEREHALLI POST BANGALORE,4,4,1150.0,287.5
OF INDIA MUMBAI,5,5,1150.0,230.0
BAPAT MARG LOWER PAREL WEST MUMBAI,1,1,1149.5,1149.5
MAHBOOBNAGAR,5,5,1149.22,229.844
CHANGLANG,1,1,1149.0,1149.0
KURNOOL DIST,1,1,1149.0,1149.0
BANALORE,1,1,1149.0,1149.0
MOHINDERGARH,4,4,1148.76,287.19
RORKEE,1,1,1147.0,1147.0
W G DT,3,3,1146.0,382.0
BANAHATTI,2,2,1145.0,572.5
THANE BOISAR WEST,2,2,1144.0,572.0
CHAK DANAPUR CANTT PATNA,4,4,1143.0,285.75
MUNDI KHARAR,4,4,1140.82,285.205
SCHOOL NAGPUR,7,7,1139.0,162.71428571428572
EAST MIRA BHAYANDER MIRA ROAD THANE,2,2,1138.0,569.0
MEZHUVELY PANCHAYATH,2,2,1137.51,568.755
CUDDALORE DISTRICT,14,14,1137.0,81.21428571428571
BHAVANAGAR,2,2,1136.68,568.34
24 AND 25A GURGAON,1,1,1135.0,1135.0
KALMEGHA,15,15,1135.0,75.66666666666667
RAIKOT,3,3,1134.0,378.0
GANDHI SALAI OMR CHENNAI,1,1,1134.0,1134.0
VATAKARA,9,9,1131.0,125.66666666666667
THIRUVANNAMALAI DIST,3,3,1131.0,377.0
SHOW ROOM LBS MARG,5,5,1130.1,226.01999999999998
STATION CUTTACK,1,1,1130.0,1130.0
TATADOCOMO TOWER SAFIDON,4,4,1130.0,282.5
NAVI MUMBI,1,1,1130.0,1130.0
UMED SWEETS PUNE CITY SWARGATE PUNE,2,2,1127.0,563.5
PAURI GARWAL,1,1,1127.0,1127.0
BUS STAND BANGALORE,1,1,1126.0,1126.0
AMBIVALI EAST,1,1,1125.95,1125.95
PHASE 1 GURGAON,1,1,1125.0,1125.0
SRI GOFWARA,16,16,1125.0,70.3125
SOLAPUR RD HADAPSAR,3,3,1121.8,373.93333333333334
KUNDLI SONIPAT,1,1,1120.0,1120.0
COLLAGE ROAD  NASHIK NASHIK,1,1,1117.0,1117.0
STEEL CTM AMARAIWADI AHMEDABAD,2,2,1112.0,556.0
TAGORE ROAD CIVIL LINES NAGPUR,2,2,1111.3,555.65
RAIGAD RAIGAD,1,1,1111.16,1111.16
CHIKKAMAGALURU,25,25,1111.0,44.44
K R PURAM HOBLI BANGALORE,3,3,1111.0,370.3333333333333
ABOVE YES BANK BANGALROE,3,3,1108.0,369.3333333333333
PARK PHASE-1 HINJEWADI WADI PUNE,2,2,1108.0,554.0
UDYAN MUMBAI,3,3,1107.4,369.1333333333334
BAHARAICH,3,3,1105.0,368.3333333333333
1601259 BANGALORE,1,1,1104.4,1104.4
POLY CLINIC BANGALORE,5,5,1104.0,220.8
SRIPERUMBUDUR TK,23,23,1103.0,47.95652173913044
NOIDA EXPRESSWAY NOIDA,4,4,1102.0,275.5
STATION DELHI,1,1,1100.0,1100.0
WALSALL,1,1,1100.0,1100.0
AHMAD,2,2,1100.0,550.0
ANTA,2,2,1100.0,550.0
SAKINAKA ANDHERI (E) MUMBAI,1,1,1100.0,1100.0
BONGAON,2,2,1100.0,550.0
G.B. NAGAR,4,4,1100.0,275.0
NAGAR PATNA,2,2,1100.0,550.0
VIRAR MUMBAI,1,1,1100.0,1100.0
DHARMSHALA,2,2,1100.0,550.0
HOUSE NEW DELHI,2,2,1099.0,549.5
BETWEEN 10TH TO 11TH BANGALORE,4,4,1099.0,274.75
NARAYANPUR,1,1,1099.0,1099.0
OKHALDHUNGA,8,8,1095.0,136.875
CHOONDAL PANCHAYATH,3,3,1095.0,365.0
DELOITTE DRIVE HYDERABAD,3,3,1094.1399999999999,364.7133333333333
BARIPADA,11,11,1093.49,99.40818181818182
TALAB DHANBAD,3,3,1090.31,363.43666666666667
YEDITHA,2,2,1090.0,545.0
ALLAHABAD ALLAHABAD,7,7,1090.0,155.71428571428572
MIRA ROAD EAST THANE,2,2,1090.0,545.0
VEMAGIRI,3,3,1090.0,363.3333333333333
DWARAKATIRUMALA,1,1,1088.6,1088.6
BASAVANAGUDI BANGALORE,1,1,1088.0,1088.0
ROAD BORIVALI-E MUMBAI,2,2,1086.5,543.25
RD ANDHERI E MUMBAI,1,1,1085.0,1085.0
TANK TADBUND HYDERABAD,6,6,1085.0,180.83333333333334
JUHU MUMBAI,2,2,1084.24,542.12
VIDHYABHAVAN SURAT,8,8,1083.0,135.375
MINJUR,6,6,1082.0,180.33333333333334
NEW LINK ROAD ANDHERI WEST MUMBAI,2,2,1080.0,540.0
ANNAVARAM,3,3,1080.0,360.0
PARK PHASE 1 HINJEWADI PUNE PUNE,1,1,1079.0,1079.0
RUDEL,1,1,1078.0,1078.0
K V RANGA REDDY HYDERABAD,1,1,1077.0,1077.0
CHAKALA ANDHERI -E MUMBAI,1,1,1075.0,1075.0
BLDG NO 11 MUMBAI,5,5,1072.0,214.4
VPM DIST,2,2,1072.0,536.0
MUGLISARA SURAT CITY SURAT,1,1,1071.92,1071.92
(WEST) DIST PALGHAR PALGHAR,2,2,1071.11,535.555
VIJAYAWADA URBAN,2,2,1065.0,532.5
ELPHINSTONE RD MUMBAI,3,3,1065.0,355.0
NAVI UMBAI,2,2,1065.0,532.5
SHREE RESIDENCY SURAT,1,1,1063.76,1063.76
KALAN NORTH WEST DELHI DELHI,1,1,1063.74,1063.74
PETROLEUM BUNK COIMBATORE,4,4,1063.0,265.75
GAR ALI JORHAT,2,2,1063.0,531.5
E WORLD CYBER CAFÉ IMPHAL WEST,1,1,1062.99,1062.99
MADANPLLI,4,4,1061.0,265.25
KOPERKHAIRNE NAVI MUMBAI,1,1,1060.77,1060.77
BALIMORA,1,1,1058.0,1058.0
JAYAPURA MYSORE,1,1,1057.0,1057.0
AMRAVATI WARUD,1,1,1056.58,1056.58
PRAKASH SCHOOL RAJKOT,1,1,1055.0,1055.0
CHAKRADHARPUR,4,4,1054.0,263.5
NURPUR,3,3,1053.9,351.3
SURYAPET NALGONDA (DT),2,2,1053.0,526.5
KHERA,1,1,1050.0,1050.0
BAKERY RD HYDERABAD,2,2,1050.0,525.0
ASHOK NAGAR DHANSAR,3,3,1050.0,350.0
KANDIKUPPA EAST GODAVARI,2,2,1050.0,525.0
KILLORGLIN,1,1,1050.0,1050.0
CHIKKAMGALURU,1,1,1049.0,1049.0
KOLATHUR CHENNAI,26,26,1049.0,40.34615384615385
VASAI (W) THANE,3,3,1048.69,349.56333333333333
NEAR GUEST HOUSE ASWAPURAM,2,2,1046.05,523.025
STN WOC RD RAJAJINAGAR BANGALORE,3,3,1045.0,348.3333333333333
KARKHANA HYDERABAD,2,2,1045.0,522.5
ARAKUZHA,3,3,1044.0,348.0
KUTHA,8,8,1043.0,130.375
NAGAR NORTH E DELHI NEW DELHI,1,1,1043.0,1043.0
ARUPPUKOTTAI,7,7,1043.0,149.0
RAGHUNATHAPUR,2,2,1040.0,520.0
1600806 BANGALORE,3,3,1040.0,346.6666666666667
WANDER BEKARY KOLKATA,8,8,1038.0,129.75
SRK NAGAR POST BANGALORE,2,2,1035.0,517.5
NEAR SWIMMING POOL AREA,2,2,1032.0,516.0
BEGUSRAI,4,4,1032.0,258.0
MUMBAI PAREL MUMBAI,2,2,1031.0,515.5
BURARI NEAR NALA DELHI,9,9,1030.0,114.44444444444444
FAIDABAD,2,2,1029.9,514.95
THOOTHUKUDI DISTRICT,3,3,1029.22,343.0733333333333
SARJAPURA MIAN RD BANGALORE,3,3,1028.0,342.6666666666667
KRISHNA HOTEL NAVI MUMBAI,3,3,1025.0,341.6666666666667
KOLHAOUR,1,1,1025.0,1025.0
BUDR PUNE,1,1,1022.0,1022.0
SERVICEMAN COLONY PUNE,6,6,1021.3,170.21666666666667
SINGH SABHA NAGPUR,16,16,1020.0,63.75
AXIS BANK DELHI,1,1,1020.0,1020.0
KANNIYA KUMARI,3,3,1018.0,339.3333333333333
SURAT CITY SURAT,5,5,1018.0,203.6
MUGHALSARAI,1,1,1017.25,1017.25
DOMBIVALI EAST KALYAN THANE,2,2,1016.4,508.2
KALYANI MOTORS BANGALORE,1,1,1016.0,1016.0
POONAM CHAMBERS WORLI MUMBAI,7,7,1016.0,145.14285714285714
KARKALA TALUK,1,1,1013.0,1013.0
SARDAR CHOWK SURAT,3,3,1012.56,337.52
MOTIHARI,7,7,1012.0,144.57142857142858
BURAKOTA ALMORA,6,6,1012.0,168.66666666666666
CHAKDAH,1,1,1011.5,1011.5
MANI DAMAN,3,3,1011.3,337.09999999999997
PURVICHAMPARAN,5,5,1010.7,202.14000000000001
12 DWARKA NEW DELHI,3,3,1010.0,336.6666666666667
RAIGARG,1,1,1008.63,1008.63
GHAZIABAD (NCR),2,2,1008.0,504.0
ALBION,2,2,1008.0,504.0
VILLAGE ROAD BANGLORE,3,3,1007.01,335.67
SAMAYAN-AURAIYA,7,7,1006.0,143.71428571428572
SINGHBHUM JAMSHEDPUR,5,5,1005.56,201.112
OZAR(MIG) TAL NIPHAD,3,3,1005.0,335.0
TARAPORE GARDEN OSHIWARA MUMBAI,6,6,1004.0,167.33333333333334
CHHIPIPURA BORISARAY E NIRMAR,1,1,1003.0,1003.0
LUPUNG,1,1,1002.0,1002.0
UP HANDLOOMS HYDERABAD,3,3,1001.0,333.6666666666667
MADHUBAN TOWNSHIP,1,1,1000.0,1000.0
KANDIVALI EAST,1,1,1000.0,1000.0
KRISHNA DT,1,1,1000.0,1000.0
NAGPUR WARD NO 49 NAGPUR,1,1,1000.0,1000.0
CYBERCITY GURGAON,1,1,1000.0,1000.0
NELLORE DARGAMITTA,1,1,1000.0,1000.0
ALMORA BHIKIYASEN,2,2,1000.0,500.0
CHAKDAHA,1,1,1000.0,1000.0
LOWER PAREL WEST MUMBAI,1,1,1000.0,1000.0
COURIER CHENNAI,1,1,1000.0,1000.0
SRIPRUMBUDUR,1,1,1000.0,1000.0
SHRIGONDA,1,1,1000.0,1000.0
KHAIR,1,1,1000.0,1000.0
VADSAR 40 MEETER RING ROAD VADODARA,1,1,1000.0,1000.0
CHEMBURKAR RD MUMBAI,1,1,1000.0,1000.0
GHARAUNDA,2,2,1000.0,500.0
THIRUVIDANTHAI,5,5,1000.0,200.0
NAGAR RUDRAPUR,2,2,1000.0,500.0
KHATAV SATARA,7,7,1000.0,142.85714285714286
JEHANGIR HOSPTL PUNE,1,1,1000.0,1000.0
BEHIND YES BANK LTD PUNE,1,1,1000.0,1000.0
BOISAR BOISAR,1,1,1000.0,1000.0
NAGAR GREATER NOIDA,1,1,1000.0,1000.0
F N QURESHI MUMBAI,1,1,1000.0,1000.0
GARHIAGAON JHANSI,1,1,1000.0,1000.0
JALALABAD WEST,1,1,1000.0,1000.0
EXCHANGE PATHANKOT,1,1,1000.0,1000.0
SWEETS BANGALORE,2,2,1000.0,500.0
GARDEN PUNE,1,1,1000.0,1000.0
GAYESHPUR,2,2,1000.0,500.0
UDAWADA,2,2,1000.0,500.0
UTTARA HALLI MAIN RD BANGALORE,1,1,1000.0,1000.0
MCDONALDS MUMBAI,1,1,1000.0,1000.0
HIGHWAY AHMEDABAD,1,1,1000.0,1000.0
MUMBAI AGRA ROAD NASHIK,7,7,1000.0,142.85714285714286
GURGAON-1 TEH GURGAON GURGAON,2,2,1000.0,500.0
KANGHTALI,1,1,1000.0,1000.0
DIST PUNE DHAKALE,1,1,1000.0,1000.0
AREA WHITE FIELD BANGALORE,1,1,1000.0,1000.0
LAYOUT BOGADHI MYSORE,1,1,1000.0,1000.0
MANDI GURHARSAHI,1,1,1000.0,1000.0
MANDIGOBINGARH,1,1,1000.0,1000.0
VIDHALAYA NOIDA,1,1,1000.0,1000.0
PUDUKKOTTAI DT,2,2,1000.0,500.0
ARCADE NAVI MUMBAI,1,1,1000.0,1000.0
HANUMAN TEMPLE HYDERABAD,1,1,1000.0,1000.0
TAMIL NADU  HOSUR,1,1,1000.0,1000.0
PANOOR,1,1,1000.0,1000.0
ACADEMY BANGALORE,1,1,1000.0,1000.0
DHAYRI PUNE,5,5,1000.0,200.0
(SOMWARPET KODAGU),1,1,1000.0,1000.0
YERRAVARIPALEM,1,1,1000.0,1000.0
MANTAPA BANGALORE,2,2,999.04,499.52
MURGASOL,1,1,999.0,999.0
PURA BANGALORE,1,1,999.0,999.0
13-5-431/A/1 HYDERABAD,6,6,997.0,166.16666666666666
ASHRAM SOCIETY MUMBAI,8,8,995.36,124.42
BORIAVI ANAND,1,1,995.0,995.0
MALAD (W) KHARODI MUMBAI,2,2,995.0,497.5
DGL,3,3,993.5,331.1666666666667
(METRO) NR RAM MANDIR KAMRUP(METRO),2,2,991.0,495.5
"WORLI, MUMBAI",2,2,990.0,495.0
ANCHOR POWER GYM CHENNAI,3,3,990.0,330.0
NERUL BARDEZ,5,5,989.0,197.8
RAMNAD,8,8,986.0,123.25
SINGHBHUM KALI MANDIR TATANAGAR,2,2,986.0,493.0
TAL KHED DIST PUNE,4,4,985.0,246.25
ACADEMY SAMASTIPUR,5,5,985.0,197.0
SAHIBJADAAJIT SINGH NAGAR,4,4,985.0,246.25
PRIMARY SCHOOL HYDERABAD,1,1,980.0,980.0
AIROLI TEHSIL THANE THANE,2,2,980.0,490.0
JAITALA NAGPUR,3,3,979.38,326.46
MARKET BANDRA (W) MUMBAI,2,2,978.0,489.0
TEMPLE STREET BANGALORE,2,2,977.0,488.5
BHAVANI SHANKAR ROAD MUMBAI,3,3,976.0,325.3333333333333
GLENGOWRIE,2,2,974.0,487.0
SOMESWARAPURAM TUMKUR,3,3,970.98,323.66
DAIRY DEPO HAORA,2,2,970.62,485.31
VIRAR E PALGHAR,1,1,970.0,970.0
KAMGAR HOSPITAL MUMBAI,2,2,969.0,484.5
NAKA CHARKOP KANDIVALI (W) MUMBAI,4,4,969.0,242.25
R T NAGAR BANGALORE,2,2,968.0,484.0
MUMBAI SUBURBAN MUMBAI,2,2,967.0,483.5
MANESAR,2,2,966.0,483.0
KARORA,4,4,964.0,241.0
BHUBANESWER,1,1,963.73,963.73
WILLOUGHBY,2,2,963.0,481.5
MEERA BAI HOSPITAL HOSUR,2,2,961.87,480.935
GHATAL,1,1,960.55,960.55
RATALAM,4,4,960.0,240.0
DISTT PANIPAT PANIPAT,3,3,959.0,319.6666666666667
KALYAN THANE KALYAN,1,1,959.0,959.0
DHARAVI EAST MUMBAI,3,3,958.41,319.46999999999997
OPP SBI NELLORE,2,2,958.0,479.0
TO SBM BANGALORE,3,3,955.28,318.4266666666667
MUNICIPALITY KOLKATA,2,2,952.0,476.0
ANGADY,2,2,952.0,476.0
PATTUKOTTAI,4,4,950.0,237.5
JEWELLER SURAT,3,3,950.0,316.6666666666667
SEKMAI,6,6,950.0,158.33333333333334
NIETAN PUBLIC SCHOOL DELHI,2,2,950.0,475.0
CHAVARA,10,10,949.0,94.9
ROAD WAKAD PUNE,3,3,949.0,316.3333333333333
BACKSIDE TIRUPUR,2,2,949.0,474.5
SALGAON,8,8,948.88,118.61
SAROOR NAGAR,1,1,947.0,947.0
PANVEL NAVI MUMBAI,2,2,945.3,472.65
RAMANAGARA,7,7,944.0,134.85714285714286
PURWI CHAMPARAN,1,1,943.0,943.0
NAVI MUMBAI NERUL (W),4,4,940.0,235.0
POST KANDRA JAMSHEDPUR,2,2,940.0,470.0
NR FISH MARKET MUMBAI,1,1,940.0,940.0
MUMBAI JUHU SCHEME,1,1,935.0,935.0
UDGIR LATUR,8,8,932.0,116.5
ELECTRIC VASAI,2,2,931.95,465.975
BHUANESWAR,2,2,930.9,465.45
BEWAR,2,2,930.0,465.0
MORE MKT VISAKHAPATNAM,5,5,930.0,186.0
KID ZEE SCHOOL SILHAR,2,2,929.0,464.5
EAST GODAVARI (DISTRICT),3,3,927.5799999999999,309.1933333333333
KANNYAKUMARI,17,17,927.0,54.529411764705884
PIDUGURALLA,1,1,926.0,926.0
SHRIMUKTSAR SAHIB,1,1,926.0,926.0
KHARGAPUR,1,1,925.0,925.0
PETROL BUNK VISAKHAPATNAM,3,3,925.0,308.3333333333333
SIKANDRABAD,2,2,920.0,460.0
SALEM RURAL,6,6,919.0,153.16666666666666
THANE BELAPOUR RD MIDC NAVI MUMBAI,1,1,918.7,918.7
ARUVAPPULAM,3,3,918.0,306.0
SECTOR-11 MATRO STATION NEW DELHI,3,3,915.54,305.18
BOLARUM HYDERABAD,3,3,915.1,305.03333333333336
SHIBIRA JAVAL MUMBAI,6,6,915.0,152.5
PUMP MAHAPE NAVI MUMBAI,2,2,915.0,457.5
SOCIETY PUNE,17,17,914.0,53.76470588235294
BAGDOGRA,2,2,913.0,456.5
MIRZAPAR,1,1,911.6,911.6
KOLKATA NEAR LINDSAY KOLKATA,2,2,910.0,455.0
COMPANY MUMBAI,1,1,910.0,910.0
SBI BANK MUMBAI,1,1,909.64,909.64
KALYANI NAGAR VADAGAON SHERI PUNE,10,10,908.0,90.8
INSTA AC,4,4,908.0,227.0
GOPALPUR,1,1,907.0,907.0
SANT RAVIDASNAGAR,2,2,906.31,453.155
ROAD KALOOR POST KOCHI,3,3,905.35,301.78333333333336
DRINK BHIWANDI,1,1,905.0,905.0
BUDRUK,1,1,904.64,904.64
MATUNGA (E) MUMBAI,2,2,904.2,452.1
BEKHAMPUR,1,1,903.0,903.0
BAIPAS JAIPUR,7,7,902.0,128.85714285714286
NXT TO JEHANGIR HOSPITAL PUNE,1,1,902.0,902.0
BANGARPET,3,3,901.0,300.3333333333333
CHETTY GARDENS BANGALORE,3,3,901.0,300.3333333333333
SALVADOR DO MUNDO,1,1,900.0,900.0
SCHOOL GHAZIABAD,3,3,900.0,300.0
VILL TOWN CITY KALYAN THANE,8,8,900.0,112.5
STILLORGAN,1,1,900.0,900.0
GUWAHATI KAMRUP,1,1,900.0,900.0
DIST BHOJPUR,2,2,900.0,450.0
BDA COMPLEX BANGALORE,3,3,900.0,300.0
SAFEDPOOL ANDHERI (E) MUMBAI,3,3,900.0,300.0
PANVEL JCI KAMOTHE RAIGARH,2,2,900.0,450.0
SHOP NOIDA,1,1,900.0,900.0
DHE KAHA ANSH,2,2,900.0,450.0
NAGAR BALTANA,1,1,900.0,900.0
MURAD NAGAR,6,6,899.0,149.83333333333334
JANU PADA MUMBAI,2,2,899.0,449.5
GUDIVADA,1,1,898.0,898.0
BHIWANDI THANE DIST,3,3,895.74,298.58
CHALA VAPI,2,2,895.0,447.5
KAPPUR PANCHAYATH,2,2,895.0,447.5
EZHUPUNNA ALAPPUZHA,1,1,895.0,895.0
YOKOHAMA-SHI,2,2,894.84,447.42
ASHRAM HOOGHLY,2,2,894.0,447.0
HOSPET,1,1,893.0,893.0
JOYPUR,2,2,892.0,446.0
PHARMA BANGALORE,2,2,890.0,445.0
BUDDHA NAGAR GREATER NOIDA,3,3,888.0,296.0
GUIRIM BARDEZ,9,9,887.44,98.60444444444445
VARKALA,2,2,887.0,443.5
AMRITSAR- 1,2,2,884.0,442.0
KANNAD AURANGABAD,24,24,884.0,36.833333333333336
NAGDA,5,5,880.81,176.16199999999998
INDIA,5,5,880.0,176.0
CHANDLODIYA AHMEDABAD,1,1,880.0,880.0
SWAIMADHOPUR,1,1,880.0,880.0
EXCHANGE RD ANDHERI E MUMBAI,2,2,877.0,438.5
HIGHCOURTJABALPUR,1,1,876.8,876.8
AMIRCHAND HIGHSCHOOL MUMBAI,2,2,875.0,437.5
SHANKAR MUMBAI,1,1,875.0,875.0
BAHRAIN,2,2,874.71,437.355
EXTON,1,1,871.0,871.0
BANK MUMBAI,3,3,870.0,290.0
CITY DELHI,2,2,870.0,435.0
BADAPARA,1,1,870.0,870.0
RAIGAD PANVEL,1,1,870.0,870.0
SATIVALI VASAI E THANE,1,1,869.0,869.0
RAJAPALAYAM TALUK,2,2,869.0,434.5
KANDIVALI W,2,2,867.0,433.5
MASA BILIMORA,9,9,866.0,96.22222222222223
PENNAGARAM,1,1,866.0,866.0
ERODE DT,2,2,865.26,432.63
DONGARI GOREGAON WEST MUMBAI,8,8,863.5,107.9375
GHATKOPAR(W) MUMBAI,1,1,863.0,863.0
THANE(WEST),2,2,863.0,431.5
NAGAR BANGALORE SOUTH,2,2,860.69,430.345
BAZAR AMBARNATH THANE,1,1,860.0,860.0
CHINNAPANAICKENPALAYAM CUDDALORE,1,1,860.0,860.0
HUSSAFAH,1,1,857.0,857.0
PALAVAYAL,1,1,856.0,856.0
RAMANAGARAM DIST,2,2,855.45,427.725
24 PGS,4,4,853.0,213.25
CHIKKKABALLAPUR,1,1,853.0,853.0
KESHIYA,2,2,853.0,426.5
GORGAON,3,3,852.0,284.0
KONAPPANA AGRAHARA BANGALORE,1,1,852.0,852.0
CHICHWAD PUNE,2,2,850.3,425.15
S O THANE NAVI MUMBAI,1,1,850.0,850.0
PAREL VILLAGE PAREL MUMBAI,2,2,850.0,425.0
BADHERI CHANDIGARH,2,2,850.0,425.0
PARA KOLKATA,1,1,850.0,850.0
GHAZIABAD GHAZIBAD,2,2,850.0,425.0
RLY ST VASHI NAVI MUMBAI,3,3,849.0,283.0
MOGAR,1,1,849.0,849.0
DHURWA,1,1,848.01,848.01
SHERGHATI,3,3,846.75,282.25
ALAPUZHA DT,6,6,846.0,141.0
157/4 NEELKANTH NAGAR MUMBAI,4,4,845.0,211.25
PATIALA PATIALA,7,7,844.0,120.57142857142857
HAJAPSAR PUNE,5,5,842.15,168.43
INDANE GAS DEALER BANGALORE,5,5,841.0,168.2
VAJAN KATA PUNE,1,1,840.13,840.13
VAISHALI VAISHALI,1,1,840.0,840.0
PREMISES ULHASNAGAR,1,1,840.0,840.0
KOTTANGAL,1,1,838.0,838.0
RESTURANT JAIPUR,2,2,837.0,418.5
BANK PATASPUR BRANCH PURBOMEDINIPUR,2,2,834.21,417.105
MANGATTIDAM,4,4,834.0,208.5
SUNDARPUR,9,9,834.0,92.66666666666667
BORAWAR NAGAUR,6,6,833.87,138.97833333333332
GUDIYATTAM,3,3,832.64,277.5466666666667
MALIGRAM,1,1,832.0,832.0
DISTT LATUR LATUR,1,1,831.75,831.75
DIVISION ELPHINSTONE  MUMBAI,2,2,831.0,415.5
ROAD DELHI,3,3,830.0,276.6666666666667
MANTAPAM HOSUR,2,2,830.0,415.0
ANDAL BURDWAN,1,1,828.0,828.0
COURT BANGALORE RURAL,2,2,827.75,413.875
ANUPSHAHR,1,1,827.13,827.13
THIRTHALLI,3,3,826.5,275.5
DINHATA,9,9,826.0,91.77777777777777
HAJARIBAG HAJARIBAG,4,4,825.2,206.3
RATNAGIRI PALI,3,3,825.0,275.0
HOSPITAL RANCHI,6,6,824.8,137.46666666666667
SIVAKASI TK,1,1,824.0,824.0
FOUNDATION SCHOOL MUMBAI,2,2,822.1700000000001,411.08500000000004
BAHADORGARH,2,2,822.0,411.0
HOSHIAR PUR,1,1,821.0,821.0
RAIBAREILY,1,1,820.0,820.0
CLASSES MUMBAI,1,1,816.0,816.0
RENAPUR,2,2,815.6400000000001,407.82000000000005
DHERADUN,5,5,813.0,162.6
SAHIB FATEHGARH SAHIB,2,2,811.0,405.5
KALIGIRI,1,1,810.0,810.0
PAREDE MUMBAI COLABA,1,1,809.0,809.0
ANDHERI (E ) MUMBAI,3,3,808.0,269.3333333333333
MANDIR HATIARA NORTH 24 PARGANAS,1,1,807.93,807.93
RAILWAY STN ELPHINSTONE ROAD MUMBAI,4,4,807.58,201.895
TANAJI NAGAR MALAD E MUMBAI,4,4,806.91,201.7275
ROAD EMPID P11430 BANGALORE,3,3,805.0,268.3333333333333
CIRCLE UDAIPUR,2,2,804.9,402.45
TILAKNAGAR,1,1,804.3,804.3
RAMANGARAM,2,2,802.0,401.0
NEAR SRIYA SQUARE BHUBANESHWAR,1,1,801.0,801.0
EXTN-2 SHAKARPUR  DELHI,1,1,801.0,801.0
MUMBAI HIGHWAY PUNE,1,1,800.0,800.0
JHAYESI,1,1,800.0,800.0
COMPLEX PUNE,1,1,800.0,800.0
UCHANA,1,1,800.0,800.0
KALA CHOWKI MUMBAI,2,2,800.0,400.0
NARIMAN POINT MUMBAI,2,2,800.0,400.0
BHUNA,2,2,800.0,400.0
YADQIR,1,1,800.0,800.0
SARJAPURA OUTER RING RD BANGALORE,1,1,800.0,800.0
CHIMBLI PHATA PUNE,1,1,800.0,800.0
DESAI RD MUMBAI,2,2,800.0,400.0
BHAWANIPATNA,1,1,800.0,800.0
JAJPUR(DISTRICT),1,1,799.65,799.65
MANDIR  NAGPUR,1,1,799.0,799.0
MANDAPESHWAR MUMBAI (SUBURBAN),1,1,799.0,799.0
KOPAR KHAIRANE,2,2,799.0,399.5
THANJVUR,1,1,799.0,799.0
SULDUNG,1,1,798.51,798.51
VIVEKANAND STATUE DURGAPUR,1,1,796.0,796.0
RD NO 4 HYDERABAD,2,2,796.0,398.0
CITY MUMBAI,3,3,795.64,265.2133333333333
KANDIVALI-E MUMBAI,1,1,795.0,795.0
BAPAT MARG LOWER PAREL WORLI,1,1,795.0,795.0
MALOUT (PUNJAB),8,8,794.19,99.27375
CHIKKAMANGALORE,3,3,792.0,264.0
VIEW NURSING HOME SILCHAR,2,2,791.7,395.85
ZADESHWAR,1,1,791.0,791.0
MEENACHIL,5,5,791.0,158.2
MANDIR GOHANA,1,1,791.0,791.0
SHIVAGANGA,2,2,790.0,395.0
TATANAGAR,1,1,789.0,789.0
KALEWADI VILL/TOWN/CITY PUNE,1,1,788.76,788.76
DISTRICT KENDRAPARA,1,1,787.0,787.0
BRIGADE ALTAMONT BANGALORE,2,2,786.1,393.05
SARAN PATNA,4,4,786.0,196.5
GUTHANISIWAN,1,1,785.95,785.95
FLYING CLUB ADJACENT KOLKATTA,2,2,785.5,392.75
ICHALAKARANJI,1,1,785.4,785.4
SARRANG,17,17,785.0,46.1764705882353
GONTUVANI PALEM,1,1,784.0,784.0
COLLEGE HYDERABAD,2,2,782.63,391.315
SANGANER JAIPUR,1,1,780.18,780.18
MANESAR GURGAON,1,1,780.0,780.0
INDIA VADODARA,1,1,780.0,780.0
DHIGI PUNE,2,2,780.0,390.0
RESTARENT PUNE,1,1,778.0,778.0
CHUNNABHATTI SIGNAL MUMBAI,1,1,777.0,777.0
DIST UKHRUL,1,1,777.0,777.0
KASOR,5,5,777.0,155.4
OPP CRPF BANGALORE,2,2,775.0,387.5
RAGA MUMBAI,2,2,772.36,386.18
RUDRAPUR DIST U S NAGAR RUDRAPUR,1,1,772.0,772.0
TEEKOY,10,10,771.0,77.1
MUNDAKAYAM,4,4,770.76,192.69
MAHUAR,1,1,769.0,769.0
KHUSKHERA,1,1,768.0,768.0
VILLAGE SOUTH WEST DELHI DELHI,2,2,766.0,383.0
SAROVAR PUNE,3,3,765.2,255.0666666666667
GHANSOLI THANE,2,2,765.0,382.5
MEGHPAR,3,3,764.3,254.76666666666665
APPT BANGALORE NORTH BANGALORE,1,1,764.28,764.28
VILLAGE KANDIVALI E MUMBAI,2,2,763.0,381.5
KOTTOPPADAM PO,9,9,763.0,84.77777777777777
STATION VARACHHA,6,6,760.0,126.66666666666667
KHAGUL PATNA,5,5,760.0,152.0
KOVVUR WEST GODAVARI,1,1,757.4,757.4
TIRUVANNAMAI,1,1,756.0,756.0
SANGRUR PUNJAB DHURI,1,1,756.0,756.0
JOSHI RD ELPHINSTONE MUMBAI,1,1,755.0,755.0
MADURAI (DT),1,1,754.45,754.45
ROSHANBAGH,2,2,753.0,376.5
RATANPUR,7,7,753.0,107.57142857142857
DAVANGERE (DT),2,2,752.0,376.0
PUNE OPP IDBI BANK PUNE,3,3,750.6,250.20000000000002
CHANANACHERRY,1,1,750.0,750.0
MOTILAL NAGAR MUMBAI,2,2,750.0,375.0
DEPALPUR,1,1,750.0,750.0
KOLHAPUR RANGOLI,1,1,750.0,750.0
NR BIG BAZAR NASHIK,2,2,750.0,375.0
ROOM OPP AXIS BANK BRANCH MUMBAI,1,1,750.0,750.0
BALANAGAR RANGAREDDY,2,2,750.0,375.0
BHYANDAR E THANE,1,1,750.0,750.0
NAGAR BUS STOP HYDERABAD,1,1,750.0,750.0
NEXT TO ASHOK AUTO GARAGE MUMBAI,2,2,750.0,375.0
BABA TEMPLE BANGALORE,2,2,749.0,374.5
DOMBIVALI (W) THANE,1,1,748.6,748.6
BALURGHAT,1,1,748.0,748.0
DHANBAD NIRSA,1,1,748.0,748.0
PALLIPALAYAM,2,2,748.0,374.0
TALUK KANCHEEPURAM,14,15,748.0,49.86666666666667
NAGAI DT,6,6,747.0,124.5
BARODA-VADODARA,1,1,747.0,747.0
DISTT JHAJJAR,3,3,744.0,248.0
(PIGEN) BANGALORE,5,5,744.0,148.8
THANE SHRI ARIHAT COMPOUND THANE,2,2,743.0,371.5
VERSOVA ANDHERI WEST MUMBAI,1,1,743.0,743.0
COMPLEX BORIVALI (E) MUMBAI,4,4,742.34,185.585
HASIMARA,3,3,741.0,247.0
UDAYARPALAIYAM,12,12,741.0,61.75
SCHOOL HABRA,3,3,740.12,246.70666666666668
BANERGHATTA ROAD BANGALORE,4,4,740.0,185.0
MANDAWALI,1,1,736.0,736.0
MADHYA VIDYALAYA DHANBAD,15,15,735.0,49.0
VODAFONE MUMBAI,1,1,731.0,731.0
MUMBAI WORLI COLONY MUMBAI,6,6,730.0,121.66666666666667
JAMUL,1,1,730.0,730.0
NAGAR THANE,4,4,730.0,182.5
VAGHASI,4,4,724.0,181.0
KARYALAY PUNE,2,2,724.0,362.0
NALLASOPARA EAST PALGHAR,1,1,723.8,723.8
GWALIOR RESIDENCY,1,1,723.0,723.0
SHASTRINAGAR SAKINAKA MUMBAI,7,7,720.0,102.85714285714286
NR SANTOSHI MATA MANDIR DOMBIVALI W,1,1,720.0,720.0
SALAI PUDUCHERRY,1,1,720.0,720.0
RANOLI,7,7,720.0,102.85714285714286
KAYLA,2,2,720.0,360.0
PANIAPT,1,1,718.0,718.0
SHARMA GENERAL STORE GHAZIABAD,1,1,717.0,717.0
DENKANNIKOTTAI,2,2,717.0,358.5
PAYAL,3,3,715.51,238.50333333333333
SRINGERI,1,1,715.0,715.0
QUTHBULLAPUR,1,1,715.0,715.0
SAHAR RD ANDHERI (E) MUMBAI,1,1,715.0,715.0
UDWADA,2,2,712.52,356.26
HEALTHCARE BACK VISAKHAPATNAM,1,1,711.0,711.0
CANACONA SOUTH GOA,1,1,710.65,710.65
KHANPUR,5,5,708.25,141.65
DIST SOLPAUR,6,6,708.0,118.0
AMBARNATH KALYAN EAST THANE,2,2,707.0,353.5
VIDYAGIRI,2,2,706.9,353.45
RAVINUTHALA PRAKASAM,2,2,706.0,353.0
CHUTNEYS HOTEL VISAKHAPATNAM,2,2,703.56,351.78
DINAJPUR,4,4,703.0,175.75
HE NR POCHAMMA TEMPLE MEDAK,5,5,702.7,140.54000000000002
KOSAMBA,1,1,700.0,700.0
NALASOPARA ( E ) THANE,1,1,700.0,700.0
THIRUPATHI CHITTOOR,1,1,700.0,700.0
CHOWNK LUDHIANA,2,2,700.0,350.0
"DOMBIVALI -WEST,THANE",1,1,700.0,700.0
BEHIND SANGEETA MOBILES BANGALORE,1,1,700.0,700.0
PETROL PUMP CHIKHLI,5,5,700.0,140.0
BISALPUR,1,1,700.0,700.0
SRIGANAGAR,1,1,700.0,700.0
NR UNITY HOSPITAL BANGALORE,1,1,700.0,700.0
BISINGHBHUM JAMSHEDPUR,19,19,700.0,36.8421052631579
TEHSIL VASAI DISTT THANE,2,2,700.0,350.0
"POINTS HOTEL VADGAONSHERI,PUNE",2,2,700.0,350.0
HIGH SCHOOL JOGESHWARI E SO MUMBAI,2,2,700.0,350.0
AGENCY GREATER NOIDA,2,2,700.0,350.0
NASHIK 3,1,1,700.0,700.0
MADHOPUR,3,3,699.0,233.0
CUNCOLIM SALCETE,3,3,699.0,233.0
SUNABEDA,2,2,697.0,348.5
KIDNEY CENTER COIMBATORE,3,3,697.0,232.33333333333334
NAGAI,3,3,697.0,232.33333333333334
TALUKA MAVAL PUNE,2,2,697.0,348.5
HUGLY,2,2,697.0,348.5
GROSSERY SHOP MEDINIPUR,1,1,697.0,697.0
BARIGADE ROAD AREA BANGALORE,1,1,696.95,696.95
CHOPAL NEW DELHI,5,5,696.64,139.328
ACANTT,1,1,696.0,696.0
UTHUKOTTA I,1,1,695.0,695.0
YELLUKUNTE BANGALORE,1,1,695.0,695.0
N H NO 8 VAPI VAPI,1,1,695.0,695.0
KADAVUR TALUK,1,1,695.0,695.0
KHUNDIAN,2,2,692.0,346.0
BEHIND BIRLA TEXTILE BADDI,1,1,690.0,690.0
VELACHERY CHENNAI,2,2,690.0,345.0
MILL MUMBAI,2,2,690.0,345.0
SHIVGANJ,2,2,690.0,345.0
EAST THANE THANE,4,4,690.0,172.5
NAROLI NAROLI,4,4,690.0,172.5
GOBARDANGA,1,1,689.0,689.0
AMBARNATH EAST,1,1,689.0,689.0
KANJURMARG W MUMBAI,2,2,687.0,343.5
9 HOTEL PUNE,1,1,683.0,683.0
ZION SCHOOL CHENNAI,2,2,682.0,341.0
PETROL PUMP BHANDUP W MUMBAI,6,6,679.0,113.16666666666667
PURBA JADAUPUR,5,5,677.15,135.43
NILAYAM HYDERABAD,1,1,675.0,675.0
DADAR WEST MUMBAI,1,1,675.0,675.0
CHOWKI KAJUPADA JARIMARI MUMBAI,2,2,675.0,337.5
MAHALPAT KANGRA,1,1,673.0,673.0
SUBBAL,3,3,672.0,224.0
HOSPITAL VISAKHAPATNAM,1,1,670.0,670.0
SAVITRI APARTMENT KALYAN,17,17,670.0,39.411764705882355
THE ACRCE CLUB CHEMBUR MUMBAI,1,1,670.0,670.0
KAMOTHE MUMBAI,3,3,670.0,223.33333333333334
GURGAON ROAD DUNBAHERA GURGAON,3,3,669.11,223.03666666666666
JOGESHWARI EAST MUMBAI,2,2,669.0,334.5
NAMBOL,1,1,668.0,668.0
MUMBAI CITY (MH) MUMBAI,5,5,667.42,133.48399999999998
KHOKHARA AHMEDABAD,1,1,667.0,667.0
PARK BHAYANDAR EAST THANE,1,1,667.0,667.0
JOGESHWARI PURV MUMBAI,2,2,666.0,333.0
MALLAPPALLY,5,5,664.0,132.8
TIRUVAURR,1,1,664.0,664.0
VIRAR THANE,1,1,662.44,662.44
ASHRAM MUMBAI,7,7,662.23,94.60428571428572
OPP VASHI RLY STN VASHI NAVI MUMBAI,2,2,662.0,331.0
NODE 3 NAVI MUMBAI,1,1,662.0,662.0
GAON AIROLI NAVI MUMBAI,1,1,661.29,661.29
GREATOR NOIDA WEST,1,1,660.0,660.0
THAKURDWAR MUMBAI,2,2,660.0,330.0
SINGH NAGAR NO 2 GOREGAON W MUMBAI,2,2,660.0,330.0
RESIDENCY HOTEL BANGALORE,1,1,660.0,660.0
BAMBOLIA,1,1,659.0,659.0
NAGEERCOIL,4,4,659.0,164.75
MYSORE BANGALORE,1,1,658.0,658.0
RADPURA,1,1,658.0,658.0
SINDHUDURGA,3,3,658.0,219.33333333333334
PUNE CHINCHWAD,3,3,657.0,219.0
JAFRABAD,1,1,657.0,657.0
SANGAREDDY,6,6,656.9,109.48333333333333
NALLOSOPARA E THANE,1,1,655.61,655.61
KHONGOM,10,10,655.0,65.5
NEAR SIVAGANGAI DIST,2,2,655.0,327.5
REDDIYUR SALEM,2,2,654.0,327.0
ALAM ROZA AHMEDABAD,2,2,654.0,327.0
AMALSADA,6,6,653.0,108.83333333333333
CUMBALLA HILL MUMBAI,2,2,651.0,325.5
DERABASSI ZIRAKPURI,1,1,651.0,651.0
MAHINDRA TOWERS MUMBAI,2,2,650.0,325.0
ABHANPUR,4,4,650.0,162.5
KORMANGALA 1ST BLOCK BANGLORE,1,1,650.0,650.0
DANDELI,1,1,650.0,650.0
ROAD ASHOKNAGAR POST MANGALORE,7,7,650.0,92.85714285714286
NR SPARSHA HOSPITAL BANGALORE,1,1,650.0,650.0
BHATAPARA,8,8,650.0,81.25
PACHORE,2,2,649.0,324.5
KAVERI PATTINAM,1,1,649.0,649.0
TALUK KANCHIPURAM DISTRICT,1,1,648.14,648.14
GORAKPUR,2,2,648.0,324.0
NAGAR DELHI,8,8,646.0,80.75
NEAR BHAYANDER FLYOVE THANE,2,2,645.4,322.7
PALLIPPATU,1,1,645.0,645.0
DIVA EAST,4,4,645.0,161.25
VIDYARANYAPURA BANGALORE,2,2,644.3199999999999,322.15999999999997
GHATAMPUR,10,10,643.0,64.3
DOMBIVALI (WEST),2,2,643.0,321.5
EAST AAREYMILK COLONY MUMBAI,1,1,643.0,643.0
PHASE III GURGAON,8,8,642.2,80.275
SCHOOL MOSHI PUNE,1,1,642.1,642.1
KAILSA,10,10,642.0,64.2
MSRIT CAMPUS BANGALORE,4,4,640.0,160.0
ROAD UNJHA,4,4,639.62,159.905
BORIVLI (WEST) MUMBAI,1,1,639.0,639.0
LAKHANI KIRANA ITARSI,4,4,638.0,159.5
AIRTEL BLDG GURGAON,1,1,637.39,637.39
KHAMMAM DT,1,1,636.84,636.84
THANE (M CORP),1,1,635.0,635.0
RAIBAREILLY,2,2,635.0,317.5
MANDIR THANE,1,1,635.0,635.0
JAMBULKARWADI ROAD PUNE PUNE,1,1,635.0,635.0
APPARTMENT KOLKATA,12,12,635.0,52.916666666666664
PRABHADEVI  KHED GULLY MUMBAI,1,1,635.0,635.0
SAWAIMADHOPUR,8,8,635.0,79.375
DOUBLE RD BANGLORE,4,4,632.0,158.0
BHAVANI,2,2,630.0,315.0
KOKRAJHAR,6,6,630.0,105.0
BEMETARA,3,3,630.0,210.0
NAGAR AZAD NAGAR MUMBAI MUMBAI,7,7,629.49,89.92714285714285
MUNDAWAR,4,4,629.0,157.25
BHAYANDER EAST THANE,7,7,628.0,89.71428571428571
KADLAS,2,2,628.0,314.0
KANNAMANGALA BANGALORE,1,1,627.2,627.2
GURUNANAK DHARMASHALA INDORE,4,4,627.0,156.75
PARK PHASE-01 HINJEWADI PUNE,2,2,625.0,312.5
PANDURANGAPURAM VISAKHAPATNAM,3,3,625.0,208.33333333333334
NO 2 SECTOR 17 ROHINI NEW DELHI,2,2,625.0,312.5
HHI BHUBANESWAR,1,1,624.0,624.0
JUNAGAOH,3,3,623.0,207.66666666666666
TIRUPATHI URBAN,1,1,623.0,623.0
JAVAL THANE EAST DIST THANE THANE,2,2,622.29,311.145
SHOWROOM WAKAD PUNE,2,2,621.0,310.5
BALASAUR,1,1,620.36,620.36
AGILA COMPANY BACK SIDE HOSUR,1,1,620.0,620.0
BEHIND CHENNAI,1,1,620.0,620.0
ROOP NAGAR,2,2,619.0,309.5
P O GOPALPURI TAL ANJAR GANDHIDHAM,8,8,619.0,77.375
LACKNOW,2,2,617.0,308.5
PUNJAB GURDASPUR,2,2,615.52,307.76
TAMBARAM TALUK CHENNAI,1,1,615.0,615.0
S B MARG LOWER PAREL (W) MUMBAI,3,3,615.0,205.0
IVY ESTATE WAGHOLI PUNE,2,2,614.0,307.0
NEAR BLUE RIGDE SEZ PUNE,4,4,612.0,153.0
SRIPRUMBUDUR TK KANCHEEPURAM DIST,7,7,610.0,87.14285714285714
WAKAD PUNE,1,1,610.0,610.0
AUL,2,2,610.0,305.0
ULHASNAGAR W THANE,2,2,610.0,305.0
FAMILY CHURCH CHAKALA MUMBAI,1,1,609.52,609.52
CLEAR WATER,1,1,608.0,608.0
MANDAWA,2,2,608.0,304.0
RD BHAYANDAR (E) THANE,4,4,607.3,151.825
MURLIGANJ,1,1,606.9,606.9
THANE W THANE,1,1,606.9,606.9
SBI BANK KOLKATA,1,1,606.9,606.9
VINAYAGAR KOIL SALEM,1,1,606.9,606.9
PATNI,1,1,606.9,606.9
RANGAREEDI P AND T CLY RANGAREDDI,1,1,606.9,606.9
KOTDWARA PAURI GARHWAL,1,1,606.9,606.9
VARLADEVI MANDIR BHIWANDI,1,1,606.9,606.9
JAGANNATHPUR,15,15,605.0,40.333333333333336
H A L II STAGE BANGALORE,2,2,605.0,302.5
SONAPUR,1,1,604.9,604.9
PO DAKPATHAR DIST DEHRADUN DEHRADUN,1,1,604.5,604.5
BUNGLOW TELEPHONE EXCHANGE MUMBAI,1,1,604.12,604.12
AZITNAGAR,3,3,603.0,201.0
3RD STAGE BANGALORE,3,3,600.24,200.08
DISTT-AMRITSAR AMRITSAR,3,3,600.0,200.0
BOMMANAHALLI BEGUR HOBALI BANGALORE,1,1,600.0,600.0
"PARK, THANE W",1,1,600.0,600.0
ASHOK NAGAR BANGALORE,2,2,600.0,300.0
EDMONTON AB,1,1,600.0,600.0
NAINA DEVI,1,1,600.0,600.0
B/H SOMANI HOSPITAL JAIPUR,1,1,600.0,600.0
IMPERIA THANE WEST,1,1,600.0,600.0
NATIONAL BANK HYDERABAD,2,2,600.0,300.0
PAKARPUR,1,1,600.0,600.0
MARKET MUMBAI,2,2,600.0,300.0
ROADSHYDERABAD,2,2,600.0,300.0
PUNE CITY NIBM PUNE CITY PUNE,2,2,600.0,300.0
ROAD EMP ID P11246 BANGALORE,1,1,600.0,600.0
TANK MUMBAI,2,2,600.0,300.0
SEC-18 NOIDA,2,2,600.0,300.0
SANGELI,2,2,600.0,300.0
CHOPDA,1,1,600.0,600.0
J V HOSPITAL CHENNAI,1,1,599.48,599.48
MARKET CHENNAI,1,1,599.0,599.0
HARIPAD,1,1,599.0,599.0
BORAWAR,1,1,598.0,598.0
VASIND E,1,1,598.0,598.0
UDUPI MANIPAL,3,3,597.78,199.26
MOTA VARACHHA SURAT,1,1,597.74,597.74
OFF HOSUR ROAD BANGALORE,2,2,595.0,297.5
STATION MUMBRA THANE,1,1,595.0,595.0
MUMBAI GIRGAON MUMBAI,1,1,594.64,594.64
(EAST) DAHISAR MUMBAI,1,1,594.0,594.0
GURDASPUR GURDASPUR,2,2,593.0,296.5
RADHANPUR,6,6,593.0,98.83333333333333
ABUROAD SIROHI,1,1,593.0,593.0
CHUNABATTI E MUMBAI,3,3,593.0,197.66666666666666
TALAULIM,1,1,593.0,593.0
QUTUBULLAPUR,2,2,592.0,296.0
TEHSIL BHIVAPUR,7,7,591.45,84.49285714285715
THANE WEST WAGLE I E THANE,1,1,591.0,591.0
MALAKAPUR,2,2,591.0,295.5
DIST MOHALI,7,7,590.0,84.28571428571429
G R GAUR MUMBAI,1,1,590.0,590.0
CHHAPARA,4,4,589.7,147.425
PAVRIGARWAL,1,1,589.5,589.5
DARWANDO,4,4,589.1,147.275
BADGAM,3,3,588.0,196.0
SHOWROOM 150 FT RING ROAD RAJKOT,1,1,588.0,588.0
ANGAMALI,4,4,587.5799999999999,146.89499999999998
CAFE 1730 PUNE,4,4,585.6,146.4
FORTIS HOSPITAL BANDUP W MUMBAI,2,2,585.0,292.5
TK KANCHEEPURAM DIST,8,8,584.0,73.0
DONGARGAON,1,1,584.0,584.0
WEST MUMBAI WADALA MUMBAI,5,5,584.0,116.8
DHANBAD DIST,1,1,583.5,583.5
VASHI NAKA CHEMBUR FCI MUMBAI,1,1,582.81,582.81
GADWAL,3,3,581.5,193.83333333333334
COLLEGE KEMPAPURA HEBBAL BANGALORE,1,1,581.0,581.0
SURYA BHAWAN BHOPAL,1,1,580.0,580.0
CHINCHWAD  PUNE,2,2,580.0,290.0
OFFICE KHORDHA,2,2,580.0,290.0
VEREM,2,2,578.0,289.0
MUMBAI GOREGAON WEST,5,5,577.61,115.522
SIKANDRI SARAI BHOPAL,2,2,576.0,288.0
KUMBAKONAM,16,16,576.0,36.0
BANK CIVIL LINE NAGPUR,2,2,575.0,287.5
SAKINAKA NR GULSHAN HOTEL MUMBAI,1,1,575.0,575.0
BENAULIM SALCETE,2,2,570.0,285.0
24 PARGANS (S),12,12,570.0,47.5
DISTT UDHAM SINGH NAGAR RUDRAPUR,1,1,570.0,570.0
FLOOR ROOM NO 1 NAVI MUMBAI,1,1,570.0,570.0
MEHERPUR SILCHAR,1,1,570.0,570.0
KATHOLI,1,1,569.65,569.65
MADHYA PRADESH,1,1,567.0,567.0
VELAHANKA BANGALORE,1,1,566.0,566.0
ANKIESHWAR,3,3,565.75,188.58333333333334
THISUNG GUMPA MANGAN,1,1,564.0,564.0
STREET TEH HAVELI PUNE,7,7,563.76,80.53714285714285
MITHAKHALI ELLES BRIDGE AHMEDABAD,2,2,562.13,281.065
TELEPHONE EXCHANGE SION E MUMBAI,2,2,560.88,280.44
KHED RAJGURUNAGAR,1,1,560.48,560.48
WEST SO MUMBAI,1,1,560.0,560.0
KALYAN (WEST) THANE,1,1,559.25,559.25
MADIPAKKAM,2,2,559.0,279.5
THOTHUKUDI DIST,2,2,559.0,279.5
DAS HOSPITAL MUMBAI,2,2,555.0,277.5
(RLY) NAGPUR,8,8,555.0,69.375
ADITYAPUR,1,1,554.39,554.39
GOPALPURI TALUKA -ANJAR GANDHIDHAM,1,1,554.01,554.01
SAMSTIPUR DIST,5,5,553.0,110.6
OFFICE KALYAN WEST KALYAN,1,1,553.0,553.0
TEMPLE PRAKASAM,3,3,552.86,184.28666666666666
PCMC PIMPRI PUNE,4,4,551.0,137.75
BHADRA HANUMANGARH,1,1,550.0,550.0
KHARAR ROAD MOHALI MOHALI,1,1,550.0,550.0
KODAIKANAL,14,14,550.0,39.285714285714285
TUMKUR DISTRICT,1,1,550.0,550.0
CHATRA,6,6,550.0,91.66666666666667
POST YELAHANKA HOBLI BANGALORE,2,2,550.0,275.0
SUBURB 2ND STAGE BANGALORE,3,3,550.0,183.33333333333334
TALUKA-ANJAR  GANDHIDHAM,1,1,550.0,550.0
SARAHAN,1,1,550.0,550.0
COURIER BHIWANDI,2,2,550.0,275.0
COLA MUMBAI,1,1,550.0,550.0
GURGAOPN,2,2,550.0,275.0
NR SANT NIRANKARI  BHAVAN MUMBAI,1,1,550.0,550.0
THAKUR COMPLEX KANDIVALI(E) MUMBAI,3,3,549.7,183.23333333333335
SANDESAR,1,1,549.6,549.6
BONIYAR,2,2,549.0,274.5
NALLOSAPARA E THANE THANE,2,2,549.0,274.5
ISLAND MUNDRA,3,3,548.0,182.66666666666666
MASJID BUNDER (W) MUMBAI,1,1,548.0,548.0
RAYA SOUTH WEST DELHI NEW DELHI,1,1,547.0,547.0
NIRMAL NAGAR BANDRA (E) S O MUMBAI,1,1,545.0,545.0
BIDADA,5,5,544.0,108.8
LOWERPAREL W MUMBAI,1,1,542.0,542.0
VADAR PADA KANDIVALI EAST MUMBAI,1,1,540.0,540.0
STAGE NEAR VIJAYA BANK BANGALORE,1,1,540.0,540.0
KUKATPALLY HYDEABAD,1,1,540.0,540.0
AMBARNATH WEST,2,2,540.0,270.0
IIND STAGE BANGALORE,3,3,535.0,178.33333333333334
PAURIGARHWAL,2,2,535.0,267.5
TIRUMALAGIRI HYDERABAD,2,2,535.0,267.5
NAGAR ANDHERI (W) MUMBAI,1,1,533.0,533.0
RD AIROLI NAVIMUMBAI,2,2,531.0,265.5
OPP IIITCAMPUS HYDERABAD,2,2,531.0,265.5
ELAMBAL,2,2,530.0,265.0
KALNA,1,1,530.0,530.0
ADUGODI ADUGODI BANGALORE,3,3,530.0,176.66666666666666
PICHHORE,2,2,529.52,264.76
LEEDS,2,2,527.49,263.745
KANDIVLI W MUMBAI,1,1,526.97,526.97
T V M DT,4,4,526.08,131.52
TRICHY (DT),2,2,526.0,263.0
WARD NO 75 NAGPUR,1,1,524.0,524.0
GUJARAT PALANPUR,1,1,524.0,524.0
HOSHANGABAD PIPARIYA,1,1,522.0,522.0
UJHANI,3,3,522.0,174.0
MUDICHUR CHENNAI,1,1,520.0,520.0
CUTTAK,3,3,520.0,173.33333333333334
BUNGLOW ROAD BODAKDEV AHMEDABAD,5,5,520.0,104.0
CO OP HOU SOCIETY KURLA EAST MUMBAI,1,1,520.0,520.0
CIRCLE (CHOWK) VAPI,2,2,520.0,260.0
SUBHASH NAGAR II,1,1,520.0,520.0
ROADANDHERI WEST MUMBAI,2,2,520.0,260.0
JASWAN KOTLA,26,26,518.0,19.923076923076923
HILL ANTOP HILL MUMBAI MUMBAI,4,4,518.0,129.5
KORMANGALA 4TH BLOCK BANGALORE,2,2,517.6800000000001,258.84000000000003
SAGARESWAR,6,6,516.8,86.13333333333333
BHAYANDER (E) THANE,2,2,516.0,258.0
MARINE LINE E,1,1,515.48,515.48
HIRPURA,8,8,513.0,64.125
OPP SHREE RESIDENCY SURAT,2,2,513.0,256.5
MADHURANAGAR,2,2,512.9,256.45
KASHGANJ,2,2,510.2,255.1
SAUDI ARABIA SAUDI ARABIA,1,1,510.0,510.0
KADUR,1,1,510.0,510.0
CHOMU,1,1,510.0,510.0
BANSUR ALWAR,3,3,510.0,170.0
ZIRAKHPUR,1,1,510.0,510.0
KNOWLEDGE PARK III GREATER NOIDA,8,8,510.0,63.75
AMBAD NASHIK,1,1,509.0,509.0
PILLAR-335 NEW DELHI,1,1,508.63,508.63
KOLHATI MIDC WALUJ AURANGABAD,3,3,508.29999999999995,169.4333333333333
NAGAR KALYAN THANE,3,3,508.03999999999996,169.34666666666666
SULEMAN NAGAR,2,2,508.03,254.015
BEGU ROAD SIRSA,1,1,507.0,507.0
APTS BANGALORE,1,1,506.0,506.0
MALVANI MUMBAI,1,1,505.0,505.0
RAJAWADI MUMBAI,1,1,504.59,504.59
YELLADGUNDI,1,1,504.31,504.31
WELL SHAHWADI NAROL AHMEDABAD,1,1,504.3,504.3
PURVI,18,18,504.0,28.0
GANGNAPUR,1,1,504.0,504.0
MUNUGODE,2,2,502.96,251.48
PUMP OPP RAKESH TRA CO JODHPUR,5,5,502.0,100.4
BANGARUPALEM,1,1,502.0,502.0
DILSUKHNAGAR HYDERABAD,1,1,500.0,500.0
KUTTANAD,1,1,500.0,500.0
LLI OUTER RING RD BANGALORE,1,1,500.0,500.0
VASANTKUNJ NEW DELHI,1,1,500.0,500.0
RAJENDRA NAGAR HYDERABAD,1,1,500.0,500.0
STELLA VASAI THANE BASSEIN ROAD,1,1,500.0,500.0
JAGDALPUR,1,1,500.0,500.0
THRISSUR DISTRICT,1,1,500.0,500.0
VASANT KUNJ SOUTH WEST DELHI,1,1,500.0,500.0
CHANDAN HOSPITAL MUMBAI,1,1,500.0,500.0
PARK MUMBAI,1,1,500.0,500.0
RUDRAVARAM,4,4,500.0,125.0
1601203 BANGALORE,1,1,500.0,500.0
KUTCH GANDHIDHAM,1,1,500.0,500.0
BOOTHGARH,2,2,500.0,250.0
GREATER KAILASH I,1,1,500.0,500.0
CHANDAPURA BANGALORE,1,1,500.0,500.0
RAJKOT HIGHWAY AHMEDABAD,1,1,500.0,500.0
BARAMATI BARAMATI,1,1,500.0,500.0
NURPUR BEDI,2,2,500.0,250.0
CENTER BANGALORE,1,1,500.0,500.0
GREATOR NOIDA,1,1,500.0,500.0
VALPARAI,1,1,500.0,500.0
M N RD SECUNDERABAD,1,1,500.0,500.0
SANTACRUZ (EAST) MUMBAI,1,1,500.0,500.0
NEHRU GARDEN COLONY KAITHAL,1,1,500.0,500.0
POYIL,1,1,500.0,500.0
MANDIR SAMALKHA,1,1,500.0,500.0
RUDARPUR,1,1,500.0,500.0
NIDIGONDA,1,1,500.0,500.0
FRESH HYDERABAD,1,1,500.0,500.0
MIRA ROAD-E THANE,1,1,500.0,500.0
REVDER,1,1,500.0,500.0
UDEYPUR (RAJ),1,1,500.0,500.0
GHATKESAR K V RANGAREDDY,2,2,500.0,250.0
PONDA SOUTH,1,1,500.0,500.0
TAKIJ INDORE,1,1,500.0,500.0
T V MALAI DIST,1,1,500.0,500.0
VIL GURGAON 1 TEH GURGAON,1,1,500.0,500.0
DIVA E,1,1,500.0,500.0
BHUNNA,1,1,500.0,500.0
MOBARA,1,1,500.0,500.0
HOSPITAL SURATHKAL IDDYA SURATHKAL,1,1,500.0,500.0
SOUTH INDIA SHOPPING MALL HYDERABAD,1,1,500.0,500.0
"HANAMKONDA,WARANGAL",1,1,500.0,500.0
COLONY BAGDOLA SOUTH WEST DELHI,2,2,500.0,250.0
BANASHANKARI BANGALORE,4,4,500.0,125.0
KOLAR DIST,2,2,500.0,250.0
UNAKOTI,1,1,500.0,500.0
CONNAUGHT PLACE NEW DELHI,1,1,500.0,500.0
HARI NAGAR BUS STAND DELHI,1,1,500.0,500.0
GHATKOPAR W,1,1,500.0,500.0
GAYZING,1,1,500.0,500.0
SCHOOL STREET RAJAHMUNDRY,1,1,500.0,500.0
MAUR MANDI,1,1,500.0,500.0
(NEAR AUDI SHOWROOM) BANGALORE,2,2,499.45000000000005,249.72500000000002
PONDA TISCA,1,1,499.0,499.0
KOLAGHAT,1,1,499.0,499.0
WATERLOO,1,1,499.0,499.0
SAHIBJADA AJIT SINGH NAGAR MOHALI,2,2,499.0,249.5
PHULBANI,1,1,499.0,499.0
MUCHINTALA KRISHNA,1,1,499.0,499.0
MARGAO SOUTH,1,1,499.0,499.0
PRAKASHAM,1,1,498.0,498.0
EZHAMKULAM,2,2,497.0,248.5
MANPURA,1,1,497.0,497.0
DIST RATNAGIRI,2,2,496.0,248.0
OMALUR,4,4,496.0,124.0
TRIMURTY,2,2,495.0,247.5
THANE  VIRAR EAST,1,1,495.0,495.0
KUDAVOOR,1,1,495.0,495.0
PATNA SADAR PATNA,1,1,494.0,494.0
NIMAR,1,1,494.0,494.0
KOPAR KHAIRNE SO NAVIMUMBAI,2,2,492.0,246.0
DUNGRA,1,1,490.0,490.0
KANGAYAM TK,1,1,489.0,489.0
MANPURI,3,3,488.0,162.66666666666666
SANGAM VIHAR,5,5,487.0,97.4
ALER,2,2,486.53999999999996,243.26999999999998
DADRA AND NAGAR HAVELI,4,4,486.0,121.5
HILLSIDE VADDY SIOLIM SIOLIM,1,1,485.74,485.74
COLLEGE JALANDHAR,3,3,485.09,161.69666666666666
BIKRAMGANJ,7,7,485.0,69.28571428571429
VILLAGE MALAD (WEST) MUMBAI,4,4,481.0,120.25
RAJASTHAN,2,2,480.78999999999996,240.39499999999998
MALAD WEST-MUMBAI,3,3,480.52,160.17333333333332
WAZIRABAD GURGAON,1,1,480.0,480.0
DAMDAMA,2,2,480.0,240.0
VALLABH-VIDYA NAGAR,1,1,480.0,480.0
COLLAGE RAJKOT,1,1,480.0,480.0
THANE KOPRI EAST,2,2,480.0,240.0
ROAD EMP ID P11671 BANGALORE,1,1,480.0,480.0
BISHESHARGANJ,1,1,479.0,479.0
NAME EAST KHASI HILLS SHILLONG,9,9,478.0,53.111111111111114
KODOM,1,1,476.95,476.95
VASUNDRI MANDA KALYAN THANE,1,1,475.0,475.0
RUPBAS,7,7,474.0,67.71428571428571
DIST-KANGRA,4,4,472.0,118.0
EAST TAMBARAM,1,1,472.0,472.0
NEHRUNAGAR HYDERABAD,1,1,472.0,472.0
SAIPUR,1,1,471.9,471.9
DEORIA DISTRICT-DEORIA DEORIA,2,2,471.87,235.935
CHUVANNAMANNU,1,1,471.0,471.0
DEVALI,3,3,470.0,156.66666666666666
KONDHWA BUDRUK PUNE,2,2,470.0,235.0
ROMPICHERLA,2,2,470.0,235.0
KNOWLEDGE PARK-III GREATER NOIDA,4,4,470.0,117.5
UXBRIDGE,1,1,467.0,467.0
NR RANI KUTHI SOUTH 24 PARGANAS,6,6,467.0,77.83333333333333
VIHAR SOUTH DELHI,1,1,467.0,467.0
BRIDGE NEW DELHI,5,5,465.0,93.0
STAGE BANGALORE SOUTH BANGALORE,1,1,465.0,465.0
DIST PALGHAR BOISAR,1,1,464.0,464.0
DIST KANCHEEPURAM,2,2,464.0,232.0
SCHOOL LANE HYDERABAD,1,1,463.0,463.0
SANGHA CLUB NORTH 24 PARGANAS,1,1,462.0,462.0
MANDYA DT,1,1,461.27,461.27
SITHAURA,1,1,461.0,461.0
BANK ANDHERI (E) MUMBAI,1,1,460.0,460.0
CHORAO,1,1,460.0,460.0
CUPERTINO,1,1,460.0,460.0
WHITEFIELD MAIN ROAD BANGALORE,1,1,458.0,458.0
KADROLLI,2,2,457.0,228.5
P AND T COLONY (VM) VISAKHAPATNAM,1,1,455.0,455.0
BADALAPUR W,1,1,455.0,455.0
SLG DARJEELING,1,1,454.0,454.0
TRIUPPUR,7,7,454.0,64.85714285714286
MIRZA,7,7,453.0,64.71428571428571
DIST SENAPATI,1,1,450.0,450.0
HARI PETHE JWELLS THANE,1,1,450.0,450.0
KOTHRUD PUNE,5,5,450.0,90.0
PO JAJARDEWAL PITHORAGARH,1,1,450.0,450.0
NAGAPATTINAM (TK) (P),1,1,450.0,450.0
OPP TO VAISHNAVI THEATRE BANGALORE,1,1,449.77,449.77
DEHRARUN,2,2,449.0,224.5
TALEIGAO TISWADI,1,1,449.0,449.0
TAMAKARI SCHOOL WEST TRIPURA,1,1,448.0,448.0
MOZI SCHOOL TRIDHAL NAGAR PUNE,1,1,446.4,446.4
BHIWADI DIST ALWAR,2,2,445.0,222.5
DAYANATPUR,5,5,445.0,89.0
MOTILAL NAGAR GOREGAON WEST MUMBAI,6,6,443.5,73.91666666666667
PURNA VILL THANE BHIWANDI RD THANE,5,5,442.2,88.44
LANE EKSAR RD BORIVALI MUMBAI,4,4,442.0,110.5
SOSUR MAIN ROAD BANGALORE,2,2,440.0,220.0
NALAPPURAM,5,5,438.0,87.6
RAJENDRA NGR MANDAL RD-5 HYDERABAD,1,1,435.0,435.0
UDAYARPALAYAM,5,5,435.0,87.0
KURLA (EAST) MUMBAI,1,1,435.0,435.0
THOLICODE,1,1,435.0,435.0
SANAWAD,1,1,434.88,434.88
ARCH BANGALORE,1,1,434.0,434.0
BHOJ PUR,3,3,433.99,144.66333333333333
SHAHBAD (M),1,1,433.0,433.0
SAI MANDIR BHOPAL,1,1,431.19,431.19
RAILWAY STN MUMBAI MUMBAI MUMBAI,5,5,430.91,86.182
TALEGAUN DABHADE,3,3,430.0,143.33333333333334
SCHOOL LANE SECUNDERABAD,2,2,429.35,214.675
ANIKKADU,1,1,428.0,428.0
UPPALAPADU,1,1,428.0,428.0
VILLA BUNGLOWS ANAND,3,3,428.0,142.66666666666666
DEVELOPERS BHIWADI,3,3,426.0,142.0
KOLKATA PO GARIA,1,1,426.0,426.0
ICHAPUR,4,4,425.0,106.25
SANGUR,2,2,425.0,212.5
PUMP SURAT,2,2,423.0,211.5
MILLERGANJ,1,1,423.0,423.0
KALAYANI,7,7,421.0,60.142857142857146
KALABURAGI,3,3,421.0,140.33333333333334
BHAWAN NEW DELHI,2,2,421.0,210.5
MAHADEVAPURA BANGALORE,3,3,420.0,140.0
KORAMAGALA 1ST BLOCK BANGALORE,2,2,420.0,210.0
JAITARAN,1,1,420.0,420.0
DEPOT K V RANGAREDDY,2,2,418.12,209.06
EDAPPADI,9,9,418.0,46.44444444444444
KUBER NAGAR,2,2,417.0,208.5
ROAD CIRCLE ODHAV AHMEDABAD,1,1,417.0,417.0
ROAD (E) THANE,1,1,415.49,415.49
"STAGE INDIRANAGAR,BANGALORE",2,2,414.87,207.435
ANDRWARI,5,5,414.0,82.8
THAKURDWARA,2,2,413.0,206.5
MASHACHA PADA DIST -THANE,1,1,410.0,410.0
PATHARDI PHATA NASIK,3,3,410.0,136.66666666666666
(E) THANE SECTOR 3,1,1,410.0,410.0
TAORU/MEWAT,4,4,409.0,102.25
TO ELLO MARKET BANDRA W MUMBAI,2,2,409.0,204.5
PILKHI,1,1,405.0,405.0
NARAYANAPUR,2,2,405.0,202.5
DHATRI BAR AND RESTAURANT HYDERABAD,2,2,403.0,201.5
BHETESWAR,5,5,403.0,80.6
V.V.NAGAR,1,1,401.0,401.0
LAKE CITY MALL THANE WEST THANE,1,1,400.24,400.24
KHAMBHAT,2,2,400.0,200.0
SAHEED BHAGAT SINGH NAGAR,2,2,400.0,200.0
NAGAR GURGAON,1,1,400.0,400.0
MAHABIRSTHAN SILIGURI,2,2,400.0,200.0
AREA TAL KHED CHAKAN PUNE PUNE,2,2,400.0,200.0
BHAINDER EAST,1,1,400.0,400.0
FURSUNGI PHURSUNGI PUNE HAVELI,2,2,400.0,200.0
NASIRDA,1,1,400.0,400.0
1601360 BANGALORE,1,1,400.0,400.0
TIRUCHY,2,2,400.0,200.0
PARVAT PATIA SURAT,1,1,400.0,400.0
SAIDULJAB NEW DELHI,1,1,400.0,400.0
AMGRON,2,2,400.0,200.0
EAST KALYAN KATEMANIVALI THANE,2,2,400.0,200.0
OZAR,2,2,400.0,200.0
MOTHERSON COMPANY FARIDABAD,2,2,400.0,200.0
BSNL OFFICE WEST TRIPURA,1,1,400.0,400.0
UDUMBANCHOLA UDUMBANCHOLA,1,1,400.0,400.0
FUNCINEMA NEW DELHI,1,1,399.6,399.6
ROAD ANDHERI (EAST) MUMBAI,1,1,399.0,399.0
MAHABUBNGAR,1,1,398.78,398.78
NADAVAYAL,1,1,398.0,398.0
BEHALA COLLAGE KOLKATA,2,2,398.0,199.0
LOUTOLIM SALCETE,1,1,395.69,395.69
ROAD ELECTRONIC CITY PO BANGALORE,1,1,395.54,395.54
LUNAWADA,3,3,394.03999999999996,131.34666666666666
ROAD NAVI MUMBAI,1,1,393.0,393.0
MATUNGA MUMBAI,2,2,392.0,196.0
NAGO THANE,12,12,391.0,32.583333333333336
TOONGABBIE,1,1,390.0,390.0
BERAMPUR,1,1,390.0,390.0
NANI DAMAN DAMAN,12,12,389.0,32.416666666666664
PASSPORT OFFICE PUNE,1,1,388.29,388.29
COMISSIONER OFFICE MUMBAI,1,1,387.0,387.0
KUMBHARIYA ROAD MAGUB SURAT,1,1,386.96,386.96
ALWAR RAJ,1,1,386.0,386.0
EKHJAULI MADHUBANI,1,1,385.0,385.0
BUDDHA NAGAR,2,2,385.0,192.5
COLONY THANE EAST THANE,1,1,385.0,385.0
TAL-MORMUGAO,9,9,384.35,42.705555555555556
VAPHGAON,4,4,383.0,95.75
MUMBAI ANDHERI W,1,1,382.0,382.0
VIJAYARAI,6,6,382.0,63.666666666666664
CENTRAL BANK KASUMPTI SHIMLA,4,4,381.65,95.4125
BALOD,1,1,380.0,380.0
DHARAPURAH TK,1,1,380.0,380.0
"KONDHWA KHURD, PUNE",2,2,380.0,190.0
UDYOG VIHAR PH 1 GURGAON,1,1,380.0,380.0
RAHATNI PUNE,1,1,380.0,380.0
VIII (8) BHAYANDER EAST THANE,1,1,380.0,380.0
JODHPURIA 210 PO JODHPURIA SIRSA,3,3,380.0,126.66666666666667
MOHAMADPUR,1,1,377.9,377.9
SWEILEH,5,5,377.49,75.498
CHANDIGARH CHANDIGARH,2,2,376.84,188.42
BIHAEYND KANDE TABELA MUMBAI,2,2,376.0,188.0
NIRMAL,1,1,376.0,376.0
SAFEDPOOL ANDHERI E MUMBAI,1,1,375.0,375.0
COLOUR CITY BOISAR W,1,1,375.0,375.0
DISTT-REWARI,1,1,375.0,375.0
HARSAN,2,2,375.0,187.5
PHARMACY HYDERABAD,1,1,375.0,375.0
DISTT MEWAT,2,2,375.0,187.5
SASARAN ROHTAS,2,2,374.0,187.0
OSHIWARA ANDHERI WEST MUMBAI,1,1,372.0,372.0
KANCHGHAR JABALPUR JABALPUR,2,2,370.0,185.0
TODAMPARA,1,1,370.0,370.0
GADHINGLAJ,1,1,369.0,369.0
LALGUDI,1,1,368.0,368.0
RANGAREDDY LB NAGAR K V RANGAREDDY,2,2,366.65,183.325
BENGALURU DAKSHIN,1,1,366.0,366.0
MANER,2,2,364.0,182.0
VADAPURI,2,2,362.57,181.285
MAWANA (MEERUT),1,1,362.0,362.0
UTHIRAMERUR,3,3,361.92,120.64
HOME MUMBAI,5,5,360.0,72.0
TRIPURA TELIAMURA,1,1,360.0,360.0
CHIKKAMAGALUR,1,1,360.0,360.0
NAGAL CHOUDHARY,1,1,360.0,360.0
KANJIRAKODE,1,1,360.0,360.0
RLY STATION ELPHISTONE ROAD MUMBAI,1,1,360.0,360.0
NABHA DISTT  PATIALA,1,1,360.0,360.0
MEDINIPUR WEST,1,1,359.0,359.0
CHUNNABHATTI SIGNAL SION (E),1,1,358.0,358.0
SANTA KABEERNAGAR,13,13,358.0,27.53846153846154
CHAMRAJANAGAR,1,1,358.0,358.0
CHEENAI,1,1,357.0,357.0
SHAHDARI,5,5,357.0,71.4
THANE SANDUZBAUGH,1,1,357.0,357.0
111 BLOCK BANGALORE BANGALORE,2,2,356.8,178.4
WEST CHINCHBUNDER MUMBAI,6,6,355.0,59.166666666666664
DIST AMRITSAR AMRITSAR,1,1,355.0,355.0
MAHINDER GARH,1,1,355.0,355.0
EMP NO 61645 BANGALORE,2,2,354.0,177.0
DIST DARBHANGA,11,11,351.0,31.90909090909091
KANDESHWAR STATION NAVI MUMBAI,1,1,350.0,350.0
JUBILEE HILLS HYDERABAD,2,2,350.0,175.0
ADDA SONIPAT,2,2,350.0,175.0
BHIWADHI,1,1,350.0,350.0
SEEPZ ANDHERI (E) MUMBAI,1,1,350.0,350.0
SWAR,3,3,350.0,116.66666666666667
YENAMALAKUDURU VIJAYAWADA,1,1,350.0,350.0
OPP ALANKAR CINEMA MUMBAI,1,1,350.0,350.0
SILIGURI SILIGURI,1,1,350.0,350.0
HAILY HANDI,1,1,348.0,348.0
OPP KPHB KUKATPALLY HYDERABAD,2,2,347.0,173.5
BADAYOAYO,2,2,346.0,173.0
YADAVA STRT ATMAKURU NELLORE,2,2,346.0,173.0
JAINTA,8,8,346.0,43.25
PADA MUMBAI,2,2,345.0,172.5
TIRUCHIRAPPALLY,1,1,345.0,345.0
KUNDHA,1,1,345.0,345.0
BANARISI PAN BHANDAR MUMBAI,7,7,345.0,49.285714285714285
LINES K V RANGAREDDY,5,5,344.0,68.8
MUDPAR,1,1,344.0,344.0
PIMPALGAON (BASWANT),2,2,343.0,171.5
NADUVIL PANCHAYATH,1,1,341.0,341.0
NR EKTA POLICE STATION BHANDUP W,1,1,340.0,340.0
LINE MUNGER,9,9,340.0,37.77777777777778
OPPOSITE YES BANK DELHI,1,1,340.0,340.0
ROAD PUNAGAM SURAT,4,4,339.0,84.75
VILLUPURAM DIST,2,2,339.0,169.5
PALAKKAD (DT),1,1,338.0,338.0
SCHOOL GUWAHATI,1,1,338.0,338.0
BERHAMPORE,7,7,338.0,48.285714285714285
SUPAUL DARBHANGA,1,1,337.5,337.5
EVARADD NAGAR SION E MUMBAI,11,11,336.0,30.545454545454547
UNIVERSITY CHENNAI,1,1,335.0,335.0
SIGHWAL,7,7,332.0,47.42857142857143
LESRIWAL,1,1,331.69,331.69
KALYAN E MUMBAI,2,2,331.6,165.8
MONALI,1,1,331.0,331.0
EAST S O MUMBAI,7,7,330.0,47.142857142857146
KOPAR KHAIRANE NAVI MUMBAI,1,1,330.0,330.0
JALGON,1,1,330.0,330.0
HIGH SCHOOL AURANGABAD,1,1,330.0,330.0
TAURU TAORU MEWAT,1,1,329.0,329.0
BARDHAMAN AT GORAI MANSION ASANSOL,3,3,327.0,109.0
KARKUDALPATTI,6,6,327.0,54.5
VANIYAMBADI CIRLLE,6,6,327.0,54.5
MUMBAI B/H BEAUMONDE TOWER MUMBAI,2,2,325.0,162.5
SURAT B/H PATEL SAMAJ VADI SURAT,1,1,325.0,325.0
MAHARASHTRA NAGAR MUMBAI,3,3,325.0,108.33333333333333
KARJAN,1,1,322.7,322.7
HATIARA PURBACHAL HOU SOC KOLKATA,1,1,321.0,321.0
NAVGHAR VASAI E,3,3,320.0,106.66666666666667
RLY STATION CHENNAI,1,1,320.0,320.0
NR VIVEKANANDTHA COLG CHENNAI,1,1,320.0,320.0
PAMOL,1,1,320.0,320.0
KANDIWALI EAST,1,1,320.0,320.0
GODAVARI WEST,2,2,320.0,160.0
POR,6,6,319.0,53.166666666666664
VELPUR,1,1,318.0,318.0
VASANT VIHAR DELHI,1,1,317.0,317.0
CHUNABHATTI (E) MUMBAI,1,1,317.0,317.0
SEVA SADAN ROAD GHATKOPAR W MUMBAI,1,1,314.0,314.0
ROAD CHEMBUR MUMBAI,3,3,314.0,104.66666666666667
HATHRAS M M NAGAR,3,3,314.0,104.66666666666667
BADAUN BADAUN,1,1,313.0,313.0
NR PRIYADARSHNI BLDG MUMBAI,2,2,312.0,156.0
TANJAVORE,1,1,311.0,311.0
GHATKOPAR EAST MUMBAI,3,3,311.0,103.66666666666667
DEFENCE COLONY NEW DELHI,3,3,310.0,103.33333333333333
PIMPLE GURAV PUNE,1,1,310.0,310.0
BHIMRANA,1,1,310.0,310.0
SUPER MARKET UPPAL HYDERABAD,2,2,310.0,155.0
CHEMBUR FCI MUMABI,1,1,310.0,310.0
PERIYAR NAOTER,1,1,309.18,309.18
BELGAVI,2,2,309.0,154.5
BYCULLA MUMABI (MUMBAI CENTRAL),1,1,309.0,309.0
COURIER OFFICE BANGALORE,1,1,309.0,309.0
SURYAPETNALGONDA(DIST),3,3,307.17,102.39
K V RANGARDDEY,4,4,307.0,76.75
PAPUMPARE,4,4,306.75,76.6875
OSHIWARA ANDHERI(W) MUMBAI,1,1,306.36,306.36
GANDHI NAGAR NASHIK,1,1,306.21,306.21
JAGATPUR,5,5,306.0,61.2
UTTARSANDA,1,1,305.0,305.0
BEHIND BALAJI ANDHERI (W)MUMBAI,1,1,305.0,305.0
BANOUR,3,3,305.0,101.66666666666667
B/H TOTAL CAR MALL NAVI MUMBAI,1,1,304.97,304.97
KOLAR-DIST,1,1,304.0,304.0
KALEWADI BRANCH PUNE,2,2,301.0,150.5
PALDA INDORE,1,1,300.0,300.0
NEAR PASSPORT OFFICE PUNE,1,1,300.0,300.0
PUNJAB NAVI MUMBAI,1,1,300.0,300.0
RD SANPADA NAVI MUMBAI,1,1,300.0,300.0
2ND FLOOR HYDERABAD,1,1,300.0,300.0
KANGEYAM,1,1,300.0,300.0
PETROL PUMP KOLKATA,1,1,300.0,300.0
GALLERY BORIVALI (W) MUMBAI,1,1,300.0,300.0
NEAR DURGA CHAWK NEW DELHI,1,1,300.0,300.0
HALLI BANGALORE,2,2,300.0,150.0
NAIGAON DADAR MUMBAI MUMBAI,1,1,300.0,300.0
SAANTACRUZ,1,1,300.0,300.0
KAKNPUR,6,6,300.0,50.0
HAL 2ND STAGE INDIRANAGAR BANGALORE,1,1,300.0,300.0
FLOOR PUNE,2,2,300.0,150.0
KANKROLI RAJSAMAND,1,1,300.0,300.0
MARYS SCHOOL BANGALORE,1,1,300.0,300.0
PETROL PUMP SURAT,1,1,300.0,300.0
BHAWN CHHINDWARA,2,2,300.0,150.0
BANK LANE MUMBAI,6,6,300.0,50.0
SHOWROOM) ELECTRONIC BANGALORE,5,5,300.0,60.0
BHALUHI,2,2,300.0,150.0
PARK MIRA BHAYANDER ROAD THANE,1,1,300.0,300.0
CHURCH DADAR MUMBAI MUMBAI,1,1,300.0,300.0
MONTESORRI BENGALURU,1,1,300.0,300.0
ROAD MANIPAL UDUPI UDUPI,3,3,300.0,100.0
ULHASNAGAR ULHASNAGAR,2,2,300.0,150.0
INDIRA NAGAR BANGALORE,1,1,300.0,300.0
ROAD MUMBAI MUMBAI,1,1,300.0,300.0
DARGA THANE WEST,1,1,300.0,300.0
KUMARANELLOOR,1,1,300.0,300.0
UTTARA HALLI LAKE BEHIND BANGALORE,1,1,300.0,300.0
BELKHADU JABALPUR,2,2,300.0,150.0
SPAZE GURGAON,1,1,300.0,300.0
DT-UDHAM SINGH NGR RUDRAPUR,1,1,300.0,300.0
KANAYANNUR,1,1,300.0,300.0
VASCO DA GAMA SOUTH,1,1,300.0,300.0
BAURIPADA,1,1,300.0,300.0
PIRAVOM,1,1,299.2,299.2
VERSOWA MUMBAI ANDHERI (W),1,1,299.0,299.0
WORK PIMPRI PUNE,2,2,299.0,149.5
PAJIFOND MARGAO,1,1,298.25,298.25
SHAHIBABAD,1,1,298.0,298.0
AMBEGAON BK,1,1,298.0,298.0
RAIBARELI,3,3,298.0,99.33333333333333
VERTICA AHMEDABAD,1,1,297.0,297.0
THRICKODITHANAM,6,6,296.99,49.498333333333335
VAISHALI NAGAR RANGAREDDI,1,1,296.0,296.0
YANBU AL BAHAR,1,1,296.0,296.0
CHIKBALLAPUR,1,1,295.0,295.0
BADLAPUR KULGAON AMBARNATH THANE,1,1,295.0,295.0
ANDHRI E MUMBAI,1,1,295.0,295.0
MALL MALAD W MUMBAI,1,1,295.0,295.0
CHANDOR SOUTH,2,2,294.0,147.0
THIRSSUR,1,1,294.0,294.0
BALBADDA,1,1,293.92,293.92
SALEM DISTRICT,2,2,293.0,146.5
BADAGARA,1,1,293.0,293.0
PHAPHUNO,1,1,293.0,293.0
WAGLE L E THANE,5,5,292.18,58.436
TANAKPUR CHAMPAWAT,1,1,289.0,289.0
BESIDE AXIS BANK HYDERABAD,2,2,289.0,144.5
MALLAPUR,4,4,287.0,71.75
KOTPUTLI,5,5,285.0,57.0
ZAMEEN PALLAVARAM,7,7,284.0,40.57142857142857
MUSICAL STORES HYDERABAD,1,1,283.88,283.88
DIST JAUNPUR,1,1,281.0,281.0
PERUMALLAPALLI,1,1,280.0,280.0
CHEMMUMIAPET,1,1,280.0,280.0
KHUTWAD NGR NASHIK,1,1,280.0,280.0
RADHAMADHAV PATHIA SILCHAR,4,4,278.0,69.5
RIVERSIDE,1,1,278.0,278.0
SRIPERUMBUDUR TALUK KANCHIPURAM DT,1,1,277.0,277.0
PANVEL HIGHWAY MUMBAI,1,1,276.0,276.0
PANANGAD,1,1,276.0,276.0
VARDHAMAN NAGAR NAGPUR,2,2,275.3,137.65
THE DANGS,1,1,275.0,275.0
THANJAVUR (DT),2,2,274.0,137.0
SUPERMARKET HYDERABAD,1,1,273.2,273.2
BHAWANIGARH,1,1,273.0,273.0
NO 2 WAGLE I E THANE,1,1,272.0,272.0
RANGAREDDY DIST HYDERABAD,3,3,271.57,90.52333333333333
TUTIKURIN,1,1,271.0,271.0
KARVE RD ERANDWANE PUNE,1,1,270.0,270.0
TIGHARA,6,6,270.0,45.0
SOUTH COIMBATORE,1,1,270.0,270.0
ASKAGANJAM,1,1,270.0,270.0
MANDA KALYAN THANE,1,1,270.0,270.0
KAMALI,2,2,269.13,134.565
CINEMA HALL ASANSOL,4,4,269.0,67.25
OFF NO 26 27 AND 28 PAUD ROAD PUNE,2,2,269.0,134.5
PAZHAVARICKAL,1,1,268.31,268.31
SALEMPUR,1,1,268.0,268.0
KUPPAM KILVAYATHINANKUPPAM VELLORE,1,1,267.0,267.0
GRTR MUM CORP TALUKA MUMBAI,1,1,265.0,265.0
ANDAL,1,1,263.0,263.0
DHOVI GHAAT ITARSI,1,1,261.0,261.0
HOBLI HOSA ROAD BANGALORE,1,1,260.0,260.0
TELEPHONE EXCHANGE SION-E MUMBAI,1,1,260.0,260.0
"ASHOK NAGAR,MADHYA PRADESH",1,1,260.0,260.0
KHERI FARIDABAD,1,1,260.0,260.0
PHARMACY THANE WEST THANE,1,1,260.0,260.0
CHITRAKOOT MARG JAIPUR,1,1,260.0,260.0
PARK CHURCH RD COIMBATORE,2,2,260.0,130.0
MADHUGORA,1,1,260.0,260.0
GHAMBHAT,4,4,259.0,64.75
STUDIO ANDHERI WEST MUMBAI MUMBAI,2,2,258.0,129.0
AHAMEDNAGAR,2,2,258.0,129.0
ADALAJ,3,3,258.0,86.0
MAHATMA GANDHI STATUE HYDERABAD,5,5,257.0,51.4
SARDHANA,4,4,255.98000000000002,63.995000000000005
ROAD EMP ID P10514 BANGALORE,1,1,255.0,255.0
WEST KALYAN THANE,1,1,255.0,255.0
KHUSKHERA BHIWADI ALWAR RD ALWAR,1,1,253.0,253.0
SONPETH,1,1,253.0,253.0
AMBERNATH W,1,1,253.0,253.0
KUCHAMAN CITY,1,1,252.0,252.0
STATION CHENNAI,1,1,252.0,252.0
KAKKANADU ERNAKULAM,2,2,251.21,125.605
INDL ESTATE NR BUSSTOP COIMBATORE,1,1,251.0,251.0
OPP CHALLA HOSPITAL HYDERABAD,5,5,250.0,50.0
CHARKOP KANDIVALI (W) MUMBAI,1,1,250.0,250.0
OMAN,1,1,250.0,250.0
ATMAKUR,1,1,250.0,250.0
SHIVAJI NGR PUNE,1,1,250.0,250.0
CLARKSBURG M MD,1,1,250.0,250.0
NANGLOI NEW DELHI,1,1,250.0,250.0
ERNAKULAM KOCHI,4,4,250.0,62.5
PANJIM NORTH GOA,5,5,250.0,50.0
METRO MALL DELHI,1,1,250.0,250.0
NILUPPURAM,1,1,250.0,250.0
RESTAURANT HYDERABAD,1,1,250.0,250.0
CURCHOREM SOUTTH GOA,1,1,250.0,250.0
CR OFFICE BANGALORE,1,1,250.0,250.0
UDHAM SINGHNAGAR,1,1,250.0,250.0
KAMAN HYDERABAD,1,1,249.75,249.75
WAGLE ESTATE THANE WEST THANE,1,1,249.28,249.28
ARMULA,1,1,249.0,249.0
SHIMOGA  DIST,1,1,249.0,249.0
MOHAN HOTEL LUCKNOW,1,1,249.0,249.0
MAZAGAON-MUMBAI,1,1,249.0,249.0
NAKHATRANA,1,1,248.0,248.0
KENDRAPARA KENDRAPARA,1,1,248.0,248.0
BENGAL DURGAPUR,2,2,246.9,123.45
BANGARAPET KOLAR,1,1,246.0,246.0
PUTPUTIA,1,1,244.0,244.0
VASUNDHARA GZB,1,1,241.55,241.55
PRAKASAM DISTT,1,1,240.79,240.79
LAKHTAR,1,1,240.4,240.4
BEAVERTON,1,1,240.0,240.0
GORWA ROAD VADODARA,2,2,240.0,120.0
SHAHBAD M,1,1,240.0,240.0
ROAD KATARGAM SURAT,1,1,240.0,240.0
SANYUKTA NAGAR NALLASOPARA EAST,1,1,240.0,240.0
BLDG PRABHADEVI MUMBAI,1,1,240.0,240.0
OJHAR MIG,2,2,240.0,120.0
KARANJIA,1,1,238.0,238.0
VELIYANAD,4,4,236.0,59.0
SIVAKASI-TK,1,1,235.44,235.44
SWAMYROAD RSPURAM COIMBATORE,1,1,235.0,235.0
GHIKARA,1,1,235.0,235.0
JETALSAR,1,1,235.0,235.0
LALAGUDA SECUNDERABAD HYDERABAD,2,2,235.0,117.5
KANHA RESTURANT JAIPUR,2,2,234.0,117.0
PALA,1,1,234.0,234.0
FATIMA NAGAR PUNE,6,6,233.5,38.916666666666664
UPPER BAZAR RANCHI,6,6,233.0,38.833333333333336
BASDEHRA,3,3,233.0,77.66666666666667
RAI SONEPAT,1,1,232.0,232.0
MALLAPURAM DT,3,3,232.0,77.33333333333333
MUMBAI SUBURBAN DIST (MH) MUMBAI,3,3,232.0,77.33333333333333
NASIK ROAD NASIK,1,1,231.06,231.06
VANUR TK,4,4,230.0,57.5
NR SARADA MATH NORTH 24 PARGANAS,1,1,230.0,230.0
YORK,1,1,230.0,230.0
LOWER PAREL ( WEST ) MUMBAI,1,1,230.0,230.0
CITY CENTRE 2 NORTH 24 PARGANAS,2,2,229.0,114.5
KALLAKURICHI,1,1,228.4,228.4
THAKURLI,1,1,227.0,227.0
IRRUNGATTUKOTTAI IRRUNGATTUKUTTAI,1,1,226.0,226.0
HANUMAN JUNCTION,1,1,225.0,225.0
PUMP CHAKALA ANDHERI EAST MUMBAI,1,1,225.0,225.0
ULUNDURPETTAI,1,1,225.0,225.0
IRAGAVARAM,5,5,225.0,45.0
SAI GANGA NAGAR,1,1,225.0,225.0
SONATIKARI,1,1,224.0,224.0
SRIKAKUKLAM DT,5,5,224.0,44.8
KHAMAM,1,1,222.38,222.38
NARIYANGANAM P O,2,2,222.0,111.0
SONEPUR,1,1,221.89,221.89
APT NR SAVE BAZAR BANGALORE,1,1,220.5,220.5
RD AMROLI NR GAUTAM TRADING SURAT,1,1,220.0,220.0
GHAIZABAD,2,2,220.0,110.0
KOTHAPUR,1,1,220.0,220.0
GAUTTAM BUDDA NAGAR,1,1,220.0,220.0
MAGARPATTA RD HADAPSAR PUNE,1,1,220.0,220.0
GANESH TEMPLE MUMBAI,1,1,220.0,220.0
PUTHUKKAD,5,5,220.0,44.0
CHALAKKUDI,1,1,220.0,220.0
TANIYA TOWN THA THANE,1,1,220.0,220.0
SCHOOL WEST TRIPURA,1,1,218.5,218.5
RAJARHAT KOLKATA,1,1,218.0,218.0
NETIVALI KALYAN (E) THANE,2,2,216.0,108.0
FACTORY ANDHERI-E MUMBAI,2,2,215.0,107.5
ALORE,4,4,215.0,53.75
BASAVESHWAR NAGAR BANGALORE,1,1,215.0,215.0
MISSISSAUGA,1,1,213.0,213.0
THANE WAGLE IE THANE,2,2,210.0,105.0
VIKHROLI MUMBAI,4,4,210.0,52.5
SERVICE MUMBAI,1,1,210.0,210.0
PAKHADI KANDIVALI WEST MUMBAI,1,1,210.0,210.0
CENTRAL  DELHI NEW DELHI,1,1,210.0,210.0
DIST BHOPAL,1,1,210.0,210.0
SAHIB STREET BANGALORE,2,2,209.0,104.5
DISTT-PUNE PUNE,5,5,209.0,41.8
DEPOT BORIVALI EAST MUMBAI,1,1,209.0,209.0
LADNUN,2,2,207.0,103.5
SCHOOL DOMBIVALI EAST,1,1,207.0,207.0
NEEMTAL,2,2,206.0,103.0
AMRUTHA BAKERY BANGALORE,1,1,206.0,206.0
SWEET JUNCTION NASHIK,1,1,205.33,205.33
SALODARIYA,2,2,205.0,102.5
BAROTHA,1,1,203.45,203.45
MUMBAI CTY,7,7,203.0,29.0
SENAI,1,1,202.0,202.0
THANJAUR,3,3,201.72,67.24
THIRUVANMIYUR CHENNAI,1,1,201.0,201.0
"SAFEDPOOL ANDHERI-E, MUMBAI",1,1,200.0,200.0
NILOKHERI,1,1,200.0,200.0
G P O AHMEDABAD,1,1,200.0,200.0
THANI,1,1,200.0,200.0
YANBU-41912,1,1,200.0,200.0
GREATER MUMBAI MCOPRP MUMBAI,2,2,200.0,100.0
STORE NEEM KA THANA,1,1,200.0,200.0
CINEMA PUR NEW DELHI,1,1,200.0,200.0
JAWALAMUKHI,1,1,200.0,200.0
PEDAGANTYADA BHPV VISAKHAPATNAM,1,1,200.0,200.0
LAL HOSPITAL NEW DELHI,1,1,200.0,200.0
SHIBPUR HOWRAH,1,1,200.0,200.0
THANE- EAST,1,1,200.0,200.0
MASJID MAAKHIWALA CMPD AHMEDABAD,1,1,200.0,200.0
OFFICE INDRAYANINAGAR PUNE,1,1,200.0,200.0
LANE GANDHI NGR BORING RD PATNA,1,1,200.0,200.0
PH III GURGAON,1,1,200.0,200.0
KHANDAVALLI WEST GODAVARI,1,1,200.0,200.0
MAYILDUTHURAI NAGAI DIST,1,1,200.0,200.0
CHUNCHURA HOOGHLY,1,1,200.0,200.0
MOTA KAPRA,1,1,200.0,200.0
THANE (W) JEKEIRAM,1,1,200.0,200.0
KHURD NASHIK,1,1,200.0,200.0
"BANDRA EAST, MUMBAI",2,2,200.0,100.0
UDALA,1,1,200.0,200.0
MUNIRKA,1,1,200.0,200.0
PUDUSSERY,2,2,200.0,100.0
BRANCH KONDAPUR HYDERABAD,1,1,200.0,200.0
GARDEN COIMBATORE,1,1,200.0,200.0
SEATTLE,1,1,200.0,200.0
CHINGLEPUT,1,1,200.0,200.0
GAVIOPURAM EXTENSION BANGALORE,2,2,200.0,100.0
HIMACHAL PRADESH BILASPUR,1,1,200.0,200.0
BALODA,1,1,200.0,200.0
DEVAS,1,1,200.0,200.0
VYARA,1,1,200.0,200.0
PUNE MUMBAI HIGHWAY PUNE,1,1,200.0,200.0
STATION WOC RD RAJAJINGR BANGALORE,2,2,200.0,100.0
R R DISTRICT,1,1,200.0,200.0
ABHIJATRI CLUB KHARAGPUR,1,1,200.0,200.0
CHANDRAPURNAGAR NO 01 RAMNAGAR,1,1,200.0,200.0
PUTHUR,1,1,200.0,200.0
HADAPASAR MOHAMADWADI PUNE,2,2,200.0,100.0
NALAGONDA,2,2,200.0,100.0
RAJASTHAN JHALAWAR,1,1,200.0,200.0
RUDRAPUR DISTT U S N RUDRAPUR,1,1,200.0,200.0
EKANGARSARAI,2,2,200.0,100.0
CBD-BELAPUR,2,2,200.0,100.0
DIST AURANGABAD,1,1,200.0,200.0
UMRETH,1,1,200.0,200.0
1601967 BANGALORE,2,2,200.0,100.0
(W) S V RD MUMBAI,1,1,200.0,200.0
VILLOONNI,1,1,199.0,199.0
HUSKUR CIRCEL BANGALORE,1,1,199.0,199.0
KYOTO,1,1,199.0,199.0
GOKARN,1,1,199.0,199.0
RAIGANJ,2,2,199.0,99.5
THALAPPALLY,1,1,199.0,199.0
BANURI PALAMPUR,3,3,198.0,66.0
KADOD KALAN,1,1,198.0,198.0
JAMATKHANA BHUJ,1,1,198.0,198.0
SHIRGAON BADLAPUR,1,1,197.0,197.0
BHAVANI GEMS SURAT,1,1,197.0,197.0
OFFICE SION KOLIWADA MUMBAI,1,1,196.0,196.0
GANGOLIHAT,3,3,195.0,65.0
TAPIDARSHAN SOC NANAVARACHHA SURAT,1,1,193.7,193.7
SABARKANTHA MEGHRAJ,1,1,193.0,193.0
VIJAYAWADA RURAL,3,3,190.2,63.4
PEEDAL,1,1,190.0,190.0
KAMALPUR,1,1,190.0,190.0
NEAR BALAJI TEMPLE NAVI MUMBAI,1,1,190.0,190.0
KANDIVLI WEST MUMBAI,6,6,190.0,31.666666666666668
NAVANARODA AHMEDABAD,1,1,190.0,190.0
NXT TO APNA BAZAAR MUMBAI,1,1,189.5,189.5
GOHNA,2,2,189.0,94.5
BAPULAPADU,2,2,188.0,94.0
GOREGAON E AREY MILK COLONY MUMBAI,3,3,187.0,62.333333333333336
TIRUPPUR DIST,1,1,185.0,185.0
POST OFFICE ZIRAKPUR,1,1,183.0,183.0
GOAL MAIDAN ULHASNAGAR,1,1,180.0,180.0
MAKARPURA BARODA,2,2,180.0,90.0
NEELAMANGALAM,1,1,179.0,179.0
TIRUCHENDUR TALUK,6,6,179.0,29.833333333333332
MAO,2,2,178.0,89.0
PANCHLULA,1,1,178.0,178.0
BHAYANDER W,1,1,178.0,178.0
BAGDAH,2,2,176.0,88.0
NANDIA,1,1,175.51,175.51
SUAR,4,4,175.0,43.75
MALAD  W MUMBAI,1,1,175.0,175.0
MAJARI,1,1,175.0,175.0
SRIPERUMBUDUR TALUK KANCHIPURAM,1,1,175.0,175.0
PAPE JEANS PATNA,2,2,170.0,85.0
OFF SRINAGAR POLICE STATION THANE,5,5,170.0,34.0
NR DELL OFFICE HYDERABAD,1,1,170.0,170.0
NEAR DELHI DARBAR HOTEL MUMBAI,4,4,170.0,42.5
KALAMBOLI NAVI MUMBAI,1,1,170.0,170.0
THOOTHOKUDI,1,1,170.0,170.0
NOUGAWAN,1,1,169.0,169.0
SANDRA HOSUR ROAD BANGALORE,6,6,166.0,27.666666666666668
JEWELLERS VASHI NAVI MUMBAI,3,3,166.0,55.333333333333336
ARCHID BANGALORE,4,4,166.0,41.5
STOP VASHINAKA CHEMBUR MUMBAI,1,1,165.0,165.0
BUS STOP HYDERABAD,7,7,163.8,23.400000000000002
RATNMANI SURAT,1,1,161.0,161.0
KHARAGPUR(M),2,2,160.0,80.0
NARSAPUR,2,2,160.0,80.0
OPP TO KRISHNA TEMPLE BANGALORE,3,3,160.0,53.333333333333336
AMBERNATH  E THANE,1,1,160.0,160.0
SCHOOL CHAKALA ANDHERI E MUMBAI,15,15,160.0,10.666666666666666
IQBALGADH,1,1,159.0,159.0
NEAR OM SAI APPARTMENT GURGAON,3,3,159.0,53.0
NEAR KALYANI BANGLOW PUNE,2,2,158.0,79.0
TRITOL,3,3,157.0,52.333333333333336
HALL GHAZIABAD,1,1,156.0,156.0
COACH BUS STOP MUMBAI,1,1,155.0,155.0
BACKSIDE LANE HYDERABAD,2,2,154.13,77.065
ERUMATHALA,1,1,151.79,151.79
NR CHHAYA PUBLIC SCHOOL GHAZIABAD,1,1,151.0,151.0
KUZHIMATTOM,1,1,150.41,150.41
NAKA VADODARA,1,1,150.0,150.0
BHARMOUR,2,2,150.0,75.0
MEDCHAL,1,1,150.0,150.0
WANKANER,1,1,150.0,150.0
COMPLEX HYDERABAD,3,3,150.0,50.0
MAHARASHTRA CHIPLUN,1,1,150.0,150.0
AFZALGARH,1,1,150.0,150.0
LINGASUGUR HQ,1,1,150.0,150.0
ROAD EMP ID P11217 BANGALORE,1,1,150.0,150.0
HASANPUR,1,1,150.0,150.0
DODDATHAGUR BANGLORE,2,2,150.0,75.0
CIRCLE GANDHINAGAR,3,3,150.0,50.0
STOP KOLKATA,1,1,150.0,150.0
UMKDAIT,1,1,150.0,150.0
WEST MIDNAPORE KHARAGPUR,2,2,150.0,75.0
BRIDGE KHARADI PUNE,1,1,150.0,150.0
PARK LALBAUG MUMBAI,2,2,150.0,75.0
BARUARI,3,3,150.0,50.0
WADACHINWADI ROAD PUNE,1,1,150.0,150.0
KUNDA PRATAPGARH,3,3,150.0,50.0
TAL BHIWANDI,1,1,149.0,149.0
FINOLEX CABLES WORK PIMPRI PUNE,2,2,147.9,73.95
KODIGHALII RLY STN BANGLORE,1,1,147.0,147.0
GIDDALUR PRAKASAM DISTIC,4,4,147.0,36.75
RANGAREDDY DISTRICT,3,3,147.0,49.0
CENTRAL MALL BANGALORE,1,1,144.0,144.0
MARYGANJ,3,3,144.0,48.0
SONAPUKUR,7,7,143.0,20.428571428571427
SHIVSHAHI PRAKALP MUMBAI,1,1,141.0,141.0
BADALAPUR W THANE,1,1,141.0,141.0
THIRVVANNAMALAI,2,2,140.0,70.0
DANGWALGAON JAKHOLI RUDRAPRAYAG,3,3,140.0,46.666666666666664
DIST-LAKHIMPUR,1,1,140.0,140.0
RAKASHWADI,1,1,140.0,140.0
STATION COLABA MUMBAI,1,1,140.0,140.0
NANDURABAR,1,1,139.0,139.0
PALLADAM,2,2,138.0,69.0
KAMBARASAPURAM,1,1,138.0,138.0
PO BOX 33060 DUBAI DUBAI,1,1,133.36,133.36
AMBUR TK VLR DT,5,5,133.0,26.6
THANE BHIWANDI,1,1,130.0,130.0
SOUTH EAST DELHI,3,3,130.0,43.333333333333336
KANDIWALI  MUMBAI,1,1,130.0,130.0
SEPAHIJALA,2,2,130.0,65.0
MANDIR JM ROAD PUNE,1,1,130.0,130.0
COLONY VASHINAKA CHEMBUR MUMBAI,2,2,130.0,65.0
KHANUSA,1,1,130.0,130.0
GANDHI NAGR,1,1,129.52,129.52
VADTAL,1,1,129.2,129.2
HYEDERABAD,1,1,128.0,128.0
PONNERI TK,2,2,126.08,63.04
HOTEL ASHWIN MUMBAI,1,1,124.42,124.42
S K AHIRE MARG WORLI MUMBAI,1,1,123.0,123.0
NEW TAIPEI CITY,2,2,121.22,60.61
BUKSAR,5,5,121.0,24.2
BHIMTAL,2,2,121.0,60.5
MADURAI DISTRICT,1,1,120.0,120.0
OFFICE HUGLI,2,2,120.0,60.0
ARCH TIRUPATI,2,2,120.0,60.0
VIRUDHUNAGAR (TK),1,1,120.0,120.0
DELISLE ROAD DELISLE RD MUMBAI,2,2,120.0,60.0
AGONDA,1,1,119.8,119.8
PERIYARAMAPURAM,3,3,119.78,39.92666666666667
FEDERAL BANK HYDERABAD,7,7,119.15,17.021428571428572
ROAD HADAPSAR PUNE,2,2,119.0,59.5
SAHEBGANJ,1,1,118.0,118.0
KPM DT,2,2,118.0,59.0
KICHHA UDHAM SINGH NAGAR,3,3,118.0,39.333333333333336
VILE PARLE E MUMBAI,1,1,117.0,117.0
BADWANI,2,2,117.0,58.5
THANE MUMBRA THANE,4,4,117.0,29.25
STATION THANE,2,2,115.08,57.54
ARIYALUR (DT),1,1,115.0,115.0
NORTH DELHI DELHI,3,3,114.0,38.0
BAER GREATER NOIDA,1,1,113.0,113.0
TIRUCHANOOR,2,2,112.8,56.4
NAGAR KATRAJ PUNE,4,4,112.0,28.0
SELU,4,4,112.0,28.0
MADURAI DIST,1,1,112.0,112.0
SUDPUR,2,2,112.0,56.0
BELAPUR ROAD NAVI MUMBAI,1,1,112.0,112.0
ROAD MAHALAXMI MUMBAI,1,1,112.0,112.0
SHAMIKPET HYDERABAD,1,1,110.0,110.0
THOTTHUKUDI,1,1,110.0,110.0
PREMISES KALYANI NAGAR PUNE,1,1,110.0,110.0
RAMASWAMY FUNCTION HALL HYDERABAD,1,1,110.0,110.0
1601530 BANGALORE,2,2,110.0,55.0
KALYANPUR LUCKNOW,1,1,110.0,110.0
THANE OPP GRAMPANCHAYAT TARAPUR,1,1,110.0,110.0
HYDERNAGAR KUKATPALLY HYDERABAD,2,2,110.0,55.0
NEAR LALAPET FLYOVER SECUNDERABAD,1,1,110.0,110.0
AKSHAR CMPL SURAT,1,1,109.8,109.8
BHEEM NAGAR,2,2,109.0,54.5
QUIRLAPALE,3,3,108.0,36.0
NEAR BHIWADI ALWAR,2,2,106.0,53.0
NAGPUR NAGAPUR,2,2,104.0,52.0
HINJEWADI PHASE 3,1,1,104.0,104.0
DODDABALLAPURA,1,1,102.05,102.05
SAMLETI,1,1,101.5,101.5
HAJO,1,1,101.15,101.15
BUST STOP MIDC RD ANDHERI(E) MUMBAI,1,1,101.15,101.15
JUNNAR,1,1,101.15,101.15
RAIGARH RAIGARH,3,3,101.0,33.666666666666664
EDOGAWA KU,1,1,100.86,100.86
MANDAL MUMBAI,1,1,100.86,100.86
RD THANE,1,1,100.37,100.37
YARD PUNE PUNE,2,2,100.0,50.0
YASHASHRI HOSPITAL PUNE,1,1,100.0,100.0
KUSUNDA,1,1,100.0,100.0
SECTOR BANGALORE,1,1,100.0,100.0
KHURD TAL MULSHI  PUNE,1,1,100.0,100.0
ROAD NEAR NANGLOI NEW DELHI,1,1,100.0,100.0
D C KALYAN THANE,4,4,100.0,25.0
BHARATI AGARTALA,1,1,100.0,100.0
KADAVUR,1,1,100.0,100.0
OPP BUDH VIHAR DELHI,1,1,100.0,100.0
SHOP BAGHPAT,1,1,100.0,100.0
KOCHI 12,1,1,100.0,100.0
ULHASNAGAR-3 ULHASNAGAR,1,1,100.0,100.0
KHERANI ROAD ANDHERI (EAST) MUMBAI,1,1,100.0,100.0
HANDLOOM AHMEDABAD,4,4,100.0,25.0
BANK GWALIOR,1,1,100.0,100.0
HANAMANTKHEDSIM,1,1,100.0,100.0
VIJAYA NGR OPP WATER TANK BANGALORE,1,1,100.0,100.0
VIJAY NAGAR,1,1,100.0,100.0
PASWADA GHAZIABAD,1,1,100.0,100.0
NEAR MURLI SOMOSE WALA NEW DELHI,1,1,100.0,100.0
ANDHERI EAST SAKINAKA MUMBAI,1,1,100.0,100.0
DARADP ROAD MUMBAI,1,1,100.0,100.0
ANDHERI EAST SURATAHMADABAD TRNSPT,1,1,100.0,100.0
JAIPUR 13,1,1,100.0,100.0
BEAKERY BANGALORE,1,1,100.0,100.0
MARY SCHOOL MIRAROAD (E) THANE,1,1,100.0,100.0
HOSUR TALUK,1,1,100.0,100.0
THIRUVULLORE,1,1,100.0,100.0
BISSAR,1,1,100.0,100.0
AMLI SILVASSA,1,1,100.0,100.0
AMRITASAR,4,4,100.0,25.0
PRABHANI,1,1,100.0,100.0
BOMBAY CINEMA WEST MINDAPORE,2,2,100.0,50.0
RAILWAY STN NAVI MUMBAI,2,2,100.0,50.0
WEST MOTILAL NAGAR MUMBAI MUMBAI,1,1,100.0,100.0
BADLAPUR (W),1,1,100.0,100.0
NEW YORK,1,1,99.21,99.21
CHARKOP KANDIVALIWEST MUMBAI,1,1,98.97,98.97
VIVEKANANDA BANGALORE,1,1,98.38,98.38
P O AND DIST BURDWAN,2,2,98.0,49.0
PLAZA NAVI MUMBAI,1,1,98.0,98.0
QTR ALIMUDDIN KOLKATA,1,1,98.0,98.0
ASPUR,1,1,97.0,97.0
"WHITEFIELD, BANGALORE",1,1,96.0,96.0
OFFICER MUMBAI,2,2,96.0,48.0
NEEMKATHANA,1,1,95.0,95.0
CUDDALOURE(DT),5,5,92.0,18.4
NALLASOPARA WEST,2,2,91.0,45.5
RWG RD BANGALORE,3,3,90.0,30.0
PHASE-III GURGAON,1,1,90.0,90.0
PATNA PATNA CITY PATNA,1,1,90.0,90.0
LIKABALI,1,1,90.0,90.0
SAGOOR,5,5,90.0,18.0
INSTITUTE BURDWAN,1,1,90.0,90.0
CHAMPARAM,2,2,90.0,45.0
BARPETA,1,1,89.0,89.0
KHURDA BHUBANESWAR,1,1,88.0,88.0
CSM NAGAR,2,2,88.0,44.0
III BLOCK BANGALORE,1,1,88.0,88.0
PARK BANGALORE,1,1,82.5,82.5
KARVE ROAD THANE,4,4,80.0,20.0
DHARVHERA REWARI,1,1,80.0,80.0
PANCHAYAT OFFICE RANGAREDDI,2,2,80.0,40.0
PARBAT,1,1,80.0,80.0
COMMUNITY HALL SURAT,3,3,80.0,26.666666666666668
MUNICIPAL HOWRAH,2,2,80.0,40.0
RABURURA,1,1,80.0,80.0
SOUTH TWENTY FOUR PARAGANAS,1,1,80.0,80.0
POST OFFICE MUMBAI,2,2,80.0,40.0
PHASE BANGLORE,2,2,80.0,40.0
HAMPSHIRE,1,1,79.5,79.5
SIKANDRA,2,2,79.0,39.5
AHILYABAI HOLKAR RD MUMBAI,2,2,79.0,39.5
ARPORA CHAPEL ARPORA,1,1,79.0,79.0
BLOCK JAKKASANDRA BANGALORE,1,1,78.0,78.0
GHINGHARTOLA TEH BAGESHWAR DIST,2,2,78.0,39.0
NO 2 SUBHASH NAGAR THANE THANE,1,1,77.0,77.0
BAREGARH,1,1,76.0,76.0
NORTH CAROLINA,1,1,75.46,75.46
FOCAL POINT LUDHIANA,1,1,75.0,75.0
FARWANIYA,3,3,75.0,25.0
MARRIEGE HOUSE GORAKHPUR,6,6,74.88,12.479999999999999
INDIAN BANK BANGALORE,2,2,74.0,37.0
DABHAN,1,1,72.5,72.5
JABALPUR JABALPUR,2,2,72.0,36.0
PASHCHIM CHAMPARAN,1,1,71.0,71.0
BANDRA (W) MUMBAI,3,3,71.0,23.666666666666668
COLVALE BARDEZ,1,1,70.0,70.0
GROUND KOLKATA,3,3,70.0,23.333333333333332
WEST WING MARISOFT IT PARK PUNE,1,1,70.0,70.0
MARG MUMBAI ANDHERI E,1,1,70.0,70.0
VAJEDA,1,1,70.0,70.0
LBS MARG THANE,3,3,70.0,23.333333333333332
SOHNA,2,2,70.0,35.0
BHATNI,2,2,70.0,35.0
KHARAL,2,2,70.0,35.0
PANAJI - GOA,2,2,70.0,35.0
VELOOR,1,1,68.0,68.0
MANDSAVR,1,1,67.64,67.64
AUBURN,1,1,67.0,67.0
FOURTH TANK KOLKATA,1,1,66.47,66.47
SINGHANA,1,1,66.0,66.0
DUKIRKLINE PUNE,1,1,65.0,65.0
KALOOR POST KOCHI,4,4,62.0,15.5
DHURI SANGRUR,3,3,61.8,20.599999999999998
HIGH SCHOOL THANE,1,1,61.43,61.43
6TH STAGE BTM LAYOUT BANGALORE,2,2,61.0,30.5
COMPLEX KALYAN WEST THANE,1,1,60.0,60.0
TIRUNELVELI DIST,1,1,60.0,60.0
P O PANVEL RAIGARH,2,2,60.0,30.0
DIST VALSAD,1,1,60.0,60.0
RAJSAMAND RAJSAMAND,1,1,60.0,60.0
COLLEGE GUNTUR,1,1,60.0,60.0
KORAJJUR CHENNAI,1,1,60.0,60.0
NATIONAL BANK BURDWAN,2,2,60.0,30.0
MUMBAI THANE NAVI MUMBAI,1,1,60.0,60.0
BAKSAR,1,1,60.0,60.0
LORETO COLLEGE DARJEELING,1,1,59.0,59.0
THRIUVALLUR,1,1,59.0,59.0
PARLE EAST BAMANWADA MUMBAI,1,1,57.88,57.88
TIRUNELVLI,1,1,57.05,57.05
HIRAPURA,1,1,56.0,56.0
ROAD WAKAD PUNE PUNE,8,8,54.5,6.8125
NEHRU HOSPITAL BERASIA ROAD BHOPAL,2,2,54.0,27.0
KHARAUNDHA,1,1,54.0,54.0
HATKANANGLE,1,1,52.0,52.0
GOREGAON EAST,4,4,51.0,12.75
SELAI,2,2,51.0,25.5
GUHAGAR,1,1,50.0,50.0
NAGAR GOREGAON (EAST) MUMBAI,1,1,50.0,50.0
DENAP,1,1,50.0,50.0
MAJORDA,2,2,50.0,25.0
KHARODI KHARODI MUMBAI MUMBAI,1,1,50.0,50.0
GANDHIDHAM-KUTCH,1,1,50.0,50.0
INDRI,1,1,50.0,50.0
AMBAK,1,1,50.0,50.0
MATIHA,1,1,50.0,50.0
THANE AMBERNATH,1,1,50.0,50.0
THAN MAHALUNGE INGALE PUNE,1,1,50.0,50.0
WEST THANE THANE,1,1,50.0,50.0
CHANGNACHERRY,2,2,50.0,25.0
BOISAR WEST,1,1,50.0,50.0
TEMPLE BHUBANESWAR,1,1,50.0,50.0
PRAKASAM DISTRICT,1,1,50.0,50.0
BELAN GANJ AGRA,1,1,50.0,50.0
NR E AND D OFFICE KARIMGANJ,2,2,50.0,25.0
NR HOOGHLY RIVER KOLKATA,2,2,50.0,25.0
MUMBAI ANTOPHILL,1,1,50.0,50.0
AJWA ROAD BARODA,1,1,50.0,50.0
KACHCHH BHUJ,1,1,50.0,50.0
LABOUR CHOWK DELHI,1,1,50.0,50.0
GUPTA PATHOLOGY ALLAHABAD,1,1,50.0,50.0
BALLABHGARH,1,1,50.0,50.0
BIKANER EAST,1,1,50.0,50.0
SELANGOR,2,2,50.0,25.0
PAPANASAM THANJAVUR,1,1,50.0,50.0
WHITEFIELD ROAD BANGALORE,2,2,50.0,25.0
GORAUL,1,1,50.0,50.0
UMARGAM,1,1,50.0,50.0
KUSHMANDI,1,1,50.0,50.0
B NO 3 KALYANI NAGAR PUNE,3,3,50.0,16.666666666666668
NAOPARA,2,2,50.0,25.0
SAHIBGANJ,1,1,50.0,50.0
SCHOOL BHIWANDI,1,1,49.0,49.0
DARRANG,4,4,48.0,12.0
CENTER DUBAI,1,1,46.54,46.54
KALYAN EAST THANE,2,2,44.0,22.0
SHAH RESIDENCY GANGTOK,4,4,43.36,10.84
PO ADITYAPUR 1,1,1,43.0,43.0
WEST MEDINIPUR,3,3,43.0,14.333333333333334
KATARGAM  SURAT,5,5,42.800000000000004,8.56
BUXI BAZAR CUTTACK,1,1,42.0,42.0
SAS NAGAR(MOHALI),1,1,42.0,42.0
JAGDISHPUR,1,1,41.0,41.0
THANABHAWAN,1,1,40.0,40.0
PO DHANBAD DHANBAD,1,1,40.0,40.0
THEATER VADGAONSHERI PUNE,2,2,40.0,20.0
VISWANEEDAM BANGALORE NORTH,1,1,40.0,40.0
SOUTHWEST DELHI,1,1,40.0,40.0
HATHIN,1,1,40.0,40.0
NR BNS CLUB PUR SURAH HOOGHLY,1,1,37.0,37.0
CHEMBIKULAM,1,1,37.0,37.0
KALACHOWKI MUMBAI MUMBAI,1,1,36.0,36.0
MATHERAN RD NAVI MUMBAI,1,1,35.0,35.0
KORIA,4,4,34.32,8.58
ZELEM,2,2,33.9,16.95
PARNER,1,1,33.0,33.0
ROAD GREATER NOIDA,3,3,32.0,10.666666666666666
SKIEN,2,2,31.24,15.62
AJITGARH,1,1,31.0,31.0
KHAR STATION KHAR (W) MUMBAI,1,1,31.0,31.0
1601944 BANGALORE,1,1,30.0,30.0
KHARSWAN JAMSHEDPUR,2,2,30.0,15.0
MUMBAI SUB,1,1,30.0,30.0
TIRUVANAMALAI,1,1,30.0,30.0
ARRAH,1,1,30.0,30.0
JOGESHWARI (EAST) MUMBAI,1,1,30.0,30.0
TASGAON,3,3,30.0,10.0
AFZLAPUR,1,1,30.0,30.0
MEERTU,1,1,28.76,28.76
CHINTAMANI,4,4,27.0,6.75
COLONY GORAKHPUR,1,1,27.0,27.0
SRIPERUMBVDUR,1,1,27.0,27.0
GAHAMAR,1,1,26.0,26.0
ATELI,1,1,25.2,25.2
MORDABAD,1,1,25.0,25.0
QUAKERS HILL,1,1,25.0,25.0
RAJIPUR,1,1,25.0,25.0
JUNCTION CHENNAI,1,1,25.0,25.0
BANGALOE,1,1,25.0,25.0
COLVALE,1,1,25.0,25.0
PANDRI RAIPUR,1,1,25.0,25.0
HAUZ RANI,1,1,25.0,25.0
VISAKHAPATNAM (URBAN),1,1,25.0,25.0
OFF CUBBON ROAD BANGALORE,1,1,25.0,25.0
MANNHEIM,1,1,25.0,25.0
JANNUSAN,1,1,25.0,25.0
VILE PARLE MUMBAI,1,1,25.0,25.0
CHSL NEAR D MART THANE W,1,1,25.0,25.0
MANDIR SURAT,1,1,25.0,25.0
SHILLONGGPO E KHASI HILLS SHILLONG,1,1,25.0,25.0
RD MUMBAI,1,1,25.0,25.0
DEHI,1,1,25.0,25.0
CHEYYAR,1,1,20.0,20.0
TARDEO MUMBAI CENTRAL MUMBAI,1,1,20.0,20.0
BUS DEPOT BORIVALI E MUMBAI,1,1,20.0,20.0
RT NAGAR BANGALORE,2,2,20.0,10.0
DADARI,1,1,20.0,20.0
GARHSHANKER,1,1,20.0,20.0
24 PARGANAS SOUTH 24 PARGANAS,1,1,20.0,20.0
DONGRI MUMBAI,1,1,20.0,20.0
KURKIHAR,1,1,20.0,20.0
DIGHA THANE MUMBAI,1,1,18.0,18.0
GANGARDI,2,2,17.98,8.99
MIDC ANDHERI EAST MUMBAI,1,1,17.0,17.0
ASPATAL ASHOK NAGAR MORADABAD,17,17,17.0,1.0
RANGAREDDY RANGAREDDY,1,1,17.0,17.0
NR CANTABILL SHOWROOM SONIPAT,16,16,16.0,1.0
JUFFAIR,1,1,16.0,16.0
MIRAROAD EAST,9,9,15.059999999999999,1.6733333333333331
BAGARAPET KOLAR,1,1,15.0,15.0
POPHALI,1,1,15.0,15.0
BANGALOR,1,1,15.0,15.0
SHAHAPUR,1,1,14.0,14.0
AL KHOBAR 31952,1,1,13.26,13.26
NEAR BHAKTINAGAR THANA SILIGURI,1,1,11.78,11.78
HARIYAS DRIM PARK MIRA RD E THANE,1,1,10.1,10.1
CIVIL HOSPITAL PAONTA SAHIB,1,1,10.0,10.0
HANUMAN TEMPLE RD HYDERABAD,1,1,10.0,10.0
JARADA,1,1,10.0,10.0
AIROLI THANE DIGHA NAVI MUMBAI,1,1,10.0,10.0
EXCHANGE PS ROAD RANGAREDDY,1,1,10.0,10.0
ALWAR BHIWADI,1,1,10.0,10.0
DOMBIVALI E TILAKNAGAR THANE,1,1,10.0,10.0
KHOWAI,1,1,10.0,10.0
MANDIR HALL NAVI MUMBAI,1,1,10.0,10.0
EAST TEH THANE THANE,1,1,10.0,10.0
MALWAN,1,1,10.0,10.0
CHINMAYA BANGALORE,1,1,10.0,10.0
INDUSTRIAL AREA RABALE NAVI MUMBAI,1,1,10.0,10.0
NAGAR CROSS ROAD SURAT SURAT,1,1,10.0,10.0
HOTEL PUNE,1,1,10.0,10.0
ROAD EMP P11314 BANGALORE,1,1,9.0,9.0
CHACHAK,7,7,7.0,1.0
SRIPERUMBUDUR TALUK KANCHEEPURAM,1,1,6.0,6.0
DHANTURIA,3,3,5.699999999999999,1.8999999999999997
TEH BALACHAUR,2,2,5.609999999999999,2.8049999999999997
HANUMAN TEMPLE JAJPUR,1,1,5.0,5.0
COLONY MOTI MAHAL DELUX PATNA,1,1,5.0,5.0
GULMANDI ROAD AURANGABAD,2,2,4.5,2.25
CHAURAHA KANPUR,2,2,4.0,2.0
VILLAGE SAKINAKA MUMBAI,4,4,4.0,1.0
BHOSARI PUNE,2,2,4.0,2.0
ALMOND HOUSE HYDERABAD,1,1,3.5,3.5
BABU STATUE CHENNAI,3,3,3.0,1.0
VARACHHA ROAD SURAT,1,1,2.96,2.96
GURU VILL BUNGALOWS ANAND,2,2,2.0,1.0
ANANTAPUR DIST,2,2,2.0,1.0
NALASOPARA W PALGHAR,2,2,2.0,1.0
MARATHAHALLI SOUTH BANGALORE SOUTH,2,2,2.0,1.0
CITY SEMBATTU AIRPORT TRICHY,1,1,2.0,2.0
JAMBUSAR,2,2,2.0,1.0
CHURACH ANDPUR,2,2,2.0,1.0
PAYAGPUR,1,1,1.56,1.56
YEOLA DIST NASIK,1,1,1.0,1.0
RAJASAMAND,1,1,1.0,1.0
ASSOCIATES SALEM,1,1,1.0,1.0
I BARDDHAMAN,1,1,1.0,1.0
KHARAGPUR RLY STN KHARAGPUR,1,1,1.0,1.0
ZAHIRABAD,1,1,1.0,1.0
STORE ROHTAK,1,1,1.0,1.0
RAOTA,1,1,1.0,1.0
JIAGANJ,1,1,1.0,1.0
ULHASNAGAR 3,1,1,1.0,1.0
PUNE PISOLI,1,1,1.0,1.0
CHAPRELI,1,1,1.0,1.0
NEGARA,1,1,0.74,0.74
NORTH SYDNEY,1,1,0.0,0.0
GUJARAT UDWADA,1,1,0.0,0.0
KARUR DI,1,1,0.0,0.0
OPP FORTUNE TOWER HYDERABAD,1,1,0.0,0.0
